mode: atomic
github.com/e2eterraformprovider/terraform-provider-e2e/e2e/config/config.go:36.46,38.2 1 0
github.com/e2eterraformprovider/terraform-provider-e2e/e2e/config/config.go:42.65,44.2 1 0
github.com/e2eterraformprovider/terraform-provider-e2e/e2e/config/config.go:50.89,52.26 1 0
github.com/e2eterraformprovider/terraform-provider-e2e/e2e/config/config.go:52.26,54.3 1 0
github.com/e2eterraformprovider/terraform-provider-e2e/e2e/config/config.go:56.2,59.93 2 0
github.com/e2eterraformprovider/terraform-provider-e2e/e2e/config/config.go:59.93,61.3 1 0
github.com/e2eterraformprovider/terraform-provider-e2e/e2e/config/config.go:64.2,64.24 1 0
github.com/e2eterraformprovider/terraform-provider-e2e/e2e/config/config.go:64.24,71.3 2 0
github.com/e2eterraformprovider/terraform-provider-e2e/e2e/config/config.go:74.2,78.31 3 0
github.com/e2eterraformprovider/terraform-provider-e2e/e2e/config/config.go:78.31,80.3 1 0
github.com/e2eterraformprovider/terraform-provider-e2e/e2e/config/config.go:83.2,83.75 1 0
github.com/e2eterraformprovider/terraform-provider-e2e/e2e/config/config.go:88.72,101.46 2 0
github.com/e2eterraformprovider/terraform-provider-e2e/e2e/config/config.go:101.46,103.3 1 0
github.com/e2eterraformprovider/terraform-provider-e2e/e2e/config/config.go:105.2,105.17 1 0
github.com/e2eterraformprovider/terraform-provider-e2e/e2e/config/config.go:110.42,114.93 2 0
github.com/e2eterraformprovider/terraform-provider-e2e/e2e/config/config.go:114.93,116.3 1 0
github.com/e2eterraformprovider/terraform-provider-e2e/e2e/config/config.go:119.2,119.24 1 0
github.com/e2eterraformprovider/terraform-provider-e2e/e2e/config/config.go:119.24,126.3 2 0
github.com/e2eterraformprovider/terraform-provider-e2e/e2e/config/config.go:129.2,133.31 3 0
github.com/e2eterraformprovider/terraform-provider-e2e/e2e/config/config.go:133.31,135.3 1 0
github.com/e2eterraformprovider/terraform-provider-e2e/e2e/config/config.go:140.2,141.21 2 0
github.com/e2eterraformprovider/terraform-provider-e2e/e2e/config/config.go:141.21,143.3 1 0
github.com/e2eterraformprovider/terraform-provider-e2e/e2e/config/config.go:144.2,145.18 2 0
github.com/e2eterraformprovider/terraform-provider-e2e/e2e/config/config.go:145.18,147.3 1 0
github.com/e2eterraformprovider/terraform-provider-e2e/e2e/config/config.go:149.2,150.16 2 0
github.com/e2eterraformprovider/terraform-provider-e2e/e2e/config/config.go:150.16,152.3 1 0
github.com/e2eterraformprovider/terraform-provider-e2e/e2e/config/config.go:159.2,164.12 3 0
github.com/e2eterraformprovider/terraform-provider-e2e/e2e/config/config.go:177.66,179.36 1 0
github.com/e2eterraformprovider/terraform-provider-e2e/e2e/config/config.go:179.36,181.3 1 0
github.com/e2eterraformprovider/terraform-provider-e2e/e2e/config/config.go:184.2,184.38 1 0
github.com/e2eterraformprovider/terraform-provider-e2e/e2e/config/config.go:184.38,187.3 2 0
github.com/e2eterraformprovider/terraform-provider-e2e/e2e/config/config.go:191.2,191.74 1 0
github.com/e2eterraformprovider/terraform-provider-e2e/e2e/config/config.go:211.77,213.36 1 0
github.com/e2eterraformprovider/terraform-provider-e2e/e2e/config/config.go:213.36,215.3 1 0
github.com/e2eterraformprovider/terraform-provider-e2e/e2e/config/config.go:216.2,216.38 1 0
github.com/e2eterraformprovider/terraform-provider-e2e/e2e/config/config.go:216.38,219.3 2 0
github.com/e2eterraformprovider/terraform-provider-e2e/e2e/config/config.go:222.2,222.27 1 0
github.com/e2eterraformprovider/terraform-provider-e2e/e2e/config/config.go:222.27,224.3 1 0
github.com/e2eterraformprovider/terraform-provider-e2e/e2e/config/config.go:226.2,226.173 1 0
github.com/e2eterraformprovider/terraform-provider-e2e/e2e/config/config.go:243.80,244.40 1 0
github.com/e2eterraformprovider/terraform-provider-e2e/e2e/config/config.go:244.40,246.3 1 0
github.com/e2eterraformprovider/terraform-provider-e2e/e2e/config/config.go:248.2,248.30 1 0
github.com/e2eterraformprovider/terraform-provider-e2e/e2e/config/config.go:248.30,250.3 1 0
github.com/e2eterraformprovider/terraform-provider-e2e/e2e/config/config.go:252.2,252.178 1 0
github.com/e2eterraformprovider/terraform-provider-e2e/e2e/config/schema_helpers.go:15.57,22.2 1 1
github.com/e2eterraformprovider/terraform-provider-e2e/e2e/config/schema_helpers.go:28.59,36.2 1 1
github.com/e2eterraformprovider/terraform-provider-e2e/e2e/config/schema_helpers.go:42.68,49.2 1 1
github.com/e2eterraformprovider/terraform-provider-e2e/e2e/config/schema_helpers.go:56.68,63.2 1 1
github.com/e2eterraformprovider/terraform-provider-e2e/e2e/config/schema_helpers.go:81.40,84.32 3 0
github.com/e2eterraformprovider/terraform-provider-e2e/e2e/config/schema_helpers.go:84.32,85.35 1 0
github.com/e2eterraformprovider/terraform-provider-e2e/e2e/config/schema_helpers.go:85.35,86.17 1 0
github.com/e2eterraformprovider/terraform-provider-e2e/e2e/config/schema_helpers.go:86.17,88.5 1 0
github.com/e2eterraformprovider/terraform-provider-e2e/e2e/config/schema_helpers.go:89.4,89.17 1 0
github.com/e2eterraformprovider/terraform-provider-e2e/e2e/config/schema_helpers.go:92.2,92.14 1 0
github.com/e2eterraformprovider/terraform-provider-e2e/e2e/config/schema_helpers.go:97.69,127.2 1 0
github.com/e2eterraformprovider/terraform-provider-e2e/e2e/config/schema_helpers.go:131.68,164.2 1 0
github.com/e2eterraformprovider/terraform-provider-e2e/e2e/config/schema_helpers.go:168.69,191.2 1 0
github.com/e2eterraformprovider/terraform-provider-e2e/e2e/autoscaling/datasource_autoscaling.go:14.47,100.2 1 7
github.com/e2eterraformprovider/terraform-provider-e2e/e2e/autoscaling/datasource_autoscaling.go:102.109,110.16 5 6
github.com/e2eterraformprovider/terraform-provider-e2e/e2e/autoscaling/datasource_autoscaling.go:110.16,112.3 1 1
github.com/e2eterraformprovider/terraform-provider-e2e/e2e/autoscaling/datasource_autoscaling.go:115.2,116.16 2 5
github.com/e2eterraformprovider/terraform-provider-e2e/e2e/autoscaling/datasource_autoscaling.go:116.16,118.3 1 1
github.com/e2eterraformprovider/terraform-provider-e2e/e2e/autoscaling/datasource_autoscaling.go:121.2,122.16 2 4
github.com/e2eterraformprovider/terraform-provider-e2e/e2e/autoscaling/datasource_autoscaling.go:122.16,124.3 1 0
github.com/e2eterraformprovider/terraform-provider-e2e/e2e/autoscaling/datasource_autoscaling.go:127.2,128.16 2 4
github.com/e2eterraformprovider/terraform-provider-e2e/e2e/autoscaling/datasource_autoscaling.go:128.16,130.3 1 1
github.com/e2eterraformprovider/terraform-provider-e2e/e2e/autoscaling/datasource_autoscaling.go:132.2,132.18 1 3
github.com/e2eterraformprovider/terraform-provider-e2e/e2e/autoscaling/datasource_autoscaling.go:132.18,134.3 1 1
github.com/e2eterraformprovider/terraform-provider-e2e/e2e/autoscaling/datasource_autoscaling.go:136.2,185.14 14 2
github.com/e2eterraformprovider/terraform-provider-e2e/e2e/autoscaling/helpers.go:20.59,21.35 1 5
github.com/e2eterraformprovider/terraform-provider-e2e/e2e/autoscaling/helpers.go:21.35,23.3 1 2
github.com/e2eterraformprovider/terraform-provider-e2e/e2e/autoscaling/helpers.go:24.2,24.43 1 3
github.com/e2eterraformprovider/terraform-provider-e2e/e2e/autoscaling/helpers.go:24.43,26.3 1 1
github.com/e2eterraformprovider/terraform-provider-e2e/e2e/autoscaling/helpers.go:28.2,28.56 1 2
github.com/e2eterraformprovider/terraform-provider-e2e/e2e/autoscaling/helpers.go:32.45,33.38 1 0
github.com/e2eterraformprovider/terraform-provider-e2e/e2e/autoscaling/helpers.go:33.38,35.3 1 0
github.com/e2eterraformprovider/terraform-provider-e2e/e2e/autoscaling/helpers.go:36.2,36.52 1 0
github.com/e2eterraformprovider/terraform-provider-e2e/e2e/autoscaling/helpers.go:36.52,38.3 1 0
github.com/e2eterraformprovider/terraform-provider-e2e/e2e/autoscaling/helpers.go:39.2,39.10 1 0
github.com/e2eterraformprovider/terraform-provider-e2e/e2e/autoscaling/helpers.go:43.45,44.38 1 0
github.com/e2eterraformprovider/terraform-provider-e2e/e2e/autoscaling/helpers.go:44.38,46.3 1 0
github.com/e2eterraformprovider/terraform-provider-e2e/e2e/autoscaling/helpers.go:47.2,47.52 1 0
github.com/e2eterraformprovider/terraform-provider-e2e/e2e/autoscaling/helpers.go:47.52,49.3 1 0
github.com/e2eterraformprovider/terraform-provider-e2e/e2e/autoscaling/helpers.go:50.2,50.10 1 0
github.com/e2eterraformprovider/terraform-provider-e2e/e2e/autoscaling/helpers.go:54.53,55.46 1 0
github.com/e2eterraformprovider/terraform-provider-e2e/e2e/autoscaling/helpers.go:55.46,57.3 1 0
github.com/e2eterraformprovider/terraform-provider-e2e/e2e/autoscaling/helpers.go:58.2,58.51 1 0
github.com/e2eterraformprovider/terraform-provider-e2e/e2e/autoscaling/helpers.go:58.51,60.3 1 0
github.com/e2eterraformprovider/terraform-provider-e2e/e2e/autoscaling/helpers.go:61.2,61.10 1 0
github.com/e2eterraformprovider/terraform-provider-e2e/e2e/autoscaling/helpers.go:65.47,66.36 1 0
github.com/e2eterraformprovider/terraform-provider-e2e/e2e/autoscaling/helpers.go:66.36,68.3 1 0
github.com/e2eterraformprovider/terraform-provider-e2e/e2e/autoscaling/helpers.go:69.2,69.46 1 0
github.com/e2eterraformprovider/terraform-provider-e2e/e2e/autoscaling/helpers.go:69.46,71.3 1 0
github.com/e2eterraformprovider/terraform-provider-e2e/e2e/autoscaling/helpers.go:72.2,72.11 1 0
github.com/e2eterraformprovider/terraform-provider-e2e/e2e/autoscaling/helpers.go:76.55,77.47 1 0
github.com/e2eterraformprovider/terraform-provider-e2e/e2e/autoscaling/helpers.go:77.47,79.3 1 0
github.com/e2eterraformprovider/terraform-provider-e2e/e2e/autoscaling/helpers.go:80.2,80.63 1 0
github.com/e2eterraformprovider/terraform-provider-e2e/e2e/autoscaling/helpers.go:80.63,82.3 1 0
github.com/e2eterraformprovider/terraform-provider-e2e/e2e/autoscaling/helpers.go:83.2,83.14 1 0
github.com/e2eterraformprovider/terraform-provider-e2e/e2e/autoscaling/helpers.go:87.53,88.46 1 0
github.com/e2eterraformprovider/terraform-provider-e2e/e2e/autoscaling/helpers.go:88.46,90.3 1 0
github.com/e2eterraformprovider/terraform-provider-e2e/e2e/autoscaling/helpers.go:91.2,91.60 1 0
github.com/e2eterraformprovider/terraform-provider-e2e/e2e/autoscaling/helpers.go:91.60,93.3 1 0
github.com/e2eterraformprovider/terraform-provider-e2e/e2e/autoscaling/helpers.go:94.2,94.13 1 0
github.com/e2eterraformprovider/terraform-provider-e2e/e2e/autoscaling/helpers.go:99.44,100.16 1 12
github.com/e2eterraformprovider/terraform-provider-e2e/e2e/autoscaling/helpers.go:101.59,102.60 1 2
github.com/e2eterraformprovider/terraform-provider-e2e/e2e/autoscaling/helpers.go:103.59,104.60 1 1
github.com/e2eterraformprovider/terraform-provider-e2e/e2e/autoscaling/helpers.go:105.64,106.65 1 1
github.com/e2eterraformprovider/terraform-provider-e2e/e2e/autoscaling/helpers.go:107.64,108.65 1 1
github.com/e2eterraformprovider/terraform-provider-e2e/e2e/autoscaling/helpers.go:109.10,110.16 1 7
github.com/e2eterraformprovider/terraform-provider-e2e/e2e/autoscaling/helpers.go:117.114,119.16 2 0
github.com/e2eterraformprovider/terraform-provider-e2e/e2e/autoscaling/helpers.go:119.16,121.3 1 0
github.com/e2eterraformprovider/terraform-provider-e2e/e2e/autoscaling/helpers.go:123.2,123.29 1 0
github.com/e2eterraformprovider/terraform-provider-e2e/e2e/autoscaling/helpers.go:123.29,124.28 1 0
github.com/e2eterraformprovider/terraform-provider-e2e/e2e/autoscaling/helpers.go:124.28,126.4 1 0
github.com/e2eterraformprovider/terraform-provider-e2e/e2e/autoscaling/helpers.go:129.2,129.73 1 0
github.com/e2eterraformprovider/terraform-provider-e2e/e2e/autoscaling/helpers.go:133.88,135.16 2 0
github.com/e2eterraformprovider/terraform-provider-e2e/e2e/autoscaling/helpers.go:135.16,137.3 1 0
github.com/e2eterraformprovider/terraform-provider-e2e/e2e/autoscaling/helpers.go:139.2,139.25 1 0
github.com/e2eterraformprovider/terraform-provider-e2e/e2e/autoscaling/helpers.go:139.25,140.19 1 0
github.com/e2eterraformprovider/terraform-provider-e2e/e2e/autoscaling/helpers.go:140.19,143.18 2 0
github.com/e2eterraformprovider/terraform-provider-e2e/e2e/autoscaling/helpers.go:143.18,145.5 1 0
github.com/e2eterraformprovider/terraform-provider-e2e/e2e/autoscaling/helpers.go:146.4,146.20 1 0
github.com/e2eterraformprovider/terraform-provider-e2e/e2e/autoscaling/helpers.go:150.2,150.58 1 0
github.com/e2eterraformprovider/terraform-provider-e2e/e2e/autoscaling/helpers.go:154.133,156.16 2 0
github.com/e2eterraformprovider/terraform-provider-e2e/e2e/autoscaling/helpers.go:156.16,158.3 1 0
github.com/e2eterraformprovider/terraform-provider-e2e/e2e/autoscaling/helpers.go:159.2,159.30 1 0
github.com/e2eterraformprovider/terraform-provider-e2e/e2e/autoscaling/helpers.go:163.80,164.18 1 0
github.com/e2eterraformprovider/terraform-provider-e2e/e2e/autoscaling/helpers.go:164.18,166.3 1 0
github.com/e2eterraformprovider/terraform-provider-e2e/e2e/autoscaling/helpers.go:168.2,169.29 2 0
github.com/e2eterraformprovider/terraform-provider-e2e/e2e/autoscaling/helpers.go:169.29,178.3 1 0
github.com/e2eterraformprovider/terraform-provider-e2e/e2e/autoscaling/helpers.go:180.2,180.33 1 0
github.com/e2eterraformprovider/terraform-provider-e2e/e2e/autoscaling/helpers.go:185.72,188.44 2 0
github.com/e2eterraformprovider/terraform-provider-e2e/e2e/autoscaling/helpers.go:188.44,190.39 1 0
github.com/e2eterraformprovider/terraform-provider-e2e/e2e/autoscaling/helpers.go:190.39,193.45 3 0
github.com/e2eterraformprovider/terraform-provider-e2e/e2e/autoscaling/helpers.go:193.45,195.5 1 0
github.com/e2eterraformprovider/terraform-provider-e2e/e2e/autoscaling/helpers.go:198.4,200.35 3 0
github.com/e2eterraformprovider/terraform-provider-e2e/e2e/autoscaling/helpers.go:200.35,202.5 1 0
github.com/e2eterraformprovider/terraform-provider-e2e/e2e/autoscaling/helpers.go:202.10,202.45 1 0
github.com/e2eterraformprovider/terraform-provider-e2e/e2e/autoscaling/helpers.go:202.45,204.5 1 0
github.com/e2eterraformprovider/terraform-provider-e2e/e2e/autoscaling/helpers.go:206.4,215.6 1 0
github.com/e2eterraformprovider/terraform-provider-e2e/e2e/autoscaling/helpers.go:217.8,217.43 1 0
github.com/e2eterraformprovider/terraform-provider-e2e/e2e/autoscaling/helpers.go:217.43,219.39 1 0
github.com/e2eterraformprovider/terraform-provider-e2e/e2e/autoscaling/helpers.go:219.39,231.4 2 0
github.com/e2eterraformprovider/terraform-provider-e2e/e2e/autoscaling/helpers.go:234.2,234.17 1 0
github.com/e2eterraformprovider/terraform-provider-e2e/e2e/autoscaling/helpers.go:239.106,266.28 3 0
github.com/e2eterraformprovider/terraform-provider-e2e/e2e/autoscaling/helpers.go:266.28,269.22 2 0
github.com/e2eterraformprovider/terraform-provider-e2e/e2e/autoscaling/helpers.go:269.22,271.4 1 0
github.com/e2eterraformprovider/terraform-provider-e2e/e2e/autoscaling/helpers.go:271.9,271.32 1 0
github.com/e2eterraformprovider/terraform-provider-e2e/e2e/autoscaling/helpers.go:271.32,273.4 1 0
github.com/e2eterraformprovider/terraform-provider-e2e/e2e/autoscaling/helpers.go:276.3,297.5 2 0
github.com/e2eterraformprovider/terraform-provider-e2e/e2e/autoscaling/helpers.go:300.2,300.31 1 0
github.com/e2eterraformprovider/terraform-provider-e2e/e2e/autoscaling/helpers.go:305.76,308.46 2 0
github.com/e2eterraformprovider/terraform-provider-e2e/e2e/autoscaling/helpers.go:308.46,310.39 1 0
github.com/e2eterraformprovider/terraform-provider-e2e/e2e/autoscaling/helpers.go:310.39,314.36 4 0
github.com/e2eterraformprovider/terraform-provider-e2e/e2e/autoscaling/helpers.go:314.36,316.5 1 0
github.com/e2eterraformprovider/terraform-provider-e2e/e2e/autoscaling/helpers.go:316.10,318.5 1 0
github.com/e2eterraformprovider/terraform-provider-e2e/e2e/autoscaling/helpers.go:319.4,323.6 1 0
github.com/e2eterraformprovider/terraform-provider-e2e/e2e/autoscaling/helpers.go:325.8,325.53 1 0
github.com/e2eterraformprovider/terraform-provider-e2e/e2e/autoscaling/helpers.go:325.53,327.39 1 0
github.com/e2eterraformprovider/terraform-provider-e2e/e2e/autoscaling/helpers.go:327.39,334.4 2 0
github.com/e2eterraformprovider/terraform-provider-e2e/e2e/autoscaling/helpers.go:337.2,337.17 1 0
github.com/e2eterraformprovider/terraform-provider-e2e/e2e/autoscaling/helpers.go:342.108,359.35 3 0
github.com/e2eterraformprovider/terraform-provider-e2e/e2e/autoscaling/helpers.go:359.35,373.3 2 0
github.com/e2eterraformprovider/terraform-provider-e2e/e2e/autoscaling/helpers.go:375.2,375.31 1 0
github.com/e2eterraformprovider/terraform-provider-e2e/e2e/autoscaling/helpers.go:380.116,383.40 2 0
github.com/e2eterraformprovider/terraform-provider-e2e/e2e/autoscaling/helpers.go:383.40,385.42 1 0
github.com/e2eterraformprovider/terraform-provider-e2e/e2e/autoscaling/helpers.go:385.42,391.18 4 0
github.com/e2eterraformprovider/terraform-provider-e2e/e2e/autoscaling/helpers.go:391.18,393.5 1 0
github.com/e2eterraformprovider/terraform-provider-e2e/e2e/autoscaling/helpers.go:395.4,400.6 1 0
github.com/e2eterraformprovider/terraform-provider-e2e/e2e/autoscaling/helpers.go:402.8,402.40 1 0
github.com/e2eterraformprovider/terraform-provider-e2e/e2e/autoscaling/helpers.go:402.40,404.42 1 0
github.com/e2eterraformprovider/terraform-provider-e2e/e2e/autoscaling/helpers.go:404.42,410.18 4 0
github.com/e2eterraformprovider/terraform-provider-e2e/e2e/autoscaling/helpers.go:410.18,412.5 1 0
github.com/e2eterraformprovider/terraform-provider-e2e/e2e/autoscaling/helpers.go:414.4,419.6 1 0
github.com/e2eterraformprovider/terraform-provider-e2e/e2e/autoscaling/helpers.go:423.2,423.24 1 0
github.com/e2eterraformprovider/terraform-provider-e2e/e2e/autoscaling/helpers.go:428.132,431.41 2 0
github.com/e2eterraformprovider/terraform-provider-e2e/e2e/autoscaling/helpers.go:431.41,436.17 3 0
github.com/e2eterraformprovider/terraform-provider-e2e/e2e/autoscaling/helpers.go:436.17,445.12 2 0
github.com/e2eterraformprovider/terraform-provider-e2e/e2e/autoscaling/helpers.go:448.3,456.39 3 0
github.com/e2eterraformprovider/terraform-provider-e2e/e2e/autoscaling/helpers.go:456.39,464.4 1 0
github.com/e2eterraformprovider/terraform-provider-e2e/e2e/autoscaling/helpers.go:466.3,467.38 2 0
github.com/e2eterraformprovider/terraform-provider-e2e/e2e/autoscaling/helpers.go:470.2,470.21 1 0
github.com/e2eterraformprovider/terraform-provider-e2e/e2e/autoscaling/helpers.go:484.65,486.2 1 7
github.com/e2eterraformprovider/terraform-provider-e2e/e2e/autoscaling/helpers.go:490.65,492.44 1 7
github.com/e2eterraformprovider/terraform-provider-e2e/e2e/autoscaling/helpers.go:492.44,494.27 2 4
github.com/e2eterraformprovider/terraform-provider-e2e/e2e/autoscaling/helpers.go:494.27,496.4 1 0
github.com/e2eterraformprovider/terraform-provider-e2e/e2e/autoscaling/helpers.go:497.3,497.49 1 4
github.com/e2eterraformprovider/terraform-provider-e2e/e2e/autoscaling/helpers.go:502.2,503.14 2 3
github.com/e2eterraformprovider/terraform-provider-e2e/e2e/autoscaling/helpers.go:503.14,505.3 1 0
github.com/e2eterraformprovider/terraform-provider-e2e/e2e/autoscaling/helpers.go:507.2,508.33 2 3
github.com/e2eterraformprovider/terraform-provider-e2e/e2e/autoscaling/helpers.go:508.33,510.3 1 3
github.com/e2eterraformprovider/terraform-provider-e2e/e2e/autoscaling/helpers.go:512.2,512.48 1 0
github.com/e2eterraformprovider/terraform-provider-e2e/e2e/autoscaling/helpers.go:516.75,519.26 1 4
github.com/e2eterraformprovider/terraform-provider-e2e/e2e/autoscaling/helpers.go:519.26,521.3 1 1
github.com/e2eterraformprovider/terraform-provider-e2e/e2e/autoscaling/helpers.go:523.2,524.9 2 3
github.com/e2eterraformprovider/terraform-provider-e2e/e2e/autoscaling/helpers.go:524.9,526.3 1 0
github.com/e2eterraformprovider/terraform-provider-e2e/e2e/autoscaling/helpers.go:528.2,531.50 2 3
github.com/e2eterraformprovider/terraform-provider-e2e/e2e/autoscaling/helpers.go:531.50,533.3 1 3
github.com/e2eterraformprovider/terraform-provider-e2e/e2e/autoscaling/helpers.go:533.8,536.3 1 0
github.com/e2eterraformprovider/terraform-provider-e2e/e2e/autoscaling/helpers.go:539.2,539.43 1 3
github.com/e2eterraformprovider/terraform-provider-e2e/e2e/autoscaling/helpers.go:539.43,542.33 3 3
github.com/e2eterraformprovider/terraform-provider-e2e/e2e/autoscaling/helpers.go:542.33,544.4 1 5
github.com/e2eterraformprovider/terraform-provider-e2e/e2e/autoscaling/helpers.go:545.3,545.36 1 3
github.com/e2eterraformprovider/terraform-provider-e2e/e2e/autoscaling/helpers.go:549.2,549.49 1 3
github.com/e2eterraformprovider/terraform-provider-e2e/e2e/autoscaling/helpers.go:549.49,552.27 3 3
github.com/e2eterraformprovider/terraform-provider-e2e/e2e/autoscaling/helpers.go:552.27,554.4 1 6
github.com/e2eterraformprovider/terraform-provider-e2e/e2e/autoscaling/helpers.go:555.3,555.48 1 3
github.com/e2eterraformprovider/terraform-provider-e2e/e2e/autoscaling/helpers.go:558.2,558.22 1 3
github.com/e2eterraformprovider/terraform-provider-e2e/e2e/autoscaling/helpers.go:567.28,569.2 1 8
github.com/e2eterraformprovider/terraform-provider-e2e/e2e/autoscaling/helpers.go:576.28,578.73 1 8
github.com/e2eterraformprovider/terraform-provider-e2e/e2e/autoscaling/helpers.go:578.73,580.3 1 2
github.com/e2eterraformprovider/terraform-provider-e2e/e2e/autoscaling/helpers.go:582.2,587.23 2 6
github.com/e2eterraformprovider/terraform-provider-e2e/e2e/autoscaling/helpers.go:587.23,589.30 2 4
github.com/e2eterraformprovider/terraform-provider-e2e/e2e/autoscaling/helpers.go:589.30,591.4 1 6
github.com/e2eterraformprovider/terraform-provider-e2e/e2e/autoscaling/helpers.go:592.3,592.37 1 4
github.com/e2eterraformprovider/terraform-provider-e2e/e2e/autoscaling/helpers.go:596.2,596.31 1 6
github.com/e2eterraformprovider/terraform-provider-e2e/e2e/autoscaling/helpers.go:596.31,598.38 2 3
github.com/e2eterraformprovider/terraform-provider-e2e/e2e/autoscaling/helpers.go:598.38,600.4 1 7
github.com/e2eterraformprovider/terraform-provider-e2e/e2e/autoscaling/helpers.go:601.3,601.37 1 3
github.com/e2eterraformprovider/terraform-provider-e2e/e2e/autoscaling/helpers.go:604.2,604.41 1 6
github.com/e2eterraformprovider/terraform-provider-e2e/e2e/autoscaling/helpers.go:609.65,610.16 1 0
github.com/e2eterraformprovider/terraform-provider-e2e/e2e/autoscaling/helpers.go:610.16,612.3 1 0
github.com/e2eterraformprovider/terraform-provider-e2e/e2e/autoscaling/helpers.go:614.2,615.33 2 0
github.com/e2eterraformprovider/terraform-provider-e2e/e2e/autoscaling/helpers.go:615.33,617.3 1 0
github.com/e2eterraformprovider/terraform-provider-e2e/e2e/autoscaling/helpers.go:619.2,623.50 3 0
github.com/e2eterraformprovider/terraform-provider-e2e/e2e/autoscaling/helpers.go:623.50,625.3 1 0
github.com/e2eterraformprovider/terraform-provider-e2e/e2e/autoscaling/helpers.go:625.8,627.3 1 0
github.com/e2eterraformprovider/terraform-provider-e2e/e2e/autoscaling/helpers.go:630.2,630.43 1 0
github.com/e2eterraformprovider/terraform-provider-e2e/e2e/autoscaling/helpers.go:630.43,633.33 3 0
github.com/e2eterraformprovider/terraform-provider-e2e/e2e/autoscaling/helpers.go:633.33,635.4 1 0
github.com/e2eterraformprovider/terraform-provider-e2e/e2e/autoscaling/helpers.go:636.3,636.36 1 0
github.com/e2eterraformprovider/terraform-provider-e2e/e2e/autoscaling/helpers.go:640.2,640.49 1 0
github.com/e2eterraformprovider/terraform-provider-e2e/e2e/autoscaling/helpers.go:640.49,643.27 3 0
github.com/e2eterraformprovider/terraform-provider-e2e/e2e/autoscaling/helpers.go:643.27,645.4 1 0
github.com/e2eterraformprovider/terraform-provider-e2e/e2e/autoscaling/helpers.go:646.3,646.48 1 0
github.com/e2eterraformprovider/terraform-provider-e2e/e2e/autoscaling/helpers.go:649.2,649.22 1 0
github.com/e2eterraformprovider/terraform-provider-e2e/e2e/autoscaling/helpers.go:654.44,656.2 1 11
github.com/e2eterraformprovider/terraform-provider-e2e/e2e/autoscaling/helpers.go:659.44,660.22 1 11
github.com/e2eterraformprovider/terraform-provider-e2e/e2e/autoscaling/helpers.go:660.22,662.3 1 4
github.com/e2eterraformprovider/terraform-provider-e2e/e2e/autoscaling/helpers.go:663.2,663.19 1 7
github.com/e2eterraformprovider/terraform-provider-e2e/e2e/autoscaling/helpers.go:663.19,664.19 1 10
github.com/e2eterraformprovider/terraform-provider-e2e/e2e/autoscaling/helpers.go:664.19,666.4 1 2
github.com/e2eterraformprovider/terraform-provider-e2e/e2e/autoscaling/helpers.go:668.2,668.13 1 5
github.com/e2eterraformprovider/terraform-provider-e2e/e2e/autoscaling/helpers.go:673.38,675.2 1 11
github.com/e2eterraformprovider/terraform-provider-e2e/e2e/autoscaling/helpers.go:678.38,679.22 1 11
github.com/e2eterraformprovider/terraform-provider-e2e/e2e/autoscaling/helpers.go:679.22,681.3 1 4
github.com/e2eterraformprovider/terraform-provider-e2e/e2e/autoscaling/helpers.go:682.2,682.19 1 7
github.com/e2eterraformprovider/terraform-provider-e2e/e2e/autoscaling/helpers.go:682.19,683.19 1 10
github.com/e2eterraformprovider/terraform-provider-e2e/e2e/autoscaling/helpers.go:683.19,685.4 1 2
github.com/e2eterraformprovider/terraform-provider-e2e/e2e/autoscaling/helpers.go:687.2,687.13 1 5
github.com/e2eterraformprovider/terraform-provider-e2e/e2e/autoscaling/log_redaction.go:17.88,18.16 1 2
github.com/e2eterraformprovider/terraform-provider-e2e/e2e/autoscaling/log_redaction.go:18.16,20.3 1 1
github.com/e2eterraformprovider/terraform-provider-e2e/e2e/autoscaling/log_redaction.go:23.2,26.37 2 1
github.com/e2eterraformprovider/terraform-provider-e2e/e2e/autoscaling/log_redaction.go:26.37,28.3 1 1
github.com/e2eterraformprovider/terraform-provider-e2e/e2e/autoscaling/log_redaction.go:30.2,31.16 2 1
github.com/e2eterraformprovider/terraform-provider-e2e/e2e/autoscaling/log_redaction.go:31.16,33.3 1 0
github.com/e2eterraformprovider/terraform-provider-e2e/e2e/autoscaling/log_redaction.go:34.2,34.10 1 1
github.com/e2eterraformprovider/terraform-provider-e2e/e2e/autoscaling/resource_autoscaling.go:30.69,40.43 3 0
github.com/e2eterraformprovider/terraform-provider-e2e/e2e/autoscaling/resource_autoscaling.go:40.43,41.38 1 0
github.com/e2eterraformprovider/terraform-provider-e2e/e2e/autoscaling/resource_autoscaling.go:41.38,43.26 1 0
github.com/e2eterraformprovider/terraform-provider-e2e/e2e/autoscaling/resource_autoscaling.go:44.16,45.17 1 0
github.com/e2eterraformprovider/terraform-provider-e2e/e2e/autoscaling/resource_autoscaling.go:45.17,47.6 1 0
github.com/e2eterraformprovider/terraform-provider-e2e/e2e/autoscaling/resource_autoscaling.go:48.23,49.21 1 0
github.com/e2eterraformprovider/terraform-provider-e2e/e2e/autoscaling/resource_autoscaling.go:49.21,51.6 1 0
github.com/e2eterraformprovider/terraform-provider-e2e/e2e/autoscaling/resource_autoscaling.go:53.4,53.58 1 0
github.com/e2eterraformprovider/terraform-provider-e2e/e2e/autoscaling/resource_autoscaling.go:57.2,68.20 11 0
github.com/e2eterraformprovider/terraform-provider-e2e/e2e/autoscaling/resource_autoscaling.go:68.20,70.3 1 0
github.com/e2eterraformprovider/terraform-provider-e2e/e2e/autoscaling/resource_autoscaling.go:72.2,75.25 4 0
github.com/e2eterraformprovider/terraform-provider-e2e/e2e/autoscaling/resource_autoscaling.go:75.25,77.3 1 0
github.com/e2eterraformprovider/terraform-provider-e2e/e2e/autoscaling/resource_autoscaling.go:78.2,84.37 3 0
github.com/e2eterraformprovider/terraform-provider-e2e/e2e/autoscaling/resource_autoscaling.go:87.89,98.43 3 0
github.com/e2eterraformprovider/terraform-provider-e2e/e2e/autoscaling/resource_autoscaling.go:98.43,99.35 1 0
github.com/e2eterraformprovider/terraform-provider-e2e/e2e/autoscaling/resource_autoscaling.go:99.35,100.26 1 0
github.com/e2eterraformprovider/terraform-provider-e2e/e2e/autoscaling/resource_autoscaling.go:101.16,102.17 1 0
github.com/e2eterraformprovider/terraform-provider-e2e/e2e/autoscaling/resource_autoscaling.go:102.17,104.6 1 0
github.com/e2eterraformprovider/terraform-provider-e2e/e2e/autoscaling/resource_autoscaling.go:105.23,106.21 1 0
github.com/e2eterraformprovider/terraform-provider-e2e/e2e/autoscaling/resource_autoscaling.go:106.21,108.6 1 0
github.com/e2eterraformprovider/terraform-provider-e2e/e2e/autoscaling/resource_autoscaling.go:110.4,110.58 1 0
github.com/e2eterraformprovider/terraform-provider-e2e/e2e/autoscaling/resource_autoscaling.go:114.2,125.20 11 0
github.com/e2eterraformprovider/terraform-provider-e2e/e2e/autoscaling/resource_autoscaling.go:125.20,127.3 1 0
github.com/e2eterraformprovider/terraform-provider-e2e/e2e/autoscaling/resource_autoscaling.go:129.2,132.25 4 0
github.com/e2eterraformprovider/terraform-provider-e2e/e2e/autoscaling/resource_autoscaling.go:132.25,134.3 1 0
github.com/e2eterraformprovider/terraform-provider-e2e/e2e/autoscaling/resource_autoscaling.go:135.2,142.3 3 0
github.com/e2eterraformprovider/terraform-provider-e2e/e2e/autoscaling/resource_autoscaling.go:145.75,146.28 1 0
github.com/e2eterraformprovider/terraform-provider-e2e/e2e/autoscaling/resource_autoscaling.go:146.28,147.18 1 0
github.com/e2eterraformprovider/terraform-provider-e2e/e2e/autoscaling/resource_autoscaling.go:147.18,149.4 1 0
github.com/e2eterraformprovider/terraform-provider-e2e/e2e/autoscaling/resource_autoscaling.go:151.2,151.14 1 0
github.com/e2eterraformprovider/terraform-provider-e2e/e2e/autoscaling/resource_autoscaling.go:154.45,206.77 1 6
github.com/e2eterraformprovider/terraform-provider-e2e/e2e/autoscaling/resource_autoscaling.go:206.77,207.39 1 0
github.com/e2eterraformprovider/terraform-provider-e2e/e2e/autoscaling/resource_autoscaling.go:207.39,208.53 1 0
github.com/e2eterraformprovider/terraform-provider-e2e/e2e/autoscaling/resource_autoscaling.go:208.53,210.8 1 0
github.com/e2eterraformprovider/terraform-provider-e2e/e2e/autoscaling/resource_autoscaling.go:211.7,211.18 1 0
github.com/e2eterraformprovider/terraform-provider-e2e/e2e/autoscaling/resource_autoscaling.go:213.6,218.37 4 0
github.com/e2eterraformprovider/terraform-provider-e2e/e2e/autoscaling/resource_autoscaling.go:227.77,228.39 1 0
github.com/e2eterraformprovider/terraform-provider-e2e/e2e/autoscaling/resource_autoscaling.go:228.39,229.53 1 0
github.com/e2eterraformprovider/terraform-provider-e2e/e2e/autoscaling/resource_autoscaling.go:229.53,231.8 1 0
github.com/e2eterraformprovider/terraform-provider-e2e/e2e/autoscaling/resource_autoscaling.go:232.7,232.18 1 0
github.com/e2eterraformprovider/terraform-provider-e2e/e2e/autoscaling/resource_autoscaling.go:234.6,239.37 4 0
github.com/e2eterraformprovider/terraform-provider-e2e/e2e/autoscaling/resource_autoscaling.go:388.84,390.15 2 0
github.com/e2eterraformprovider/terraform-provider-e2e/e2e/autoscaling/resource_autoscaling.go:390.15,392.7 1 0
github.com/e2eterraformprovider/terraform-provider-e2e/e2e/autoscaling/resource_autoscaling.go:393.6,393.12 1 0
github.com/e2eterraformprovider/terraform-provider-e2e/e2e/autoscaling/resource_autoscaling.go:401.84,403.15 2 0
github.com/e2eterraformprovider/terraform-provider-e2e/e2e/autoscaling/resource_autoscaling.go:403.15,405.7 1 0
github.com/e2eterraformprovider/terraform-provider-e2e/e2e/autoscaling/resource_autoscaling.go:406.6,406.12 1 0
github.com/e2eterraformprovider/terraform-provider-e2e/e2e/autoscaling/resource_autoscaling.go:721.92,727.36 4 0
github.com/e2eterraformprovider/terraform-provider-e2e/e2e/autoscaling/resource_autoscaling.go:727.36,729.5 1 0
github.com/e2eterraformprovider/terraform-provider-e2e/e2e/autoscaling/resource_autoscaling.go:732.4,734.35 3 0
github.com/e2eterraformprovider/terraform-provider-e2e/e2e/autoscaling/resource_autoscaling.go:734.35,736.5 1 0
github.com/e2eterraformprovider/terraform-provider-e2e/e2e/autoscaling/resource_autoscaling.go:738.4,740.35 3 0
github.com/e2eterraformprovider/terraform-provider-e2e/e2e/autoscaling/resource_autoscaling.go:740.35,742.5 1 0
github.com/e2eterraformprovider/terraform-provider-e2e/e2e/autoscaling/resource_autoscaling.go:744.4,746.42 3 0
github.com/e2eterraformprovider/terraform-provider-e2e/e2e/autoscaling/resource_autoscaling.go:746.42,748.5 1 0
github.com/e2eterraformprovider/terraform-provider-e2e/e2e/autoscaling/resource_autoscaling.go:751.4,752.18 2 0
github.com/e2eterraformprovider/terraform-provider-e2e/e2e/autoscaling/resource_autoscaling.go:752.18,754.5 1 0
github.com/e2eterraformprovider/terraform-provider-e2e/e2e/autoscaling/resource_autoscaling.go:754.10,754.26 1 0
github.com/e2eterraformprovider/terraform-provider-e2e/e2e/autoscaling/resource_autoscaling.go:754.26,756.5 1 0
github.com/e2eterraformprovider/terraform-provider-e2e/e2e/autoscaling/resource_autoscaling.go:759.4,760.26 2 0
github.com/e2eterraformprovider/terraform-provider-e2e/e2e/autoscaling/resource_autoscaling.go:760.26,762.5 1 0
github.com/e2eterraformprovider/terraform-provider-e2e/e2e/autoscaling/resource_autoscaling.go:762.10,762.25 1 0
github.com/e2eterraformprovider/terraform-provider-e2e/e2e/autoscaling/resource_autoscaling.go:762.25,764.5 1 0
github.com/e2eterraformprovider/terraform-provider-e2e/e2e/autoscaling/resource_autoscaling.go:767.4,768.18 2 0
github.com/e2eterraformprovider/terraform-provider-e2e/e2e/autoscaling/resource_autoscaling.go:768.18,770.5 1 0
github.com/e2eterraformprovider/terraform-provider-e2e/e2e/autoscaling/resource_autoscaling.go:770.10,770.26 1 0
github.com/e2eterraformprovider/terraform-provider-e2e/e2e/autoscaling/resource_autoscaling.go:770.26,772.5 1 0
github.com/e2eterraformprovider/terraform-provider-e2e/e2e/autoscaling/resource_autoscaling.go:775.4,775.47 1 0
github.com/e2eterraformprovider/terraform-provider-e2e/e2e/autoscaling/resource_autoscaling.go:775.47,777.5 1 0
github.com/e2eterraformprovider/terraform-provider-e2e/e2e/autoscaling/resource_autoscaling.go:779.4,779.47 1 0
github.com/e2eterraformprovider/terraform-provider-e2e/e2e/autoscaling/resource_autoscaling.go:779.47,781.5 1 0
github.com/e2eterraformprovider/terraform-provider-e2e/e2e/autoscaling/resource_autoscaling.go:784.4,784.56 1 0
github.com/e2eterraformprovider/terraform-provider-e2e/e2e/autoscaling/resource_autoscaling.go:784.56,786.113 2 0
github.com/e2eterraformprovider/terraform-provider-e2e/e2e/autoscaling/resource_autoscaling.go:786.113,788.6 1 0
github.com/e2eterraformprovider/terraform-provider-e2e/e2e/autoscaling/resource_autoscaling.go:792.4,792.61 1 0
github.com/e2eterraformprovider/terraform-provider-e2e/e2e/autoscaling/resource_autoscaling.go:792.61,794.113 2 0
github.com/e2eterraformprovider/terraform-provider-e2e/e2e/autoscaling/resource_autoscaling.go:794.113,796.6 1 0
github.com/e2eterraformprovider/terraform-provider-e2e/e2e/autoscaling/resource_autoscaling.go:800.4,800.94 1 0
github.com/e2eterraformprovider/terraform-provider-e2e/e2e/autoscaling/resource_autoscaling.go:800.94,802.113 2 0
github.com/e2eterraformprovider/terraform-provider-e2e/e2e/autoscaling/resource_autoscaling.go:802.113,804.6 1 0
github.com/e2eterraformprovider/terraform-provider-e2e/e2e/autoscaling/resource_autoscaling.go:807.5,808.23 2 0
github.com/e2eterraformprovider/terraform-provider-e2e/e2e/autoscaling/resource_autoscaling.go:808.23,810.6 1 0
github.com/e2eterraformprovider/terraform-provider-e2e/e2e/autoscaling/resource_autoscaling.go:814.4,815.28 2 0
github.com/e2eterraformprovider/terraform-provider-e2e/e2e/autoscaling/resource_autoscaling.go:815.28,817.37 1 0
github.com/e2eterraformprovider/terraform-provider-e2e/e2e/autoscaling/resource_autoscaling.go:817.37,818.83 1 0
github.com/e2eterraformprovider/terraform-provider-e2e/e2e/autoscaling/resource_autoscaling.go:818.83,819.78 1 0
github.com/e2eterraformprovider/terraform-provider-e2e/e2e/autoscaling/resource_autoscaling.go:819.78,821.8 1 0
github.com/e2eterraformprovider/terraform-provider-e2e/e2e/autoscaling/resource_autoscaling.go:823.6,823.111 1 0
github.com/e2eterraformprovider/terraform-provider-e2e/e2e/autoscaling/resource_autoscaling.go:823.111,824.92 1 0
github.com/e2eterraformprovider/terraform-provider-e2e/e2e/autoscaling/resource_autoscaling.go:824.92,826.8 1 0
github.com/e2eterraformprovider/terraform-provider-e2e/e2e/autoscaling/resource_autoscaling.go:831.5,831.40 1 0
github.com/e2eterraformprovider/terraform-provider-e2e/e2e/autoscaling/resource_autoscaling.go:831.40,832.32 1 0
github.com/e2eterraformprovider/terraform-provider-e2e/e2e/autoscaling/resource_autoscaling.go:832.32,834.7 1 0
github.com/e2eterraformprovider/terraform-provider-e2e/e2e/autoscaling/resource_autoscaling.go:835.6,835.39 1 0
github.com/e2eterraformprovider/terraform-provider-e2e/e2e/autoscaling/resource_autoscaling.go:835.39,837.7 1 0
github.com/e2eterraformprovider/terraform-provider-e2e/e2e/autoscaling/resource_autoscaling.go:841.5,841.46 1 0
github.com/e2eterraformprovider/terraform-provider-e2e/e2e/autoscaling/resource_autoscaling.go:841.46,842.59 1 0
github.com/e2eterraformprovider/terraform-provider-e2e/e2e/autoscaling/resource_autoscaling.go:842.59,844.7 1 0
github.com/e2eterraformprovider/terraform-provider-e2e/e2e/autoscaling/resource_autoscaling.go:848.5,848.41 1 0
github.com/e2eterraformprovider/terraform-provider-e2e/e2e/autoscaling/resource_autoscaling.go:848.41,855.102 4 0
github.com/e2eterraformprovider/terraform-provider-e2e/e2e/autoscaling/resource_autoscaling.go:855.102,857.115 2 0
github.com/e2eterraformprovider/terraform-provider-e2e/e2e/autoscaling/resource_autoscaling.go:857.115,859.8 1 0
github.com/e2eterraformprovider/terraform-provider-e2e/e2e/autoscaling/resource_autoscaling.go:860.7,861.79 2 0
github.com/e2eterraformprovider/terraform-provider-e2e/e2e/autoscaling/resource_autoscaling.go:861.79,863.8 1 0
github.com/e2eterraformprovider/terraform-provider-e2e/e2e/autoscaling/resource_autoscaling.go:867.6,867.108 1 0
github.com/e2eterraformprovider/terraform-provider-e2e/e2e/autoscaling/resource_autoscaling.go:867.108,869.115 2 0
github.com/e2eterraformprovider/terraform-provider-e2e/e2e/autoscaling/resource_autoscaling.go:869.115,871.8 1 0
github.com/e2eterraformprovider/terraform-provider-e2e/e2e/autoscaling/resource_autoscaling.go:875.6,875.117 1 0
github.com/e2eterraformprovider/terraform-provider-e2e/e2e/autoscaling/resource_autoscaling.go:875.117,877.115 2 0
github.com/e2eterraformprovider/terraform-provider-e2e/e2e/autoscaling/resource_autoscaling.go:877.115,879.8 1 0
github.com/e2eterraformprovider/terraform-provider-e2e/e2e/autoscaling/resource_autoscaling.go:886.4,886.52 1 0
github.com/e2eterraformprovider/terraform-provider-e2e/e2e/autoscaling/resource_autoscaling.go:886.52,887.43 1 0
github.com/e2eterraformprovider/terraform-provider-e2e/e2e/autoscaling/resource_autoscaling.go:887.43,889.13 2 0
github.com/e2eterraformprovider/terraform-provider-e2e/e2e/autoscaling/resource_autoscaling.go:889.13,890.15 1 0
github.com/e2eterraformprovider/terraform-provider-e2e/e2e/autoscaling/resource_autoscaling.go:892.6,893.24 2 0
github.com/e2eterraformprovider/terraform-provider-e2e/e2e/autoscaling/resource_autoscaling.go:894.68,895.73 1 0
github.com/e2eterraformprovider/terraform-provider-e2e/e2e/autoscaling/resource_autoscaling.go:895.73,897.8 1 0
github.com/e2eterraformprovider/terraform-provider-e2e/e2e/autoscaling/resource_autoscaling.go:898.120,899.76 1 0
github.com/e2eterraformprovider/terraform-provider-e2e/e2e/autoscaling/resource_autoscaling.go:899.76,901.8 1 0
github.com/e2eterraformprovider/terraform-provider-e2e/e2e/autoscaling/resource_autoscaling.go:906.4,906.14 1 0
github.com/e2eterraformprovider/terraform-provider-e2e/e2e/autoscaling/resource_autoscaling.go:915.109,920.71 4 0
github.com/e2eterraformprovider/terraform-provider-e2e/e2e/autoscaling/resource_autoscaling.go:920.71,922.3 1 0
github.com/e2eterraformprovider/terraform-provider-e2e/e2e/autoscaling/resource_autoscaling.go:924.2,925.16 2 0
github.com/e2eterraformprovider/terraform-provider-e2e/e2e/autoscaling/resource_autoscaling.go:925.16,927.3 1 0
github.com/e2eterraformprovider/terraform-provider-e2e/e2e/autoscaling/resource_autoscaling.go:929.2,930.16 2 0
github.com/e2eterraformprovider/terraform-provider-e2e/e2e/autoscaling/resource_autoscaling.go:930.16,932.3 1 0
github.com/e2eterraformprovider/terraform-provider-e2e/e2e/autoscaling/resource_autoscaling.go:935.2,936.16 2 0
github.com/e2eterraformprovider/terraform-provider-e2e/e2e/autoscaling/resource_autoscaling.go:936.16,938.3 1 0
github.com/e2eterraformprovider/terraform-provider-e2e/e2e/autoscaling/resource_autoscaling.go:941.2,942.16 2 0
github.com/e2eterraformprovider/terraform-provider-e2e/e2e/autoscaling/resource_autoscaling.go:942.16,944.3 1 0
github.com/e2eterraformprovider/terraform-provider-e2e/e2e/autoscaling/resource_autoscaling.go:947.2,948.16 2 0
github.com/e2eterraformprovider/terraform-provider-e2e/e2e/autoscaling/resource_autoscaling.go:948.16,950.3 1 0
github.com/e2eterraformprovider/terraform-provider-e2e/e2e/autoscaling/resource_autoscaling.go:952.2,952.65 1 0
github.com/e2eterraformprovider/terraform-provider-e2e/e2e/autoscaling/resource_autoscaling.go:952.65,954.3 1 0
github.com/e2eterraformprovider/terraform-provider-e2e/e2e/autoscaling/resource_autoscaling.go:955.2,955.71 1 0
github.com/e2eterraformprovider/terraform-provider-e2e/e2e/autoscaling/resource_autoscaling.go:955.71,957.3 1 0
github.com/e2eterraformprovider/terraform-provider-e2e/e2e/autoscaling/resource_autoscaling.go:959.2,967.67 5 0
github.com/e2eterraformprovider/terraform-provider-e2e/e2e/autoscaling/resource_autoscaling.go:967.67,972.3 3 0
github.com/e2eterraformprovider/terraform-provider-e2e/e2e/autoscaling/resource_autoscaling.go:972.8,972.53 1 0
github.com/e2eterraformprovider/terraform-provider-e2e/e2e/autoscaling/resource_autoscaling.go:972.53,977.3 3 0
github.com/e2eterraformprovider/terraform-provider-e2e/e2e/autoscaling/resource_autoscaling.go:977.8,980.17 2 0
github.com/e2eterraformprovider/terraform-provider-e2e/e2e/autoscaling/resource_autoscaling.go:980.17,982.4 1 0
github.com/e2eterraformprovider/terraform-provider-e2e/e2e/autoscaling/resource_autoscaling.go:983.3,985.57 3 0
github.com/e2eterraformprovider/terraform-provider-e2e/e2e/autoscaling/resource_autoscaling.go:985.57,987.4 1 0
github.com/e2eterraformprovider/terraform-provider-e2e/e2e/autoscaling/resource_autoscaling.go:990.2,990.82 1 0
github.com/e2eterraformprovider/terraform-provider-e2e/e2e/autoscaling/resource_autoscaling.go:990.82,992.3 1 0
github.com/e2eterraformprovider/terraform-provider-e2e/e2e/autoscaling/resource_autoscaling.go:995.2,996.16 2 0
github.com/e2eterraformprovider/terraform-provider-e2e/e2e/autoscaling/resource_autoscaling.go:996.16,998.3 1 0
github.com/e2eterraformprovider/terraform-provider-e2e/e2e/autoscaling/resource_autoscaling.go:1000.2,1005.16 4 0
github.com/e2eterraformprovider/terraform-provider-e2e/e2e/autoscaling/resource_autoscaling.go:1005.16,1007.3 1 0
github.com/e2eterraformprovider/terraform-provider-e2e/e2e/autoscaling/resource_autoscaling.go:1009.2,1012.61 3 0
github.com/e2eterraformprovider/terraform-provider-e2e/e2e/autoscaling/resource_autoscaling.go:1015.107,1021.16 4 0
github.com/e2eterraformprovider/terraform-provider-e2e/e2e/autoscaling/resource_autoscaling.go:1021.16,1023.3 1 0
github.com/e2eterraformprovider/terraform-provider-e2e/e2e/autoscaling/resource_autoscaling.go:1025.2,1026.16 2 0
github.com/e2eterraformprovider/terraform-provider-e2e/e2e/autoscaling/resource_autoscaling.go:1026.16,1028.3 1 0
github.com/e2eterraformprovider/terraform-provider-e2e/e2e/autoscaling/resource_autoscaling.go:1031.2,1032.16 2 0
github.com/e2eterraformprovider/terraform-provider-e2e/e2e/autoscaling/resource_autoscaling.go:1032.16,1034.3 1 0
github.com/e2eterraformprovider/terraform-provider-e2e/e2e/autoscaling/resource_autoscaling.go:1036.2,1040.16 3 0
github.com/e2eterraformprovider/terraform-provider-e2e/e2e/autoscaling/resource_autoscaling.go:1040.16,1042.3 1 0
github.com/e2eterraformprovider/terraform-provider-e2e/e2e/autoscaling/resource_autoscaling.go:1044.2,1044.18 1 0
github.com/e2eterraformprovider/terraform-provider-e2e/e2e/autoscaling/resource_autoscaling.go:1044.18,1047.3 2 0
github.com/e2eterraformprovider/terraform-provider-e2e/e2e/autoscaling/resource_autoscaling.go:1049.2,1054.43 3 0
github.com/e2eterraformprovider/terraform-provider-e2e/e2e/autoscaling/resource_autoscaling.go:1054.43,1056.59 2 0
github.com/e2eterraformprovider/terraform-provider-e2e/e2e/autoscaling/resource_autoscaling.go:1056.59,1058.65 2 0
github.com/e2eterraformprovider/terraform-provider-e2e/e2e/autoscaling/resource_autoscaling.go:1058.65,1060.5 1 0
github.com/e2eterraformprovider/terraform-provider-e2e/e2e/autoscaling/resource_autoscaling.go:1063.2,1063.35 1 0
github.com/e2eterraformprovider/terraform-provider-e2e/e2e/autoscaling/resource_autoscaling.go:1063.35,1064.56 1 0
github.com/e2eterraformprovider/terraform-provider-e2e/e2e/autoscaling/resource_autoscaling.go:1064.56,1066.4 1 0
github.com/e2eterraformprovider/terraform-provider-e2e/e2e/autoscaling/resource_autoscaling.go:1070.2,1070.50 1 0
github.com/e2eterraformprovider/terraform-provider-e2e/e2e/autoscaling/resource_autoscaling.go:1070.50,1072.3 1 0
github.com/e2eterraformprovider/terraform-provider-e2e/e2e/autoscaling/resource_autoscaling.go:1073.2,1073.68 1 0
github.com/e2eterraformprovider/terraform-provider-e2e/e2e/autoscaling/resource_autoscaling.go:1073.68,1075.3 1 0
github.com/e2eterraformprovider/terraform-provider-e2e/e2e/autoscaling/resource_autoscaling.go:1076.2,1076.69 1 0
github.com/e2eterraformprovider/terraform-provider-e2e/e2e/autoscaling/resource_autoscaling.go:1076.69,1078.3 1 0
github.com/e2eterraformprovider/terraform-provider-e2e/e2e/autoscaling/resource_autoscaling.go:1079.2,1079.68 1 0
github.com/e2eterraformprovider/terraform-provider-e2e/e2e/autoscaling/resource_autoscaling.go:1079.68,1081.3 1 0
github.com/e2eterraformprovider/terraform-provider-e2e/e2e/autoscaling/resource_autoscaling.go:1082.2,1082.63 1 0
github.com/e2eterraformprovider/terraform-provider-e2e/e2e/autoscaling/resource_autoscaling.go:1082.63,1084.3 1 0
github.com/e2eterraformprovider/terraform-provider-e2e/e2e/autoscaling/resource_autoscaling.go:1085.2,1085.74 1 0
github.com/e2eterraformprovider/terraform-provider-e2e/e2e/autoscaling/resource_autoscaling.go:1085.74,1087.3 1 0
github.com/e2eterraformprovider/terraform-provider-e2e/e2e/autoscaling/resource_autoscaling.go:1090.2,1090.70 1 0
github.com/e2eterraformprovider/terraform-provider-e2e/e2e/autoscaling/resource_autoscaling.go:1090.70,1092.3 1 0
github.com/e2eterraformprovider/terraform-provider-e2e/e2e/autoscaling/resource_autoscaling.go:1093.2,1093.65 1 0
github.com/e2eterraformprovider/terraform-provider-e2e/e2e/autoscaling/resource_autoscaling.go:1093.65,1095.3 1 0
github.com/e2eterraformprovider/terraform-provider-e2e/e2e/autoscaling/resource_autoscaling.go:1096.2,1096.72 1 0
github.com/e2eterraformprovider/terraform-provider-e2e/e2e/autoscaling/resource_autoscaling.go:1096.72,1098.3 1 0
github.com/e2eterraformprovider/terraform-provider-e2e/e2e/autoscaling/resource_autoscaling.go:1099.2,1099.58 1 0
github.com/e2eterraformprovider/terraform-provider-e2e/e2e/autoscaling/resource_autoscaling.go:1099.58,1101.3 1 0
github.com/e2eterraformprovider/terraform-provider-e2e/e2e/autoscaling/resource_autoscaling.go:1102.2,1102.72 1 0
github.com/e2eterraformprovider/terraform-provider-e2e/e2e/autoscaling/resource_autoscaling.go:1102.72,1104.3 1 0
github.com/e2eterraformprovider/terraform-provider-e2e/e2e/autoscaling/resource_autoscaling.go:1105.2,1105.58 1 0
github.com/e2eterraformprovider/terraform-provider-e2e/e2e/autoscaling/resource_autoscaling.go:1105.58,1107.3 1 0
github.com/e2eterraformprovider/terraform-provider-e2e/e2e/autoscaling/resource_autoscaling.go:1110.2,1110.56 1 0
github.com/e2eterraformprovider/terraform-provider-e2e/e2e/autoscaling/resource_autoscaling.go:1110.56,1112.3 1 0
github.com/e2eterraformprovider/terraform-provider-e2e/e2e/autoscaling/resource_autoscaling.go:1113.2,1113.67 1 0
github.com/e2eterraformprovider/terraform-provider-e2e/e2e/autoscaling/resource_autoscaling.go:1113.67,1115.3 1 0
github.com/e2eterraformprovider/terraform-provider-e2e/e2e/autoscaling/resource_autoscaling.go:1118.2,1119.68 2 0
github.com/e2eterraformprovider/terraform-provider-e2e/e2e/autoscaling/resource_autoscaling.go:1119.68,1121.3 1 0
github.com/e2eterraformprovider/terraform-provider-e2e/e2e/autoscaling/resource_autoscaling.go:1123.2,1124.50 2 0
github.com/e2eterraformprovider/terraform-provider-e2e/e2e/autoscaling/resource_autoscaling.go:1124.50,1126.3 1 0
github.com/e2eterraformprovider/terraform-provider-e2e/e2e/autoscaling/resource_autoscaling.go:1129.2,1131.16 3 0
github.com/e2eterraformprovider/terraform-provider-e2e/e2e/autoscaling/resource_autoscaling.go:1131.16,1133.3 1 0
github.com/e2eterraformprovider/terraform-provider-e2e/e2e/autoscaling/resource_autoscaling.go:1133.8,1135.36 1 0
github.com/e2eterraformprovider/terraform-provider-e2e/e2e/autoscaling/resource_autoscaling.go:1135.36,1137.4 1 0
github.com/e2eterraformprovider/terraform-provider-e2e/e2e/autoscaling/resource_autoscaling.go:1139.3,1140.17 2 0
github.com/e2eterraformprovider/terraform-provider-e2e/e2e/autoscaling/resource_autoscaling.go:1140.17,1142.4 1 0
github.com/e2eterraformprovider/terraform-provider-e2e/e2e/autoscaling/resource_autoscaling.go:1142.9,1144.52 1 0
github.com/e2eterraformprovider/terraform-provider-e2e/e2e/autoscaling/resource_autoscaling.go:1144.52,1146.5 1 0
github.com/e2eterraformprovider/terraform-provider-e2e/e2e/autoscaling/resource_autoscaling.go:1147.4,1147.59 1 0
github.com/e2eterraformprovider/terraform-provider-e2e/e2e/autoscaling/resource_autoscaling.go:1147.59,1149.5 1 0
github.com/e2eterraformprovider/terraform-provider-e2e/e2e/autoscaling/resource_autoscaling.go:1154.2,1154.75 1 0
github.com/e2eterraformprovider/terraform-provider-e2e/e2e/autoscaling/resource_autoscaling.go:1154.75,1156.17 2 0
github.com/e2eterraformprovider/terraform-provider-e2e/e2e/autoscaling/resource_autoscaling.go:1156.17,1158.4 1 0
github.com/e2eterraformprovider/terraform-provider-e2e/e2e/autoscaling/resource_autoscaling.go:1158.9,1160.4 1 0
github.com/e2eterraformprovider/terraform-provider-e2e/e2e/autoscaling/resource_autoscaling.go:1164.2,1166.16 3 0
github.com/e2eterraformprovider/terraform-provider-e2e/e2e/autoscaling/resource_autoscaling.go:1166.16,1169.47 2 0
github.com/e2eterraformprovider/terraform-provider-e2e/e2e/autoscaling/resource_autoscaling.go:1169.47,1171.4 1 0
github.com/e2eterraformprovider/terraform-provider-e2e/e2e/autoscaling/resource_autoscaling.go:1171.9,1171.68 1 0
github.com/e2eterraformprovider/terraform-provider-e2e/e2e/autoscaling/resource_autoscaling.go:1171.68,1173.4 1 0
github.com/e2eterraformprovider/terraform-provider-e2e/e2e/autoscaling/resource_autoscaling.go:1174.8,1177.94 2 0
github.com/e2eterraformprovider/terraform-provider-e2e/e2e/autoscaling/resource_autoscaling.go:1177.94,1179.4 1 0
github.com/e2eterraformprovider/terraform-provider-e2e/e2e/autoscaling/resource_autoscaling.go:1180.3,1180.80 1 0
github.com/e2eterraformprovider/terraform-provider-e2e/e2e/autoscaling/resource_autoscaling.go:1180.80,1182.4 1 0
github.com/e2eterraformprovider/terraform-provider-e2e/e2e/autoscaling/resource_autoscaling.go:1186.2,1187.67 2 0
github.com/e2eterraformprovider/terraform-provider-e2e/e2e/autoscaling/resource_autoscaling.go:1187.67,1190.31 3 0
github.com/e2eterraformprovider/terraform-provider-e2e/e2e/autoscaling/resource_autoscaling.go:1190.31,1192.4 1 0
github.com/e2eterraformprovider/terraform-provider-e2e/e2e/autoscaling/resource_autoscaling.go:1196.2,1196.53 1 0
github.com/e2eterraformprovider/terraform-provider-e2e/e2e/autoscaling/resource_autoscaling.go:1196.53,1198.3 1 0
github.com/e2eterraformprovider/terraform-provider-e2e/e2e/autoscaling/resource_autoscaling.go:1201.2,1202.52 2 0
github.com/e2eterraformprovider/terraform-provider-e2e/e2e/autoscaling/resource_autoscaling.go:1202.52,1204.3 1 0
github.com/e2eterraformprovider/terraform-provider-e2e/e2e/autoscaling/resource_autoscaling.go:1205.2,1205.60 1 0
github.com/e2eterraformprovider/terraform-provider-e2e/e2e/autoscaling/resource_autoscaling.go:1205.60,1207.3 1 0
github.com/e2eterraformprovider/terraform-provider-e2e/e2e/autoscaling/resource_autoscaling.go:1210.2,1211.63 2 0
github.com/e2eterraformprovider/terraform-provider-e2e/e2e/autoscaling/resource_autoscaling.go:1211.63,1213.3 1 0
github.com/e2eterraformprovider/terraform-provider-e2e/e2e/autoscaling/resource_autoscaling.go:1214.2,1214.64 1 0
github.com/e2eterraformprovider/terraform-provider-e2e/e2e/autoscaling/resource_autoscaling.go:1214.64,1216.3 1 0
github.com/e2eterraformprovider/terraform-provider-e2e/e2e/autoscaling/resource_autoscaling.go:1219.2,1220.28 2 0
github.com/e2eterraformprovider/terraform-provider-e2e/e2e/autoscaling/resource_autoscaling.go:1220.28,1221.64 1 0
github.com/e2eterraformprovider/terraform-provider-e2e/e2e/autoscaling/resource_autoscaling.go:1221.64,1223.4 1 0
github.com/e2eterraformprovider/terraform-provider-e2e/e2e/autoscaling/resource_autoscaling.go:1226.2,1227.12 2 0
github.com/e2eterraformprovider/terraform-provider-e2e/e2e/autoscaling/resource_autoscaling.go:1230.109,1236.16 4 0
github.com/e2eterraformprovider/terraform-provider-e2e/e2e/autoscaling/resource_autoscaling.go:1236.16,1238.3 1 0
github.com/e2eterraformprovider/terraform-provider-e2e/e2e/autoscaling/resource_autoscaling.go:1240.2,1241.16 2 0
github.com/e2eterraformprovider/terraform-provider-e2e/e2e/autoscaling/resource_autoscaling.go:1241.16,1243.3 1 0
github.com/e2eterraformprovider/terraform-provider-e2e/e2e/autoscaling/resource_autoscaling.go:1246.2,1247.16 2 0
github.com/e2eterraformprovider/terraform-provider-e2e/e2e/autoscaling/resource_autoscaling.go:1247.16,1249.3 1 0
github.com/e2eterraformprovider/terraform-provider-e2e/e2e/autoscaling/resource_autoscaling.go:1251.2,1255.16 3 0
github.com/e2eterraformprovider/terraform-provider-e2e/e2e/autoscaling/resource_autoscaling.go:1255.16,1257.3 1 0
github.com/e2eterraformprovider/terraform-provider-e2e/e2e/autoscaling/resource_autoscaling.go:1259.2,1261.12 3 0
github.com/e2eterraformprovider/terraform-provider-e2e/e2e/autoscaling/resource_autoscaling.go:1266.263,1272.16 4 0
github.com/e2eterraformprovider/terraform-provider-e2e/e2e/autoscaling/resource_autoscaling.go:1272.16,1274.3 1 0
github.com/e2eterraformprovider/terraform-provider-e2e/e2e/autoscaling/resource_autoscaling.go:1277.2,1287.26 7 0
github.com/e2eterraformprovider/terraform-provider-e2e/e2e/autoscaling/resource_autoscaling.go:1287.26,1289.3 1 0
github.com/e2eterraformprovider/terraform-provider-e2e/e2e/autoscaling/resource_autoscaling.go:1289.8,1291.3 1 0
github.com/e2eterraformprovider/terraform-provider-e2e/e2e/autoscaling/resource_autoscaling.go:1294.2,1301.61 4 0
github.com/e2eterraformprovider/terraform-provider-e2e/e2e/autoscaling/resource_autoscaling.go:1301.61,1303.50 1 0
github.com/e2eterraformprovider/terraform-provider-e2e/e2e/autoscaling/resource_autoscaling.go:1303.50,1305.18 2 0
github.com/e2eterraformprovider/terraform-provider-e2e/e2e/autoscaling/resource_autoscaling.go:1305.18,1307.5 1 0
github.com/e2eterraformprovider/terraform-provider-e2e/e2e/autoscaling/resource_autoscaling.go:1308.4,1313.6 1 0
github.com/e2eterraformprovider/terraform-provider-e2e/e2e/autoscaling/resource_autoscaling.go:1315.8,1318.17 2 0
github.com/e2eterraformprovider/terraform-provider-e2e/e2e/autoscaling/resource_autoscaling.go:1318.17,1320.4 1 0
github.com/e2eterraformprovider/terraform-provider-e2e/e2e/autoscaling/resource_autoscaling.go:1323.2,1324.50 2 0
github.com/e2eterraformprovider/terraform-provider-e2e/e2e/autoscaling/resource_autoscaling.go:1324.50,1326.3 1 0
github.com/e2eterraformprovider/terraform-provider-e2e/e2e/autoscaling/resource_autoscaling.go:1328.2,1348.8 1 0
github.com/e2eterraformprovider/terraform-provider-e2e/e2e/autoscaling/resource_autoscaling.go:1351.109,1354.71 3 0
github.com/e2eterraformprovider/terraform-provider-e2e/e2e/autoscaling/resource_autoscaling.go:1354.71,1356.3 1 0
github.com/e2eterraformprovider/terraform-provider-e2e/e2e/autoscaling/resource_autoscaling.go:1358.2,1359.16 2 0
github.com/e2eterraformprovider/terraform-provider-e2e/e2e/autoscaling/resource_autoscaling.go:1359.16,1361.3 1 0
github.com/e2eterraformprovider/terraform-provider-e2e/e2e/autoscaling/resource_autoscaling.go:1363.2,1364.16 2 0
github.com/e2eterraformprovider/terraform-provider-e2e/e2e/autoscaling/resource_autoscaling.go:1364.16,1366.3 1 0
github.com/e2eterraformprovider/terraform-provider-e2e/e2e/autoscaling/resource_autoscaling.go:1369.2,1370.16 2 0
github.com/e2eterraformprovider/terraform-provider-e2e/e2e/autoscaling/resource_autoscaling.go:1370.16,1372.3 1 0
github.com/e2eterraformprovider/terraform-provider-e2e/e2e/autoscaling/resource_autoscaling.go:1374.2,1377.62 2 0
github.com/e2eterraformprovider/terraform-provider-e2e/e2e/autoscaling/resource_autoscaling.go:1377.62,1379.28 2 0
github.com/e2eterraformprovider/terraform-provider-e2e/e2e/autoscaling/resource_autoscaling.go:1379.28,1382.76 2 0
github.com/e2eterraformprovider/terraform-provider-e2e/e2e/autoscaling/resource_autoscaling.go:1382.76,1384.5 1 0
github.com/e2eterraformprovider/terraform-provider-e2e/e2e/autoscaling/resource_autoscaling.go:1384.10,1384.83 1 0
github.com/e2eterraformprovider/terraform-provider-e2e/e2e/autoscaling/resource_autoscaling.go:1384.83,1386.5 1 0
github.com/e2eterraformprovider/terraform-provider-e2e/e2e/autoscaling/resource_autoscaling.go:1387.9,1389.4 1 0
github.com/e2eterraformprovider/terraform-provider-e2e/e2e/autoscaling/resource_autoscaling.go:1391.3,1395.17 4 0
github.com/e2eterraformprovider/terraform-provider-e2e/e2e/autoscaling/resource_autoscaling.go:1395.17,1397.4 1 0
github.com/e2eterraformprovider/terraform-provider-e2e/e2e/autoscaling/resource_autoscaling.go:1399.3,1399.62 1 0
github.com/e2eterraformprovider/terraform-provider-e2e/e2e/autoscaling/resource_autoscaling.go:1403.2,1407.46 4 0
github.com/e2eterraformprovider/terraform-provider-e2e/e2e/autoscaling/resource_autoscaling.go:1407.46,1409.3 1 0
github.com/e2eterraformprovider/terraform-provider-e2e/e2e/autoscaling/resource_autoscaling.go:1412.2,1419.42 3 0
github.com/e2eterraformprovider/terraform-provider-e2e/e2e/autoscaling/resource_autoscaling.go:1419.42,1422.17 3 0
github.com/e2eterraformprovider/terraform-provider-e2e/e2e/autoscaling/resource_autoscaling.go:1422.17,1424.4 1 0
github.com/e2eterraformprovider/terraform-provider-e2e/e2e/autoscaling/resource_autoscaling.go:1425.3,1425.62 1 0
github.com/e2eterraformprovider/terraform-provider-e2e/e2e/autoscaling/resource_autoscaling.go:1429.2,1429.35 1 0
github.com/e2eterraformprovider/terraform-provider-e2e/e2e/autoscaling/resource_autoscaling.go:1429.35,1435.99 4 0
github.com/e2eterraformprovider/terraform-provider-e2e/e2e/autoscaling/resource_autoscaling.go:1435.99,1437.24 2 0
github.com/e2eterraformprovider/terraform-provider-e2e/e2e/autoscaling/resource_autoscaling.go:1437.24,1439.5 1 0
github.com/e2eterraformprovider/terraform-provider-e2e/e2e/autoscaling/resource_autoscaling.go:1439.10,1442.5 1 0
github.com/e2eterraformprovider/terraform-provider-e2e/e2e/autoscaling/resource_autoscaling.go:1444.4,1447.18 3 0
github.com/e2eterraformprovider/terraform-provider-e2e/e2e/autoscaling/resource_autoscaling.go:1447.18,1449.5 1 0
github.com/e2eterraformprovider/terraform-provider-e2e/e2e/autoscaling/resource_autoscaling.go:1450.4,1450.20 1 0
github.com/e2eterraformprovider/terraform-provider-e2e/e2e/autoscaling/resource_autoscaling.go:1450.20,1452.5 1 0
github.com/e2eterraformprovider/terraform-provider-e2e/e2e/autoscaling/resource_autoscaling.go:1453.4,1454.106 2 0
github.com/e2eterraformprovider/terraform-provider-e2e/e2e/autoscaling/resource_autoscaling.go:1454.106,1456.5 1 0
github.com/e2eterraformprovider/terraform-provider-e2e/e2e/autoscaling/resource_autoscaling.go:1459.4,1460.11 2 0
github.com/e2eterraformprovider/terraform-provider-e2e/e2e/autoscaling/resource_autoscaling.go:1460.11,1462.5 1 0
github.com/e2eterraformprovider/terraform-provider-e2e/e2e/autoscaling/resource_autoscaling.go:1463.4,1463.48 1 0
github.com/e2eterraformprovider/terraform-provider-e2e/e2e/autoscaling/resource_autoscaling.go:1463.48,1465.5 1 0
github.com/e2eterraformprovider/terraform-provider-e2e/e2e/autoscaling/resource_autoscaling.go:1467.4,1467.14 1 0
github.com/e2eterraformprovider/terraform-provider-e2e/e2e/autoscaling/resource_autoscaling.go:1467.14,1470.19 3 0
github.com/e2eterraformprovider/terraform-provider-e2e/e2e/autoscaling/resource_autoscaling.go:1470.19,1472.6 1 0
github.com/e2eterraformprovider/terraform-provider-e2e/e2e/autoscaling/resource_autoscaling.go:1473.10,1476.19 3 0
github.com/e2eterraformprovider/terraform-provider-e2e/e2e/autoscaling/resource_autoscaling.go:1476.19,1478.6 1 0
github.com/e2eterraformprovider/terraform-provider-e2e/e2e/autoscaling/resource_autoscaling.go:1483.3,1483.105 1 0
github.com/e2eterraformprovider/terraform-provider-e2e/e2e/autoscaling/resource_autoscaling.go:1483.105,1485.24 2 0
github.com/e2eterraformprovider/terraform-provider-e2e/e2e/autoscaling/resource_autoscaling.go:1485.24,1487.5 1 0
github.com/e2eterraformprovider/terraform-provider-e2e/e2e/autoscaling/resource_autoscaling.go:1487.10,1489.43 1 0
github.com/e2eterraformprovider/terraform-provider-e2e/e2e/autoscaling/resource_autoscaling.go:1489.43,1490.45 1 0
github.com/e2eterraformprovider/terraform-provider-e2e/e2e/autoscaling/resource_autoscaling.go:1490.45,1493.7 2 0
github.com/e2eterraformprovider/terraform-provider-e2e/e2e/autoscaling/resource_autoscaling.go:1494.11,1494.43 1 0
github.com/e2eterraformprovider/terraform-provider-e2e/e2e/autoscaling/resource_autoscaling.go:1494.43,1495.45 1 0
github.com/e2eterraformprovider/terraform-provider-e2e/e2e/autoscaling/resource_autoscaling.go:1495.45,1498.7 2 0
github.com/e2eterraformprovider/terraform-provider-e2e/e2e/autoscaling/resource_autoscaling.go:1502.4,1503.18 2 0
github.com/e2eterraformprovider/terraform-provider-e2e/e2e/autoscaling/resource_autoscaling.go:1503.18,1505.5 1 0
github.com/e2eterraformprovider/terraform-provider-e2e/e2e/autoscaling/resource_autoscaling.go:1506.4,1506.20 1 0
github.com/e2eterraformprovider/terraform-provider-e2e/e2e/autoscaling/resource_autoscaling.go:1506.20,1508.5 1 0
github.com/e2eterraformprovider/terraform-provider-e2e/e2e/autoscaling/resource_autoscaling.go:1509.4,1510.106 2 0
github.com/e2eterraformprovider/terraform-provider-e2e/e2e/autoscaling/resource_autoscaling.go:1510.106,1512.5 1 0
github.com/e2eterraformprovider/terraform-provider-e2e/e2e/autoscaling/resource_autoscaling.go:1515.4,1516.24 2 0
github.com/e2eterraformprovider/terraform-provider-e2e/e2e/autoscaling/resource_autoscaling.go:1516.24,1518.5 1 0
github.com/e2eterraformprovider/terraform-provider-e2e/e2e/autoscaling/resource_autoscaling.go:1518.10,1520.30 2 0
github.com/e2eterraformprovider/terraform-provider-e2e/e2e/autoscaling/resource_autoscaling.go:1520.30,1522.6 1 0
github.com/e2eterraformprovider/terraform-provider-e2e/e2e/autoscaling/resource_autoscaling.go:1525.4,1529.37 3 0
github.com/e2eterraformprovider/terraform-provider-e2e/e2e/autoscaling/resource_autoscaling.go:1529.37,1531.19 2 0
github.com/e2eterraformprovider/terraform-provider-e2e/e2e/autoscaling/resource_autoscaling.go:1531.19,1533.6 1 0
github.com/e2eterraformprovider/terraform-provider-e2e/e2e/autoscaling/resource_autoscaling.go:1535.5,1546.19 4 0
github.com/e2eterraformprovider/terraform-provider-e2e/e2e/autoscaling/resource_autoscaling.go:1546.19,1548.6 1 0
github.com/e2eterraformprovider/terraform-provider-e2e/e2e/autoscaling/resource_autoscaling.go:1552.4,1552.37 1 0
github.com/e2eterraformprovider/terraform-provider-e2e/e2e/autoscaling/resource_autoscaling.go:1552.37,1554.19 2 0
github.com/e2eterraformprovider/terraform-provider-e2e/e2e/autoscaling/resource_autoscaling.go:1554.19,1556.6 1 0
github.com/e2eterraformprovider/terraform-provider-e2e/e2e/autoscaling/resource_autoscaling.go:1557.5,1559.19 3 0
github.com/e2eterraformprovider/terraform-provider-e2e/e2e/autoscaling/resource_autoscaling.go:1559.19,1561.6 1 0
github.com/e2eterraformprovider/terraform-provider-e2e/e2e/autoscaling/resource_autoscaling.go:1566.3,1566.114 1 0
github.com/e2eterraformprovider/terraform-provider-e2e/e2e/autoscaling/resource_autoscaling.go:1566.114,1568.24 2 0
github.com/e2eterraformprovider/terraform-provider-e2e/e2e/autoscaling/resource_autoscaling.go:1568.24,1570.5 1 0
github.com/e2eterraformprovider/terraform-provider-e2e/e2e/autoscaling/resource_autoscaling.go:1570.10,1572.63 1 0
github.com/e2eterraformprovider/terraform-provider-e2e/e2e/autoscaling/resource_autoscaling.go:1572.63,1575.34 3 0
github.com/e2eterraformprovider/terraform-provider-e2e/e2e/autoscaling/resource_autoscaling.go:1575.34,1577.7 1 0
github.com/e2eterraformprovider/terraform-provider-e2e/e2e/autoscaling/resource_autoscaling.go:1581.4,1582.18 2 0
github.com/e2eterraformprovider/terraform-provider-e2e/e2e/autoscaling/resource_autoscaling.go:1582.18,1584.5 1 0
github.com/e2eterraformprovider/terraform-provider-e2e/e2e/autoscaling/resource_autoscaling.go:1585.4,1585.20 1 0
github.com/e2eterraformprovider/terraform-provider-e2e/e2e/autoscaling/resource_autoscaling.go:1585.20,1587.5 1 0
github.com/e2eterraformprovider/terraform-provider-e2e/e2e/autoscaling/resource_autoscaling.go:1588.4,1589.106 2 0
github.com/e2eterraformprovider/terraform-provider-e2e/e2e/autoscaling/resource_autoscaling.go:1589.106,1591.5 1 0
github.com/e2eterraformprovider/terraform-provider-e2e/e2e/autoscaling/resource_autoscaling.go:1593.4,1593.26 1 0
github.com/e2eterraformprovider/terraform-provider-e2e/e2e/autoscaling/resource_autoscaling.go:1593.26,1595.5 1 0
github.com/e2eterraformprovider/terraform-provider-e2e/e2e/autoscaling/resource_autoscaling.go:1598.4,1599.24 2 0
github.com/e2eterraformprovider/terraform-provider-e2e/e2e/autoscaling/resource_autoscaling.go:1599.24,1601.5 1 0
github.com/e2eterraformprovider/terraform-provider-e2e/e2e/autoscaling/resource_autoscaling.go:1601.10,1605.5 3 0
github.com/e2eterraformprovider/terraform-provider-e2e/e2e/autoscaling/resource_autoscaling.go:1607.4,1613.37 5 0
github.com/e2eterraformprovider/terraform-provider-e2e/e2e/autoscaling/resource_autoscaling.go:1613.37,1617.19 4 0
github.com/e2eterraformprovider/terraform-provider-e2e/e2e/autoscaling/resource_autoscaling.go:1617.19,1619.6 1 0
github.com/e2eterraformprovider/terraform-provider-e2e/e2e/autoscaling/resource_autoscaling.go:1622.4,1622.37 1 0
github.com/e2eterraformprovider/terraform-provider-e2e/e2e/autoscaling/resource_autoscaling.go:1622.37,1626.19 4 0
github.com/e2eterraformprovider/terraform-provider-e2e/e2e/autoscaling/resource_autoscaling.go:1626.19,1628.6 1 0
github.com/e2eterraformprovider/terraform-provider-e2e/e2e/autoscaling/resource_autoscaling.go:1634.2,1634.85 1 0
github.com/e2eterraformprovider/terraform-provider-e2e/e2e/autoscaling/resource_autoscaling.go:1634.85,1638.17 3 0
github.com/e2eterraformprovider/terraform-provider-e2e/e2e/autoscaling/resource_autoscaling.go:1638.17,1640.4 1 0
github.com/e2eterraformprovider/terraform-provider-e2e/e2e/autoscaling/resource_autoscaling.go:1641.3,1641.19 1 0
github.com/e2eterraformprovider/terraform-provider-e2e/e2e/autoscaling/resource_autoscaling.go:1641.19,1643.4 1 0
github.com/e2eterraformprovider/terraform-provider-e2e/e2e/autoscaling/resource_autoscaling.go:1644.3,1645.105 2 0
github.com/e2eterraformprovider/terraform-provider-e2e/e2e/autoscaling/resource_autoscaling.go:1645.105,1647.4 1 0
github.com/e2eterraformprovider/terraform-provider-e2e/e2e/autoscaling/resource_autoscaling.go:1649.3,1653.24 4 0
github.com/e2eterraformprovider/terraform-provider-e2e/e2e/autoscaling/resource_autoscaling.go:1653.24,1655.4 1 0
github.com/e2eterraformprovider/terraform-provider-e2e/e2e/autoscaling/resource_autoscaling.go:1657.3,1663.36 5 0
github.com/e2eterraformprovider/terraform-provider-e2e/e2e/autoscaling/resource_autoscaling.go:1663.36,1667.18 4 0
github.com/e2eterraformprovider/terraform-provider-e2e/e2e/autoscaling/resource_autoscaling.go:1667.18,1669.5 1 0
github.com/e2eterraformprovider/terraform-provider-e2e/e2e/autoscaling/resource_autoscaling.go:1672.3,1672.36 1 0
github.com/e2eterraformprovider/terraform-provider-e2e/e2e/autoscaling/resource_autoscaling.go:1672.36,1676.18 4 0
github.com/e2eterraformprovider/terraform-provider-e2e/e2e/autoscaling/resource_autoscaling.go:1676.18,1678.5 1 0
github.com/e2eterraformprovider/terraform-provider-e2e/e2e/autoscaling/resource_autoscaling.go:1683.2,1683.89 1 0
github.com/e2eterraformprovider/terraform-provider-e2e/e2e/autoscaling/resource_autoscaling.go:1683.89,1685.17 2 0
github.com/e2eterraformprovider/terraform-provider-e2e/e2e/autoscaling/resource_autoscaling.go:1685.17,1687.4 1 0
github.com/e2eterraformprovider/terraform-provider-e2e/e2e/autoscaling/resource_autoscaling.go:1688.3,1688.19 1 0
github.com/e2eterraformprovider/terraform-provider-e2e/e2e/autoscaling/resource_autoscaling.go:1688.19,1690.4 1 0
github.com/e2eterraformprovider/terraform-provider-e2e/e2e/autoscaling/resource_autoscaling.go:1691.3,1692.105 2 0
github.com/e2eterraformprovider/terraform-provider-e2e/e2e/autoscaling/resource_autoscaling.go:1692.105,1694.4 1 0
github.com/e2eterraformprovider/terraform-provider-e2e/e2e/autoscaling/resource_autoscaling.go:1697.3,1698.25 2 0
github.com/e2eterraformprovider/terraform-provider-e2e/e2e/autoscaling/resource_autoscaling.go:1698.25,1700.4 1 0
github.com/e2eterraformprovider/terraform-provider-e2e/e2e/autoscaling/resource_autoscaling.go:1700.9,1702.4 1 0
github.com/e2eterraformprovider/terraform-provider-e2e/e2e/autoscaling/resource_autoscaling.go:1704.3,1711.36 5 0
github.com/e2eterraformprovider/terraform-provider-e2e/e2e/autoscaling/resource_autoscaling.go:1711.36,1714.18 2 0
github.com/e2eterraformprovider/terraform-provider-e2e/e2e/autoscaling/resource_autoscaling.go:1714.18,1716.5 1 0
github.com/e2eterraformprovider/terraform-provider-e2e/e2e/autoscaling/resource_autoscaling.go:1719.4,1730.18 4 0
github.com/e2eterraformprovider/terraform-provider-e2e/e2e/autoscaling/resource_autoscaling.go:1730.18,1732.5 1 0
github.com/e2eterraformprovider/terraform-provider-e2e/e2e/autoscaling/resource_autoscaling.go:1736.3,1736.36 1 0
github.com/e2eterraformprovider/terraform-provider-e2e/e2e/autoscaling/resource_autoscaling.go:1736.36,1739.18 2 0
github.com/e2eterraformprovider/terraform-provider-e2e/e2e/autoscaling/resource_autoscaling.go:1739.18,1741.5 1 0
github.com/e2eterraformprovider/terraform-provider-e2e/e2e/autoscaling/resource_autoscaling.go:1742.4,1744.18 3 0
github.com/e2eterraformprovider/terraform-provider-e2e/e2e/autoscaling/resource_autoscaling.go:1744.18,1746.5 1 0
github.com/e2eterraformprovider/terraform-provider-e2e/e2e/autoscaling/resource_autoscaling.go:1750.3,1753.36 3 0
github.com/e2eterraformprovider/terraform-provider-e2e/e2e/autoscaling/resource_autoscaling.go:1753.36,1755.18 2 0
github.com/e2eterraformprovider/terraform-provider-e2e/e2e/autoscaling/resource_autoscaling.go:1755.18,1757.5 1 0
github.com/e2eterraformprovider/terraform-provider-e2e/e2e/autoscaling/resource_autoscaling.go:1759.4,1760.41 2 0
github.com/e2eterraformprovider/terraform-provider-e2e/e2e/autoscaling/resource_autoscaling.go:1760.41,1768.5 1 0
github.com/e2eterraformprovider/terraform-provider-e2e/e2e/autoscaling/resource_autoscaling.go:1770.4,1776.6 1 0
github.com/e2eterraformprovider/terraform-provider-e2e/e2e/autoscaling/resource_autoscaling.go:1780.3,1780.52 1 0
github.com/e2eterraformprovider/terraform-provider-e2e/e2e/autoscaling/resource_autoscaling.go:1780.52,1782.4 1 0
github.com/e2eterraformprovider/terraform-provider-e2e/e2e/autoscaling/resource_autoscaling.go:1783.3,1783.59 1 0
github.com/e2eterraformprovider/terraform-provider-e2e/e2e/autoscaling/resource_autoscaling.go:1783.59,1785.4 1 0
github.com/e2eterraformprovider/terraform-provider-e2e/e2e/autoscaling/resource_autoscaling.go:1789.2,1789.122 1 0
github.com/e2eterraformprovider/terraform-provider-e2e/e2e/autoscaling/resource_autoscaling.go:1789.122,1791.38 2 0
github.com/e2eterraformprovider/terraform-provider-e2e/e2e/autoscaling/resource_autoscaling.go:1791.38,1793.4 1 0
github.com/e2eterraformprovider/terraform-provider-e2e/e2e/autoscaling/resource_autoscaling.go:1793.9,1795.4 1 0
github.com/e2eterraformprovider/terraform-provider-e2e/e2e/autoscaling/resource_autoscaling.go:1797.3,1800.17 3 0
github.com/e2eterraformprovider/terraform-provider-e2e/e2e/autoscaling/resource_autoscaling.go:1800.17,1802.4 1 0
github.com/e2eterraformprovider/terraform-provider-e2e/e2e/autoscaling/resource_autoscaling.go:1803.3,1803.19 1 0
github.com/e2eterraformprovider/terraform-provider-e2e/e2e/autoscaling/resource_autoscaling.go:1803.19,1805.4 1 0
github.com/e2eterraformprovider/terraform-provider-e2e/e2e/autoscaling/resource_autoscaling.go:1806.3,1807.105 2 0
github.com/e2eterraformprovider/terraform-provider-e2e/e2e/autoscaling/resource_autoscaling.go:1807.105,1809.4 1 0
github.com/e2eterraformprovider/terraform-provider-e2e/e2e/autoscaling/resource_autoscaling.go:1812.3,1813.10 2 0
github.com/e2eterraformprovider/terraform-provider-e2e/e2e/autoscaling/resource_autoscaling.go:1813.10,1815.4 1 0
github.com/e2eterraformprovider/terraform-provider-e2e/e2e/autoscaling/resource_autoscaling.go:1816.3,1816.47 1 0
github.com/e2eterraformprovider/terraform-provider-e2e/e2e/autoscaling/resource_autoscaling.go:1816.47,1818.4 1 0
github.com/e2eterraformprovider/terraform-provider-e2e/e2e/autoscaling/resource_autoscaling.go:1820.3,1820.13 1 0
github.com/e2eterraformprovider/terraform-provider-e2e/e2e/autoscaling/resource_autoscaling.go:1820.13,1823.18 3 0
github.com/e2eterraformprovider/terraform-provider-e2e/e2e/autoscaling/resource_autoscaling.go:1823.18,1825.5 1 0
github.com/e2eterraformprovider/terraform-provider-e2e/e2e/autoscaling/resource_autoscaling.go:1826.9,1829.18 3 0
github.com/e2eterraformprovider/terraform-provider-e2e/e2e/autoscaling/resource_autoscaling.go:1829.18,1831.5 1 0
github.com/e2eterraformprovider/terraform-provider-e2e/e2e/autoscaling/resource_autoscaling.go:1836.2,1841.40 3 0
github.com/e2eterraformprovider/terraform-provider-e2e/e2e/autoscaling/resource_autoscaling.go:1841.40,1844.3 2 0
github.com/e2eterraformprovider/terraform-provider-e2e/e2e/autoscaling/resource_autoscaling.go:1847.2,1848.44 2 0
github.com/e2eterraformprovider/terraform-provider-e2e/e2e/autoscaling/resource_autoscaling.go:1848.44,1850.39 1 0
github.com/e2eterraformprovider/terraform-provider-e2e/e2e/autoscaling/resource_autoscaling.go:1850.39,1853.45 3 0
github.com/e2eterraformprovider/terraform-provider-e2e/e2e/autoscaling/resource_autoscaling.go:1853.45,1855.5 1 0
github.com/e2eterraformprovider/terraform-provider-e2e/e2e/autoscaling/resource_autoscaling.go:1857.4,1859.35 3 0
github.com/e2eterraformprovider/terraform-provider-e2e/e2e/autoscaling/resource_autoscaling.go:1859.35,1861.5 1 0
github.com/e2eterraformprovider/terraform-provider-e2e/e2e/autoscaling/resource_autoscaling.go:1861.10,1861.45 1 0
github.com/e2eterraformprovider/terraform-provider-e2e/e2e/autoscaling/resource_autoscaling.go:1861.45,1863.5 1 0
github.com/e2eterraformprovider/terraform-provider-e2e/e2e/autoscaling/resource_autoscaling.go:1865.4,1874.6 1 0
github.com/e2eterraformprovider/terraform-provider-e2e/e2e/autoscaling/resource_autoscaling.go:1876.8,1876.43 1 0
github.com/e2eterraformprovider/terraform-provider-e2e/e2e/autoscaling/resource_autoscaling.go:1876.43,1878.39 1 0
github.com/e2eterraformprovider/terraform-provider-e2e/e2e/autoscaling/resource_autoscaling.go:1878.39,1890.4 2 0
github.com/e2eterraformprovider/terraform-provider-e2e/e2e/autoscaling/resource_autoscaling.go:1893.2,1894.47 2 0
github.com/e2eterraformprovider/terraform-provider-e2e/e2e/autoscaling/resource_autoscaling.go:1894.47,1896.39 1 0
github.com/e2eterraformprovider/terraform-provider-e2e/e2e/autoscaling/resource_autoscaling.go:1896.39,1900.78 4 0
github.com/e2eterraformprovider/terraform-provider-e2e/e2e/autoscaling/resource_autoscaling.go:1900.78,1902.5 1 0
github.com/e2eterraformprovider/terraform-provider-e2e/e2e/autoscaling/resource_autoscaling.go:1902.10,1904.5 1 0
github.com/e2eterraformprovider/terraform-provider-e2e/e2e/autoscaling/resource_autoscaling.go:1905.4,1909.6 1 0
github.com/e2eterraformprovider/terraform-provider-e2e/e2e/autoscaling/resource_autoscaling.go:1911.8,1911.53 1 0
github.com/e2eterraformprovider/terraform-provider-e2e/e2e/autoscaling/resource_autoscaling.go:1911.53,1913.39 1 0
github.com/e2eterraformprovider/terraform-provider-e2e/e2e/autoscaling/resource_autoscaling.go:1913.39,1920.4 2 0
github.com/e2eterraformprovider/terraform-provider-e2e/e2e/autoscaling/resource_autoscaling.go:1923.2,1924.30 2 0
github.com/e2eterraformprovider/terraform-provider-e2e/e2e/autoscaling/resource_autoscaling.go:1924.30,1926.23 2 0
github.com/e2eterraformprovider/terraform-provider-e2e/e2e/autoscaling/resource_autoscaling.go:1926.23,1928.4 1 0
github.com/e2eterraformprovider/terraform-provider-e2e/e2e/autoscaling/resource_autoscaling.go:1931.2,1944.16 5 0
github.com/e2eterraformprovider/terraform-provider-e2e/e2e/autoscaling/resource_autoscaling.go:1944.16,1946.3 1 0
github.com/e2eterraformprovider/terraform-provider-e2e/e2e/autoscaling/resource_autoscaling.go:1948.2,1948.43 1 0
github.com/e2eterraformprovider/terraform-provider-e2e/e2e/autoscaling/resource_autoscaling.go:1951.51,1953.27 2 0
github.com/e2eterraformprovider/terraform-provider-e2e/e2e/autoscaling/resource_autoscaling.go:1953.27,1954.48 1 0
github.com/e2eterraformprovider/terraform-provider-e2e/e2e/autoscaling/resource_autoscaling.go:1954.48,1955.42 1 0
github.com/e2eterraformprovider/terraform-provider-e2e/e2e/autoscaling/resource_autoscaling.go:1955.42,1957.5 1 0
github.com/e2eterraformprovider/terraform-provider-e2e/e2e/autoscaling/resource_autoscaling.go:1960.2,1960.14 1 0
github.com/e2eterraformprovider/terraform-provider-e2e/e2e/autoscaling/resource_autoscaling.go:1963.41,1965.22 2 0
github.com/e2eterraformprovider/terraform-provider-e2e/e2e/autoscaling/resource_autoscaling.go:1965.22,1967.3 1 0
github.com/e2eterraformprovider/terraform-provider-e2e/e2e/autoscaling/resource_autoscaling.go:1968.2,1969.22 2 0
github.com/e2eterraformprovider/terraform-provider-e2e/e2e/autoscaling/resource_autoscaling.go:1969.22,1970.13 1 0
github.com/e2eterraformprovider/terraform-provider-e2e/e2e/autoscaling/resource_autoscaling.go:1970.13,1972.4 1 0
github.com/e2eterraformprovider/terraform-provider-e2e/e2e/autoscaling/resource_autoscaling.go:1974.2,1974.13 1 0
github.com/e2eterraformprovider/terraform-provider-e2e/e2e/autoscaling/resource_autoscaling.go:1977.45,1979.24 2 0
github.com/e2eterraformprovider/terraform-provider-e2e/e2e/autoscaling/resource_autoscaling.go:1979.24,1981.3 1 0
github.com/e2eterraformprovider/terraform-provider-e2e/e2e/autoscaling/resource_autoscaling.go:1982.2,1982.15 1 0
github.com/e2eterraformprovider/terraform-provider-e2e/e2e/autoscaling/resource_autoscaling.go:1985.47,1987.23 2 0
github.com/e2eterraformprovider/terraform-provider-e2e/e2e/autoscaling/resource_autoscaling.go:1987.23,1989.3 1 0
github.com/e2eterraformprovider/terraform-provider-e2e/e2e/autoscaling/resource_autoscaling.go:1990.2,1990.15 1 0
github.com/e2eterraformprovider/terraform-provider-e2e/e2e/autoscaling/resource_autoscaling.go:1994.58,1995.39 1 0
github.com/e2eterraformprovider/terraform-provider-e2e/e2e/autoscaling/resource_autoscaling.go:1995.39,1997.3 1 0
github.com/e2eterraformprovider/terraform-provider-e2e/e2e/autoscaling/resource_autoscaling.go:1998.2,1998.49 1 0
github.com/e2eterraformprovider/terraform-provider-e2e/e2e/autoscaling/resource_autoscaling.go:1998.49,2000.3 1 0
github.com/e2eterraformprovider/terraform-provider-e2e/e2e/autoscaling/resource_autoscaling.go:2001.2,2001.11 1 0
github.com/e2eterraformprovider/terraform-provider-e2e/e2e/autoscaling/resource_autoscaling.go:2005.63,2006.43 1 0
github.com/e2eterraformprovider/terraform-provider-e2e/e2e/autoscaling/resource_autoscaling.go:2006.43,2008.3 1 0
github.com/e2eterraformprovider/terraform-provider-e2e/e2e/autoscaling/resource_autoscaling.go:2009.2,2009.36 1 0
github.com/e2eterraformprovider/terraform-provider-e2e/e2e/autoscaling/resource_autoscaling.go:2009.36,2011.3 1 0
github.com/e2eterraformprovider/terraform-provider-e2e/e2e/autoscaling/resource_autoscaling.go:2013.2,2013.113 1 0
github.com/e2eterraformprovider/terraform-provider-e2e/e2e/autoscaling/resource_autoscaling.go:2013.113,2016.3 1 0
github.com/e2eterraformprovider/terraform-provider-e2e/e2e/autoscaling/resource_autoscaling.go:2017.2,2017.24 1 0
github.com/e2eterraformprovider/terraform-provider-e2e/e2e/autoscaling/resource_autoscaling.go:2021.76,2022.47 1 0
github.com/e2eterraformprovider/terraform-provider-e2e/e2e/autoscaling/resource_autoscaling.go:2022.47,2024.3 1 0
github.com/e2eterraformprovider/terraform-provider-e2e/e2e/autoscaling/resource_autoscaling.go:2025.2,2025.12 1 0
github.com/e2eterraformprovider/terraform-provider-e2e/e2e/autoscaling/resource_autoscaling.go:2030.55,2212.2 1 6
github.com/e2eterraformprovider/terraform-provider-e2e/e2e/autoscaling/resource_autoscaling.go:2222.35,2224.44 1 5
github.com/e2eterraformprovider/terraform-provider-e2e/e2e/autoscaling/resource_autoscaling.go:2224.44,2226.3 1 4
github.com/e2eterraformprovider/terraform-provider-e2e/e2e/autoscaling/resource_autoscaling.go:2229.2,2229.58 1 5
github.com/e2eterraformprovider/terraform-provider-e2e/e2e/autoscaling/resource_autoscaling.go:2229.58,2231.45 1 5
github.com/e2eterraformprovider/terraform-provider-e2e/e2e/autoscaling/resource_autoscaling.go:2231.45,2233.4 1 2
github.com/e2eterraformprovider/terraform-provider-e2e/e2e/autoscaling/resource_autoscaling.go:2233.9,2235.4 1 3
github.com/e2eterraformprovider/terraform-provider-e2e/e2e/autoscaling/resource_autoscaling.go:2238.2,2238.45 1 5
github.com/e2eterraformprovider/terraform-provider-e2e/e2e/autoscaling/resource_autoscaling.go:2238.45,2240.3 1 5
github.com/e2eterraformprovider/terraform-provider-e2e/e2e/autoscaling/resource_autoscaling.go:2246.2,2247.22 2 5
github.com/e2eterraformprovider/terraform-provider-e2e/e2e/autoscaling/sweep.go:12.13,17.2 1 1
github.com/e2eterraformprovider/terraform-provider-e2e/e2e/autoscaling/sweep.go:19.45,21.16 2 0
github.com/e2eterraformprovider/terraform-provider-e2e/e2e/autoscaling/sweep.go:21.16,24.3 2 0
github.com/e2eterraformprovider/terraform-provider-e2e/e2e/autoscaling/sweep.go:28.2,60.12 3 0
github.com/e2eterraformprovider/terraform-provider-e2e/e2e/blockstorage/datasource_block_storage.go:21.48,73.2 1 10
github.com/e2eterraformprovider/terraform-provider-e2e/e2e/blockstorage/datasource_block_storage.go:74.110,81.16 5 9
github.com/e2eterraformprovider/terraform-provider-e2e/e2e/blockstorage/datasource_block_storage.go:81.16,83.3 1 1
github.com/e2eterraformprovider/terraform-provider-e2e/e2e/blockstorage/datasource_block_storage.go:86.2,87.16 2 8
github.com/e2eterraformprovider/terraform-provider-e2e/e2e/blockstorage/datasource_block_storage.go:87.16,89.3 1 1
github.com/e2eterraformprovider/terraform-provider-e2e/e2e/blockstorage/datasource_block_storage.go:92.2,93.16 2 7
github.com/e2eterraformprovider/terraform-provider-e2e/e2e/blockstorage/datasource_block_storage.go:93.16,95.3 1 0
github.com/e2eterraformprovider/terraform-provider-e2e/e2e/blockstorage/datasource_block_storage.go:97.2,100.16 3 7
github.com/e2eterraformprovider/terraform-provider-e2e/e2e/blockstorage/datasource_block_storage.go:100.16,101.60 1 3
github.com/e2eterraformprovider/terraform-provider-e2e/e2e/blockstorage/datasource_block_storage.go:101.60,103.4 1 1
github.com/e2eterraformprovider/terraform-provider-e2e/e2e/blockstorage/datasource_block_storage.go:104.3,104.70 1 2
github.com/e2eterraformprovider/terraform-provider-e2e/e2e/blockstorage/datasource_block_storage.go:104.70,106.4 1 1
github.com/e2eterraformprovider/terraform-provider-e2e/e2e/blockstorage/datasource_block_storage.go:107.3,107.148 1 1
github.com/e2eterraformprovider/terraform-provider-e2e/e2e/blockstorage/datasource_block_storage.go:110.2,110.25 1 4
github.com/e2eterraformprovider/terraform-provider-e2e/e2e/blockstorage/datasource_block_storage.go:110.25,112.3 1 1
github.com/e2eterraformprovider/terraform-provider-e2e/e2e/blockstorage/datasource_block_storage.go:114.2,125.36 7 3
github.com/e2eterraformprovider/terraform-provider-e2e/e2e/blockstorage/datasource_block_storage.go:125.36,126.53 1 2
github.com/e2eterraformprovider/terraform-provider-e2e/e2e/blockstorage/datasource_block_storage.go:126.53,127.43 1 2
github.com/e2eterraformprovider/terraform-provider-e2e/e2e/blockstorage/datasource_block_storage.go:127.43,129.5 1 1
github.com/e2eterraformprovider/terraform-provider-e2e/e2e/blockstorage/datasource_block_storage.go:129.10,129.47 1 1
github.com/e2eterraformprovider/terraform-provider-e2e/e2e/blockstorage/datasource_block_storage.go:129.47,131.5 1 1
github.com/e2eterraformprovider/terraform-provider-e2e/e2e/blockstorage/datasource_block_storage.go:133.3,133.57 1 2
github.com/e2eterraformprovider/terraform-provider-e2e/e2e/blockstorage/datasource_block_storage.go:133.57,134.44 1 2
github.com/e2eterraformprovider/terraform-provider-e2e/e2e/blockstorage/datasource_block_storage.go:134.44,136.5 1 2
github.com/e2eterraformprovider/terraform-provider-e2e/e2e/blockstorage/datasource_block_storage.go:140.2,142.14 2 3
github.com/e2eterraformprovider/terraform-provider-e2e/e2e/blockstorage/resource_block_storage.go:42.65,44.2 1 3
github.com/e2eterraformprovider/terraform-provider-e2e/e2e/blockstorage/resource_block_storage.go:47.92,49.51 2 17
github.com/e2eterraformprovider/terraform-provider-e2e/e2e/blockstorage/resource_block_storage.go:49.51,50.25 1 108
github.com/e2eterraformprovider/terraform-provider-e2e/e2e/blockstorage/resource_block_storage.go:50.25,52.4 1 8
github.com/e2eterraformprovider/terraform-provider-e2e/e2e/blockstorage/resource_block_storage.go:54.2,55.8 2 9
github.com/e2eterraformprovider/terraform-provider-e2e/e2e/blockstorage/resource_block_storage.go:58.46,152.2 1 3
github.com/e2eterraformprovider/terraform-provider-e2e/e2e/blockstorage/resource_block_storage.go:155.56,187.2 1 3
github.com/e2eterraformprovider/terraform-provider-e2e/e2e/blockstorage/resource_block_storage.go:195.35,197.58 1 3
github.com/e2eterraformprovider/terraform-provider-e2e/e2e/blockstorage/resource_block_storage.go:197.58,199.3 1 2
github.com/e2eterraformprovider/terraform-provider-e2e/e2e/blockstorage/resource_block_storage.go:204.2,205.22 2 3
github.com/e2eterraformprovider/terraform-provider-e2e/e2e/blockstorage/resource_block_storage.go:208.110,214.16 4 0
github.com/e2eterraformprovider/terraform-provider-e2e/e2e/blockstorage/resource_block_storage.go:214.16,216.3 1 0
github.com/e2eterraformprovider/terraform-provider-e2e/e2e/blockstorage/resource_block_storage.go:219.2,220.16 2 0
github.com/e2eterraformprovider/terraform-provider-e2e/e2e/blockstorage/resource_block_storage.go:220.16,222.3 1 0
github.com/e2eterraformprovider/terraform-provider-e2e/e2e/blockstorage/resource_block_storage.go:225.2,226.16 2 0
github.com/e2eterraformprovider/terraform-provider-e2e/e2e/blockstorage/resource_block_storage.go:226.16,228.3 1 0
github.com/e2eterraformprovider/terraform-provider-e2e/e2e/blockstorage/resource_block_storage.go:230.2,231.16 2 0
github.com/e2eterraformprovider/terraform-provider-e2e/e2e/blockstorage/resource_block_storage.go:231.16,233.3 1 0
github.com/e2eterraformprovider/terraform-provider-e2e/e2e/blockstorage/resource_block_storage.go:235.2,247.16 7 0
github.com/e2eterraformprovider/terraform-provider-e2e/e2e/blockstorage/resource_block_storage.go:247.16,249.3 1 0
github.com/e2eterraformprovider/terraform-provider-e2e/e2e/blockstorage/resource_block_storage.go:251.2,251.25 1 0
github.com/e2eterraformprovider/terraform-provider-e2e/e2e/blockstorage/resource_block_storage.go:251.25,253.3 1 0
github.com/e2eterraformprovider/terraform-provider-e2e/e2e/blockstorage/resource_block_storage.go:255.2,260.49 4 0
github.com/e2eterraformprovider/terraform-provider-e2e/e2e/blockstorage/resource_block_storage.go:260.49,261.78 1 0
github.com/e2eterraformprovider/terraform-provider-e2e/e2e/blockstorage/resource_block_storage.go:261.78,263.4 1 0
github.com/e2eterraformprovider/terraform-provider-e2e/e2e/blockstorage/resource_block_storage.go:266.2,266.14 1 0
github.com/e2eterraformprovider/terraform-provider-e2e/e2e/blockstorage/resource_block_storage.go:269.108,278.16 6 0
github.com/e2eterraformprovider/terraform-provider-e2e/e2e/blockstorage/resource_block_storage.go:278.16,280.3 1 0
github.com/e2eterraformprovider/terraform-provider-e2e/e2e/blockstorage/resource_block_storage.go:283.2,284.16 2 0
github.com/e2eterraformprovider/terraform-provider-e2e/e2e/blockstorage/resource_block_storage.go:284.16,286.3 1 0
github.com/e2eterraformprovider/terraform-provider-e2e/e2e/blockstorage/resource_block_storage.go:289.2,290.16 2 0
github.com/e2eterraformprovider/terraform-provider-e2e/e2e/blockstorage/resource_block_storage.go:290.16,292.3 1 0
github.com/e2eterraformprovider/terraform-provider-e2e/e2e/blockstorage/resource_block_storage.go:294.2,295.16 2 0
github.com/e2eterraformprovider/terraform-provider-e2e/e2e/blockstorage/resource_block_storage.go:295.16,296.60 1 0
github.com/e2eterraformprovider/terraform-provider-e2e/e2e/blockstorage/resource_block_storage.go:296.60,300.4 3 0
github.com/e2eterraformprovider/terraform-provider-e2e/e2e/blockstorage/resource_block_storage.go:301.3,301.70 1 0
github.com/e2eterraformprovider/terraform-provider-e2e/e2e/blockstorage/resource_block_storage.go:301.70,304.4 2 0
github.com/e2eterraformprovider/terraform-provider-e2e/e2e/blockstorage/resource_block_storage.go:305.3,305.159 1 0
github.com/e2eterraformprovider/terraform-provider-e2e/e2e/blockstorage/resource_block_storage.go:308.2,308.25 1 0
github.com/e2eterraformprovider/terraform-provider-e2e/e2e/blockstorage/resource_block_storage.go:308.25,312.3 3 0
github.com/e2eterraformprovider/terraform-provider-e2e/e2e/blockstorage/resource_block_storage.go:314.2,320.34 5 0
github.com/e2eterraformprovider/terraform-provider-e2e/e2e/blockstorage/resource_block_storage.go:320.34,321.59 1 0
github.com/e2eterraformprovider/terraform-provider-e2e/e2e/blockstorage/resource_block_storage.go:321.59,323.10 2 0
github.com/e2eterraformprovider/terraform-provider-e2e/e2e/blockstorage/resource_block_storage.go:323.10,325.5 1 0
github.com/e2eterraformprovider/terraform-provider-e2e/e2e/blockstorage/resource_block_storage.go:327.3,327.63 1 0
github.com/e2eterraformprovider/terraform-provider-e2e/e2e/blockstorage/resource_block_storage.go:327.63,328.44 1 0
github.com/e2eterraformprovider/terraform-provider-e2e/e2e/blockstorage/resource_block_storage.go:328.44,330.5 1 0
github.com/e2eterraformprovider/terraform-provider-e2e/e2e/blockstorage/resource_block_storage.go:332.8,335.3 2 0
github.com/e2eterraformprovider/terraform-provider-e2e/e2e/blockstorage/resource_block_storage.go:338.2,338.51 1 0
github.com/e2eterraformprovider/terraform-provider-e2e/e2e/blockstorage/resource_block_storage.go:338.51,339.59 1 0
github.com/e2eterraformprovider/terraform-provider-e2e/e2e/blockstorage/resource_block_storage.go:339.59,341.4 1 0
github.com/e2eterraformprovider/terraform-provider-e2e/e2e/blockstorage/resource_block_storage.go:344.2,346.14 2 0
github.com/e2eterraformprovider/terraform-provider-e2e/e2e/blockstorage/resource_block_storage.go:349.110,356.16 5 0
github.com/e2eterraformprovider/terraform-provider-e2e/e2e/blockstorage/resource_block_storage.go:356.16,358.3 1 0
github.com/e2eterraformprovider/terraform-provider-e2e/e2e/blockstorage/resource_block_storage.go:361.2,362.16 2 0
github.com/e2eterraformprovider/terraform-provider-e2e/e2e/blockstorage/resource_block_storage.go:362.16,364.3 1 0
github.com/e2eterraformprovider/terraform-provider-e2e/e2e/blockstorage/resource_block_storage.go:367.2,368.16 2 0
github.com/e2eterraformprovider/terraform-provider-e2e/e2e/blockstorage/resource_block_storage.go:368.16,370.3 1 0
github.com/e2eterraformprovider/terraform-provider-e2e/e2e/blockstorage/resource_block_storage.go:372.2,374.54 2 0
github.com/e2eterraformprovider/terraform-provider-e2e/e2e/blockstorage/resource_block_storage.go:374.54,376.3 1 0
github.com/e2eterraformprovider/terraform-provider-e2e/e2e/blockstorage/resource_block_storage.go:378.2,379.16 2 0
github.com/e2eterraformprovider/terraform-provider-e2e/e2e/blockstorage/resource_block_storage.go:379.16,380.70 1 0
github.com/e2eterraformprovider/terraform-provider-e2e/e2e/blockstorage/resource_block_storage.go:380.70,383.4 2 0
github.com/e2eterraformprovider/terraform-provider-e2e/e2e/blockstorage/resource_block_storage.go:384.3,384.159 1 0
github.com/e2eterraformprovider/terraform-provider-e2e/e2e/blockstorage/resource_block_storage.go:387.2,387.25 1 0
github.com/e2eterraformprovider/terraform-provider-e2e/e2e/blockstorage/resource_block_storage.go:387.25,390.3 2 0
github.com/e2eterraformprovider/terraform-provider-e2e/e2e/blockstorage/resource_block_storage.go:396.2,396.39 1 0
github.com/e2eterraformprovider/terraform-provider-e2e/e2e/blockstorage/resource_block_storage.go:396.39,399.17 3 0
github.com/e2eterraformprovider/terraform-provider-e2e/e2e/blockstorage/resource_block_storage.go:399.17,402.4 2 0
github.com/e2eterraformprovider/terraform-provider-e2e/e2e/blockstorage/resource_block_storage.go:403.3,405.81 2 0
github.com/e2eterraformprovider/terraform-provider-e2e/e2e/blockstorage/resource_block_storage.go:405.81,406.73 1 0
github.com/e2eterraformprovider/terraform-provider-e2e/e2e/blockstorage/resource_block_storage.go:406.73,412.37 4 0
github.com/e2eterraformprovider/terraform-provider-e2e/e2e/blockstorage/resource_block_storage.go:412.37,413.65 1 0
github.com/e2eterraformprovider/terraform-provider-e2e/e2e/blockstorage/resource_block_storage.go:413.65,414.49 1 0
github.com/e2eterraformprovider/terraform-provider-e2e/e2e/blockstorage/resource_block_storage.go:414.49,416.8 1 0
github.com/e2eterraformprovider/terraform-provider-e2e/e2e/blockstorage/resource_block_storage.go:420.5,420.18 1 0
github.com/e2eterraformprovider/terraform-provider-e2e/e2e/blockstorage/resource_block_storage.go:420.18,423.6 2 0
github.com/e2eterraformprovider/terraform-provider-e2e/e2e/blockstorage/resource_block_storage.go:425.5,433.19 4 0
github.com/e2eterraformprovider/terraform-provider-e2e/e2e/blockstorage/resource_block_storage.go:433.19,435.166 2 0
github.com/e2eterraformprovider/terraform-provider-e2e/e2e/blockstorage/resource_block_storage.go:435.166,437.7 1 0
github.com/e2eterraformprovider/terraform-provider-e2e/e2e/blockstorage/resource_block_storage.go:438.6,438.160 1 0
github.com/e2eterraformprovider/terraform-provider-e2e/e2e/blockstorage/resource_block_storage.go:440.5,440.70 1 0
github.com/e2eterraformprovider/terraform-provider-e2e/e2e/blockstorage/resource_block_storage.go:442.10,445.5 2 0
github.com/e2eterraformprovider/terraform-provider-e2e/e2e/blockstorage/resource_block_storage.go:446.9,449.4 2 0
github.com/e2eterraformprovider/terraform-provider-e2e/e2e/blockstorage/resource_block_storage.go:453.2,453.39 1 0
github.com/e2eterraformprovider/terraform-provider-e2e/e2e/blockstorage/resource_block_storage.go:453.39,457.62 3 0
github.com/e2eterraformprovider/terraform-provider-e2e/e2e/blockstorage/resource_block_storage.go:457.62,459.4 1 0
github.com/e2eterraformprovider/terraform-provider-e2e/e2e/blockstorage/resource_block_storage.go:464.2,464.44 1 0
github.com/e2eterraformprovider/terraform-provider-e2e/e2e/blockstorage/resource_block_storage.go:467.110,474.16 5 0
github.com/e2eterraformprovider/terraform-provider-e2e/e2e/blockstorage/resource_block_storage.go:474.16,476.3 1 0
github.com/e2eterraformprovider/terraform-provider-e2e/e2e/blockstorage/resource_block_storage.go:479.2,480.16 2 0
github.com/e2eterraformprovider/terraform-provider-e2e/e2e/blockstorage/resource_block_storage.go:480.16,482.3 1 0
github.com/e2eterraformprovider/terraform-provider-e2e/e2e/blockstorage/resource_block_storage.go:485.2,486.16 2 0
github.com/e2eterraformprovider/terraform-provider-e2e/e2e/blockstorage/resource_block_storage.go:486.16,488.3 1 0
github.com/e2eterraformprovider/terraform-provider-e2e/e2e/blockstorage/resource_block_storage.go:490.2,493.110 3 0
github.com/e2eterraformprovider/terraform-provider-e2e/e2e/blockstorage/resource_block_storage.go:493.110,495.3 1 0
github.com/e2eterraformprovider/terraform-provider-e2e/e2e/blockstorage/resource_block_storage.go:496.2,496.57 1 0
github.com/e2eterraformprovider/terraform-provider-e2e/e2e/blockstorage/resource_block_storage.go:496.57,498.3 1 0
github.com/e2eterraformprovider/terraform-provider-e2e/e2e/blockstorage/resource_block_storage.go:500.2,503.16 3 0
github.com/e2eterraformprovider/terraform-provider-e2e/e2e/blockstorage/resource_block_storage.go:503.16,505.132 1 0
github.com/e2eterraformprovider/terraform-provider-e2e/e2e/blockstorage/resource_block_storage.go:505.132,509.4 3 0
github.com/e2eterraformprovider/terraform-provider-e2e/e2e/blockstorage/resource_block_storage.go:510.3,510.90 1 0
github.com/e2eterraformprovider/terraform-provider-e2e/e2e/blockstorage/resource_block_storage.go:513.2,515.14 3 0
github.com/e2eterraformprovider/terraform-provider-e2e/e2e/blockstorage/resource_block_storage.go:518.86,526.16 5 0
github.com/e2eterraformprovider/terraform-provider-e2e/e2e/blockstorage/resource_block_storage.go:526.16,528.3 1 0
github.com/e2eterraformprovider/terraform-provider-e2e/e2e/blockstorage/resource_block_storage.go:531.2,532.16 2 0
github.com/e2eterraformprovider/terraform-provider-e2e/e2e/blockstorage/resource_block_storage.go:532.16,534.3 1 0
github.com/e2eterraformprovider/terraform-provider-e2e/e2e/blockstorage/resource_block_storage.go:537.2,538.16 2 0
github.com/e2eterraformprovider/terraform-provider-e2e/e2e/blockstorage/resource_block_storage.go:538.16,540.3 1 0
github.com/e2eterraformprovider/terraform-provider-e2e/e2e/blockstorage/resource_block_storage.go:542.2,543.16 2 0
github.com/e2eterraformprovider/terraform-provider-e2e/e2e/blockstorage/resource_block_storage.go:543.16,544.60 1 0
github.com/e2eterraformprovider/terraform-provider-e2e/e2e/blockstorage/resource_block_storage.go:544.60,546.4 1 0
github.com/e2eterraformprovider/terraform-provider-e2e/e2e/blockstorage/resource_block_storage.go:547.3,547.70 1 0
github.com/e2eterraformprovider/terraform-provider-e2e/e2e/blockstorage/resource_block_storage.go:547.70,549.4 1 0
github.com/e2eterraformprovider/terraform-provider-e2e/e2e/blockstorage/resource_block_storage.go:550.3,550.20 1 0
github.com/e2eterraformprovider/terraform-provider-e2e/e2e/blockstorage/resource_block_storage.go:553.2,553.33 1 0
github.com/e2eterraformprovider/terraform-provider-e2e/e2e/blockstorage/resource_block_storage.go:558.123,560.38 2 4
github.com/e2eterraformprovider/terraform-provider-e2e/e2e/blockstorage/resource_block_storage.go:560.38,562.3 1 3
github.com/e2eterraformprovider/terraform-provider-e2e/e2e/blockstorage/resource_block_storage.go:564.2,578.39 9 1
github.com/e2eterraformprovider/terraform-provider-e2e/e2e/blockstorage/resource_block_storage.go:583.41,586.2 2 23
github.com/e2eterraformprovider/terraform-provider-e2e/e2e/blockstorage/resource_block_storage.go:588.97,593.16 3 0
github.com/e2eterraformprovider/terraform-provider-e2e/e2e/blockstorage/resource_block_storage.go:593.16,596.3 1 0
github.com/e2eterraformprovider/terraform-provider-e2e/e2e/blockstorage/resource_block_storage.go:596.8,596.27 1 0
github.com/e2eterraformprovider/terraform-provider-e2e/e2e/blockstorage/resource_block_storage.go:596.27,600.30 2 0
github.com/e2eterraformprovider/terraform-provider-e2e/e2e/blockstorage/resource_block_storage.go:600.30,602.4 1 0
github.com/e2eterraformprovider/terraform-provider-e2e/e2e/blockstorage/resource_block_storage.go:606.2,606.51 1 0
github.com/e2eterraformprovider/terraform-provider-e2e/e2e/blockstorage/resource_block_storage.go:606.51,607.33 1 0
github.com/e2eterraformprovider/terraform-provider-e2e/e2e/blockstorage/resource_block_storage.go:607.33,609.4 1 0
github.com/e2eterraformprovider/terraform-provider-e2e/e2e/blockstorage/resource_block_storage.go:612.2,612.131 1 0
github.com/e2eterraformprovider/terraform-provider-e2e/e2e/blockstorage/resource_block_storage.go:615.67,616.16 1 0
github.com/e2eterraformprovider/terraform-provider-e2e/e2e/blockstorage/resource_block_storage.go:616.16,618.3 1 0
github.com/e2eterraformprovider/terraform-provider-e2e/e2e/blockstorage/resource_block_storage.go:619.2,619.47 1 0
github.com/e2eterraformprovider/terraform-provider-e2e/e2e/blockstorage/sweep.go:12.13,21.2 1 1
github.com/e2eterraformprovider/terraform-provider-e2e/e2e/blockstorage/sweep.go:23.46,64.2 3 0
github.com/e2eterraformprovider/terraform-provider-e2e/e2e/container_registry/datasource_container_registry.go:14.53,57.2 1 9
github.com/e2eterraformprovider/terraform-provider-e2e/e2e/container_registry/datasource_container_registry.go:59.115,67.16 5 0
github.com/e2eterraformprovider/terraform-provider-e2e/e2e/container_registry/datasource_container_registry.go:67.16,69.3 1 0
github.com/e2eterraformprovider/terraform-provider-e2e/e2e/container_registry/datasource_container_registry.go:71.2,72.16 2 0
github.com/e2eterraformprovider/terraform-provider-e2e/e2e/container_registry/datasource_container_registry.go:72.16,74.3 1 0
github.com/e2eterraformprovider/terraform-provider-e2e/e2e/container_registry/datasource_container_registry.go:76.2,76.21 1 0
github.com/e2eterraformprovider/terraform-provider-e2e/e2e/container_registry/datasource_container_registry.go:76.21,78.3 1 0
github.com/e2eterraformprovider/terraform-provider-e2e/e2e/container_registry/datasource_container_registry.go:80.2,81.81 2 0
github.com/e2eterraformprovider/terraform-provider-e2e/e2e/container_registry/datasource_container_registry.go:81.81,83.3 1 0
github.com/e2eterraformprovider/terraform-provider-e2e/e2e/container_registry/datasource_container_registry.go:84.2,84.70 1 0
github.com/e2eterraformprovider/terraform-provider-e2e/e2e/container_registry/datasource_container_registry.go:84.70,86.3 1 0
github.com/e2eterraformprovider/terraform-provider-e2e/e2e/container_registry/datasource_container_registry.go:87.2,87.75 1 0
github.com/e2eterraformprovider/terraform-provider-e2e/e2e/container_registry/datasource_container_registry.go:87.75,89.3 1 0
github.com/e2eterraformprovider/terraform-provider-e2e/e2e/container_registry/datasource_container_registry.go:90.2,90.75 1 0
github.com/e2eterraformprovider/terraform-provider-e2e/e2e/container_registry/datasource_container_registry.go:90.75,92.3 1 0
github.com/e2eterraformprovider/terraform-provider-e2e/e2e/container_registry/datasource_container_registry.go:93.2,93.91 1 0
github.com/e2eterraformprovider/terraform-provider-e2e/e2e/container_registry/datasource_container_registry.go:93.91,95.3 1 0
github.com/e2eterraformprovider/terraform-provider-e2e/e2e/container_registry/datasource_container_registry.go:97.2,97.12 1 0
github.com/e2eterraformprovider/terraform-provider-e2e/e2e/container_registry/resource_container_registry.go:18.51,147.2 1 20
github.com/e2eterraformprovider/terraform-provider-e2e/e2e/container_registry/resource_container_registry.go:149.115,164.16 8 0
github.com/e2eterraformprovider/terraform-provider-e2e/e2e/container_registry/resource_container_registry.go:164.16,166.3 1 0
github.com/e2eterraformprovider/terraform-provider-e2e/e2e/container_registry/resource_container_registry.go:168.2,168.21 1 0
github.com/e2eterraformprovider/terraform-provider-e2e/e2e/container_registry/resource_container_registry.go:168.21,170.3 1 0
github.com/e2eterraformprovider/terraform-provider-e2e/e2e/container_registry/resource_container_registry.go:172.2,175.63 2 0
github.com/e2eterraformprovider/terraform-provider-e2e/e2e/container_registry/resource_container_registry.go:175.63,177.3 1 0
github.com/e2eterraformprovider/terraform-provider-e2e/e2e/container_registry/resource_container_registry.go:180.2,180.51 1 0
github.com/e2eterraformprovider/terraform-provider-e2e/e2e/container_registry/resource_container_registry.go:180.51,181.59 1 0
github.com/e2eterraformprovider/terraform-provider-e2e/e2e/container_registry/resource_container_registry.go:181.59,183.4 1 0
github.com/e2eterraformprovider/terraform-provider-e2e/e2e/container_registry/resource_container_registry.go:186.2,186.12 1 0
github.com/e2eterraformprovider/terraform-provider-e2e/e2e/container_registry/resource_container_registry.go:189.113,197.16 5 0
github.com/e2eterraformprovider/terraform-provider-e2e/e2e/container_registry/resource_container_registry.go:197.16,199.3 1 0
github.com/e2eterraformprovider/terraform-provider-e2e/e2e/container_registry/resource_container_registry.go:201.2,202.16 2 0
github.com/e2eterraformprovider/terraform-provider-e2e/e2e/container_registry/resource_container_registry.go:202.16,204.3 1 0
github.com/e2eterraformprovider/terraform-provider-e2e/e2e/container_registry/resource_container_registry.go:206.2,206.21 1 0
github.com/e2eterraformprovider/terraform-provider-e2e/e2e/container_registry/resource_container_registry.go:206.21,210.3 3 0
github.com/e2eterraformprovider/terraform-provider-e2e/e2e/container_registry/resource_container_registry.go:213.2,213.63 1 0
github.com/e2eterraformprovider/terraform-provider-e2e/e2e/container_registry/resource_container_registry.go:213.63,215.3 1 0
github.com/e2eterraformprovider/terraform-provider-e2e/e2e/container_registry/resource_container_registry.go:217.2,217.12 1 0
github.com/e2eterraformprovider/terraform-provider-e2e/e2e/container_registry/resource_container_registry.go:220.115,229.16 6 0
github.com/e2eterraformprovider/terraform-provider-e2e/e2e/container_registry/resource_container_registry.go:229.16,231.3 1 0
github.com/e2eterraformprovider/terraform-provider-e2e/e2e/container_registry/resource_container_registry.go:233.2,234.16 2 0
github.com/e2eterraformprovider/terraform-provider-e2e/e2e/container_registry/resource_container_registry.go:234.16,236.3 1 0
github.com/e2eterraformprovider/terraform-provider-e2e/e2e/container_registry/resource_container_registry.go:239.2,240.21 2 0
github.com/e2eterraformprovider/terraform-provider-e2e/e2e/container_registry/resource_container_registry.go:240.21,242.3 1 0
github.com/e2eterraformprovider/terraform-provider-e2e/e2e/container_registry/resource_container_registry.go:244.2,251.16 3 0
github.com/e2eterraformprovider/terraform-provider-e2e/e2e/container_registry/resource_container_registry.go:251.16,253.3 1 0
github.com/e2eterraformprovider/terraform-provider-e2e/e2e/container_registry/resource_container_registry.go:255.2,256.12 2 0
github.com/e2eterraformprovider/terraform-provider-e2e/e2e/container_registry/resource_container_registry.go:259.115,264.98 3 0
github.com/e2eterraformprovider/terraform-provider-e2e/e2e/container_registry/resource_container_registry.go:264.98,275.17 6 0
github.com/e2eterraformprovider/terraform-provider-e2e/e2e/container_registry/resource_container_registry.go:275.17,277.4 1 0
github.com/e2eterraformprovider/terraform-provider-e2e/e2e/container_registry/resource_container_registry.go:282.2,282.39 1 0
github.com/e2eterraformprovider/terraform-provider-e2e/e2e/container_registry/resource_container_registry.go:282.39,283.52 1 0
github.com/e2eterraformprovider/terraform-provider-e2e/e2e/container_registry/resource_container_registry.go:283.52,284.60 1 0
github.com/e2eterraformprovider/terraform-provider-e2e/e2e/container_registry/resource_container_registry.go:284.60,286.5 1 0
github.com/e2eterraformprovider/terraform-provider-e2e/e2e/container_registry/resource_container_registry.go:291.2,291.49 1 0
github.com/e2eterraformprovider/terraform-provider-e2e/e2e/container_registry/resource_container_registry.go:295.97,296.81 1 19
github.com/e2eterraformprovider/terraform-provider-e2e/e2e/container_registry/resource_container_registry.go:296.81,298.3 1 0
github.com/e2eterraformprovider/terraform-provider-e2e/e2e/container_registry/resource_container_registry.go:299.2,299.91 1 19
github.com/e2eterraformprovider/terraform-provider-e2e/e2e/container_registry/resource_container_registry.go:299.91,301.3 1 0
github.com/e2eterraformprovider/terraform-provider-e2e/e2e/container_registry/resource_container_registry.go:302.2,302.75 1 19
github.com/e2eterraformprovider/terraform-provider-e2e/e2e/container_registry/resource_container_registry.go:302.75,304.3 1 0
github.com/e2eterraformprovider/terraform-provider-e2e/e2e/container_registry/resource_container_registry.go:305.2,305.70 1 19
github.com/e2eterraformprovider/terraform-provider-e2e/e2e/container_registry/resource_container_registry.go:305.70,307.3 1 0
github.com/e2eterraformprovider/terraform-provider-e2e/e2e/container_registry/resource_container_registry.go:308.2,308.75 1 19
github.com/e2eterraformprovider/terraform-provider-e2e/e2e/container_registry/resource_container_registry.go:308.75,310.3 1 0
github.com/e2eterraformprovider/terraform-provider-e2e/e2e/container_registry/resource_container_registry.go:311.2,311.79 1 19
github.com/e2eterraformprovider/terraform-provider-e2e/e2e/container_registry/resource_container_registry.go:311.79,313.3 1 0
github.com/e2eterraformprovider/terraform-provider-e2e/e2e/container_registry/resource_container_registry.go:314.2,314.81 1 19
github.com/e2eterraformprovider/terraform-provider-e2e/e2e/container_registry/resource_container_registry.go:314.81,316.3 1 0
github.com/e2eterraformprovider/terraform-provider-e2e/e2e/container_registry/resource_container_registry.go:317.2,317.83 1 19
github.com/e2eterraformprovider/terraform-provider-e2e/e2e/container_registry/resource_container_registry.go:317.83,319.3 1 0
github.com/e2eterraformprovider/terraform-provider-e2e/e2e/container_registry/resource_container_registry.go:320.2,320.75 1 19
github.com/e2eterraformprovider/terraform-provider-e2e/e2e/container_registry/resource_container_registry.go:320.75,322.3 1 0
github.com/e2eterraformprovider/terraform-provider-e2e/e2e/container_registry/resource_container_registry.go:323.2,323.77 1 19
github.com/e2eterraformprovider/terraform-provider-e2e/e2e/container_registry/resource_container_registry.go:323.77,325.3 1 0
github.com/e2eterraformprovider/terraform-provider-e2e/e2e/container_registry/resource_container_registry.go:326.2,326.77 1 19
github.com/e2eterraformprovider/terraform-provider-e2e/e2e/container_registry/resource_container_registry.go:326.77,328.3 1 0
github.com/e2eterraformprovider/terraform-provider-e2e/e2e/container_registry/resource_container_registry.go:329.2,329.12 1 19
github.com/e2eterraformprovider/terraform-provider-e2e/e2e/container_registry/resource_container_registry.go:333.53,390.2 1 20
github.com/e2eterraformprovider/terraform-provider-e2e/e2e/container_registry/resource_container_registry.go:394.154,396.50 1 14
github.com/e2eterraformprovider/terraform-provider-e2e/e2e/container_registry/resource_container_registry.go:396.50,399.3 1 13
github.com/e2eterraformprovider/terraform-provider-e2e/e2e/container_registry/resource_container_registry.go:402.2,402.22 1 14
github.com/e2eterraformprovider/terraform-provider-e2e/e2e/container_registry/sweep.go:17.13,22.2 1 1
github.com/e2eterraformprovider/terraform-provider-e2e/e2e/container_registry/sweep.go:24.52,26.16 2 0
github.com/e2eterraformprovider/terraform-provider-e2e/e2e/container_registry/sweep.go:26.16,29.3 2 0
github.com/e2eterraformprovider/terraform-provider-e2e/e2e/container_registry/sweep.go:31.2,36.16 4 0
github.com/e2eterraformprovider/terraform-provider-e2e/e2e/container_registry/sweep.go:36.16,38.3 1 0
github.com/e2eterraformprovider/terraform-provider-e2e/e2e/container_registry/sweep.go:40.2,43.38 3 0
github.com/e2eterraformprovider/terraform-provider-e2e/e2e/container_registry/sweep.go:43.38,44.63 1 0
github.com/e2eterraformprovider/terraform-provider-e2e/e2e/container_registry/sweep.go:44.63,46.12 2 0
github.com/e2eterraformprovider/terraform-provider-e2e/e2e/container_registry/sweep.go:49.3,61.17 6 0
github.com/e2eterraformprovider/terraform-provider-e2e/e2e/container_registry/sweep.go:61.17,63.12 2 0
github.com/e2eterraformprovider/terraform-provider-e2e/e2e/container_registry/sweep.go:66.3,67.89 2 0
github.com/e2eterraformprovider/terraform-provider-e2e/e2e/container_registry/sweep.go:70.2,72.12 2 0
github.com/e2eterraformprovider/terraform-provider-e2e/main.go:14.13,18.41 2 0
github.com/e2eterraformprovider/terraform-provider-e2e/main.go:18.41,20.4 1 0
github.com/e2eterraformprovider/terraform-provider-e2e/e2e/provider.go:30.34,110.2 1 0
github.com/e2eterraformprovider/terraform-provider-e2e/e2e/provider.go:112.69,119.44 5 0
github.com/e2eterraformprovider/terraform-provider-e2e/e2e/provider.go:119.44,121.3 1 0
github.com/e2eterraformprovider/terraform-provider-e2e/e2e/provider.go:123.2,124.48 2 0
github.com/e2eterraformprovider/terraform-provider-e2e/e2e/provider.go:124.48,126.3 1 0
github.com/e2eterraformprovider/terraform-provider-e2e/e2e/provider.go:129.2,130.16 2 0
github.com/e2eterraformprovider/terraform-provider-e2e/e2e/provider.go:130.16,132.3 1 0
github.com/e2eterraformprovider/terraform-provider-e2e/e2e/provider.go:135.2,138.17 3 0
github.com/e2eterraformprovider/terraform-provider-e2e/e2e/dbaas_mariadb/datasource_mariadb.go:14.43,96.2 1 9
github.com/e2eterraformprovider/terraform-provider-e2e/e2e/dbaas_mariadb/datasource_mariadb.go:98.105,110.16 7 4
github.com/e2eterraformprovider/terraform-provider-e2e/e2e/dbaas_mariadb/datasource_mariadb.go:110.16,112.3 1 1
github.com/e2eterraformprovider/terraform-provider-e2e/e2e/dbaas_mariadb/datasource_mariadb.go:115.2,115.18 1 3
github.com/e2eterraformprovider/terraform-provider-e2e/e2e/dbaas_mariadb/datasource_mariadb.go:115.18,117.3 1 1
github.com/e2eterraformprovider/terraform-provider-e2e/e2e/dbaas_mariadb/datasource_mariadb.go:120.2,129.64 6 2
github.com/e2eterraformprovider/terraform-provider-e2e/e2e/dbaas_mariadb/datasource_mariadb.go:129.64,131.3 1 0
github.com/e2eterraformprovider/terraform-provider-e2e/e2e/dbaas_mariadb/datasource_mariadb.go:134.2,134.65 1 2
github.com/e2eterraformprovider/terraform-provider-e2e/e2e/dbaas_mariadb/datasource_mariadb.go:134.65,136.3 1 0
github.com/e2eterraformprovider/terraform-provider-e2e/e2e/dbaas_mariadb/datasource_mariadb.go:137.2,137.73 1 2
github.com/e2eterraformprovider/terraform-provider-e2e/e2e/dbaas_mariadb/datasource_mariadb.go:137.73,139.3 1 0
github.com/e2eterraformprovider/terraform-provider-e2e/e2e/dbaas_mariadb/datasource_mariadb.go:140.2,140.73 1 2
github.com/e2eterraformprovider/terraform-provider-e2e/e2e/dbaas_mariadb/datasource_mariadb.go:140.73,142.3 1 0
github.com/e2eterraformprovider/terraform-provider-e2e/e2e/dbaas_mariadb/datasource_mariadb.go:145.2,146.62 2 2
github.com/e2eterraformprovider/terraform-provider-e2e/e2e/dbaas_mariadb/datasource_mariadb.go:146.62,148.3 1 0
github.com/e2eterraformprovider/terraform-provider-e2e/e2e/dbaas_mariadb/datasource_mariadb.go:151.2,151.87 1 2
github.com/e2eterraformprovider/terraform-provider-e2e/e2e/dbaas_mariadb/datasource_mariadb.go:151.87,153.3 1 0
github.com/e2eterraformprovider/terraform-provider-e2e/e2e/dbaas_mariadb/datasource_mariadb.go:154.2,154.89 1 2
github.com/e2eterraformprovider/terraform-provider-e2e/e2e/dbaas_mariadb/datasource_mariadb.go:154.89,156.3 1 0
github.com/e2eterraformprovider/terraform-provider-e2e/e2e/dbaas_mariadb/datasource_mariadb.go:157.2,157.96 1 2
github.com/e2eterraformprovider/terraform-provider-e2e/e2e/dbaas_mariadb/datasource_mariadb.go:157.96,159.3 1 0
github.com/e2eterraformprovider/terraform-provider-e2e/e2e/dbaas_mariadb/datasource_mariadb.go:162.2,162.65 1 2
github.com/e2eterraformprovider/terraform-provider-e2e/e2e/dbaas_mariadb/datasource_mariadb.go:162.65,164.3 1 0
github.com/e2eterraformprovider/terraform-provider-e2e/e2e/dbaas_mariadb/datasource_mariadb.go:167.2,167.63 1 2
github.com/e2eterraformprovider/terraform-provider-e2e/e2e/dbaas_mariadb/datasource_mariadb.go:167.63,169.3 1 0
github.com/e2eterraformprovider/terraform-provider-e2e/e2e/dbaas_mariadb/datasource_mariadb.go:172.2,172.81 1 2
github.com/e2eterraformprovider/terraform-provider-e2e/e2e/dbaas_mariadb/datasource_mariadb.go:172.81,174.3 1 0
github.com/e2eterraformprovider/terraform-provider-e2e/e2e/dbaas_mariadb/datasource_mariadb.go:177.2,177.74 1 2
github.com/e2eterraformprovider/terraform-provider-e2e/e2e/dbaas_mariadb/datasource_mariadb.go:177.74,179.3 1 0
github.com/e2eterraformprovider/terraform-provider-e2e/e2e/dbaas_mariadb/datasource_mariadb.go:182.2,182.25 1 2
github.com/e2eterraformprovider/terraform-provider-e2e/e2e/dbaas_mariadb/datasource_mariadb.go:182.25,183.81 1 1
github.com/e2eterraformprovider/terraform-provider-e2e/e2e/dbaas_mariadb/datasource_mariadb.go:183.81,185.4 1 0
github.com/e2eterraformprovider/terraform-provider-e2e/e2e/dbaas_mariadb/datasource_mariadb.go:188.2,190.14 2 2
github.com/e2eterraformprovider/terraform-provider-e2e/e2e/dbaas_mariadb/helpers.go:9.47,10.54 1 13
github.com/e2eterraformprovider/terraform-provider-e2e/e2e/dbaas_mariadb/helpers.go:10.54,12.3 1 4
github.com/e2eterraformprovider/terraform-provider-e2e/e2e/dbaas_mariadb/helpers.go:13.2,13.18 1 9
github.com/e2eterraformprovider/terraform-provider-e2e/e2e/dbaas_mariadb/mocks.go:32.139,33.32 1 1
github.com/e2eterraformprovider/terraform-provider-e2e/e2e/dbaas_mariadb/mocks.go:33.32,35.3 1 1
github.com/e2eterraformprovider/terraform-provider-e2e/e2e/dbaas_mariadb/mocks.go:36.2,36.22 1 0
github.com/e2eterraformprovider/terraform-provider-e2e/e2e/dbaas_mariadb/mocks.go:40.114,41.29 1 8
github.com/e2eterraformprovider/terraform-provider-e2e/e2e/dbaas_mariadb/mocks.go:41.29,43.3 1 8
github.com/e2eterraformprovider/terraform-provider-e2e/e2e/dbaas_mariadb/mocks.go:44.2,44.22 1 0
github.com/e2eterraformprovider/terraform-provider-e2e/e2e/dbaas_mariadb/mocks.go:48.101,49.32 1 2
github.com/e2eterraformprovider/terraform-provider-e2e/e2e/dbaas_mariadb/mocks.go:49.32,51.3 1 2
github.com/e2eterraformprovider/terraform-provider-e2e/e2e/dbaas_mariadb/mocks.go:52.2,52.17 1 0
github.com/e2eterraformprovider/terraform-provider-e2e/e2e/dbaas_mariadb/mocks.go:56.107,57.32 1 0
github.com/e2eterraformprovider/terraform-provider-e2e/e2e/dbaas_mariadb/mocks.go:57.32,59.3 1 0
github.com/e2eterraformprovider/terraform-provider-e2e/e2e/dbaas_mariadb/mocks.go:60.2,60.24 1 0
github.com/e2eterraformprovider/terraform-provider-e2e/e2e/dbaas_mariadb/mocks.go:64.103,65.34 1 1
github.com/e2eterraformprovider/terraform-provider-e2e/e2e/dbaas_mariadb/mocks.go:65.34,67.3 1 1
github.com/e2eterraformprovider/terraform-provider-e2e/e2e/dbaas_mariadb/mocks.go:68.2,68.17 1 0
github.com/e2eterraformprovider/terraform-provider-e2e/e2e/dbaas_mariadb/mocks.go:72.101,73.32 1 0
github.com/e2eterraformprovider/terraform-provider-e2e/e2e/dbaas_mariadb/mocks.go:73.32,75.3 1 0
github.com/e2eterraformprovider/terraform-provider-e2e/e2e/dbaas_mariadb/mocks.go:76.2,76.17 1 0
github.com/e2eterraformprovider/terraform-provider-e2e/e2e/dbaas_mariadb/mocks.go:80.102,81.33 1 0
github.com/e2eterraformprovider/terraform-provider-e2e/e2e/dbaas_mariadb/mocks.go:81.33,83.3 1 0
github.com/e2eterraformprovider/terraform-provider-e2e/e2e/dbaas_mariadb/mocks.go:84.2,84.17 1 0
github.com/e2eterraformprovider/terraform-provider-e2e/e2e/dbaas_mariadb/mocks.go:88.114,89.28 1 0
github.com/e2eterraformprovider/terraform-provider-e2e/e2e/dbaas_mariadb/mocks.go:89.28,91.3 1 0
github.com/e2eterraformprovider/terraform-provider-e2e/e2e/dbaas_mariadb/mocks.go:92.2,92.17 1 0
github.com/e2eterraformprovider/terraform-provider-e2e/e2e/dbaas_mariadb/mocks.go:96.114,97.28 1 0
github.com/e2eterraformprovider/terraform-provider-e2e/e2e/dbaas_mariadb/mocks.go:97.28,99.3 1 0
github.com/e2eterraformprovider/terraform-provider-e2e/e2e/dbaas_mariadb/mocks.go:100.2,100.17 1 0
github.com/e2eterraformprovider/terraform-provider-e2e/e2e/dbaas_mariadb/mocks.go:104.102,105.33 1 1
github.com/e2eterraformprovider/terraform-provider-e2e/e2e/dbaas_mariadb/mocks.go:105.33,107.3 1 0
github.com/e2eterraformprovider/terraform-provider-e2e/e2e/dbaas_mariadb/mocks.go:108.2,108.17 1 1
github.com/e2eterraformprovider/terraform-provider-e2e/e2e/dbaas_mariadb/mocks.go:112.102,113.33 1 0
github.com/e2eterraformprovider/terraform-provider-e2e/e2e/dbaas_mariadb/mocks.go:113.33,115.3 1 0
github.com/e2eterraformprovider/terraform-provider-e2e/e2e/dbaas_mariadb/mocks.go:116.2,116.17 1 0
github.com/e2eterraformprovider/terraform-provider-e2e/e2e/dbaas_mariadb/mocks.go:120.118,121.39 1 0
github.com/e2eterraformprovider/terraform-provider-e2e/e2e/dbaas_mariadb/mocks.go:121.39,123.3 1 0
github.com/e2eterraformprovider/terraform-provider-e2e/e2e/dbaas_mariadb/mocks.go:124.2,124.17 1 0
github.com/e2eterraformprovider/terraform-provider-e2e/e2e/dbaas_mariadb/mocks.go:128.118,129.39 1 0
github.com/e2eterraformprovider/terraform-provider-e2e/e2e/dbaas_mariadb/mocks.go:129.39,131.3 1 0
github.com/e2eterraformprovider/terraform-provider-e2e/e2e/dbaas_mariadb/mocks.go:132.2,132.17 1 0
github.com/e2eterraformprovider/terraform-provider-e2e/e2e/dbaas_mariadb/mocks.go:136.115,137.30 1 0
github.com/e2eterraformprovider/terraform-provider-e2e/e2e/dbaas_mariadb/mocks.go:137.30,139.3 1 0
github.com/e2eterraformprovider/terraform-provider-e2e/e2e/dbaas_mariadb/mocks.go:140.2,140.17 1 0
github.com/e2eterraformprovider/terraform-provider-e2e/e2e/dbaas_mariadb/mocks.go:144.108,145.29 1 0
github.com/e2eterraformprovider/terraform-provider-e2e/e2e/dbaas_mariadb/mocks.go:145.29,147.3 1 0
github.com/e2eterraformprovider/terraform-provider-e2e/e2e/dbaas_mariadb/mocks.go:148.2,148.17 1 0
github.com/e2eterraformprovider/terraform-provider-e2e/e2e/dbaas_mariadb/mocks.go:152.111,153.32 1 0
github.com/e2eterraformprovider/terraform-provider-e2e/e2e/dbaas_mariadb/mocks.go:153.32,155.3 1 0
github.com/e2eterraformprovider/terraform-provider-e2e/e2e/dbaas_mariadb/mocks.go:156.2,156.17 1 0
github.com/e2eterraformprovider/terraform-provider-e2e/e2e/dbaas_mariadb/mocks.go:160.116,161.32 1 2
github.com/e2eterraformprovider/terraform-provider-e2e/e2e/dbaas_mariadb/mocks.go:161.32,163.3 1 2
github.com/e2eterraformprovider/terraform-provider-e2e/e2e/dbaas_mariadb/mocks.go:164.2,164.15 1 0
github.com/e2eterraformprovider/terraform-provider-e2e/e2e/dbaas_mariadb/mocks.go:168.111,169.32 1 1
github.com/e2eterraformprovider/terraform-provider-e2e/e2e/dbaas_mariadb/mocks.go:169.32,171.3 1 1
github.com/e2eterraformprovider/terraform-provider-e2e/e2e/dbaas_mariadb/mocks.go:172.2,172.15 1 0
github.com/e2eterraformprovider/terraform-provider-e2e/e2e/dbaas_mariadb/resource_mariadb.go:19.41,246.2 1 22
github.com/e2eterraformprovider/terraform-provider-e2e/e2e/dbaas_mariadb/resource_mariadb.go:248.105,254.16 5 2
github.com/e2eterraformprovider/terraform-provider-e2e/e2e/dbaas_mariadb/resource_mariadb.go:254.16,256.3 1 0
github.com/e2eterraformprovider/terraform-provider-e2e/e2e/dbaas_mariadb/resource_mariadb.go:258.2,259.16 2 2
github.com/e2eterraformprovider/terraform-provider-e2e/e2e/dbaas_mariadb/resource_mariadb.go:259.16,261.3 1 0
github.com/e2eterraformprovider/terraform-provider-e2e/e2e/dbaas_mariadb/resource_mariadb.go:263.2,269.16 5 2
github.com/e2eterraformprovider/terraform-provider-e2e/e2e/dbaas_mariadb/resource_mariadb.go:269.16,271.3 1 1
github.com/e2eterraformprovider/terraform-provider-e2e/e2e/dbaas_mariadb/resource_mariadb.go:274.2,275.16 2 1
github.com/e2eterraformprovider/terraform-provider-e2e/e2e/dbaas_mariadb/resource_mariadb.go:275.16,277.3 1 0
github.com/e2eterraformprovider/terraform-provider-e2e/e2e/dbaas_mariadb/resource_mariadb.go:280.2,285.64 4 1
github.com/e2eterraformprovider/terraform-provider-e2e/e2e/dbaas_mariadb/resource_mariadb.go:285.64,287.3 1 0
github.com/e2eterraformprovider/terraform-provider-e2e/e2e/dbaas_mariadb/resource_mariadb.go:290.2,291.21 2 1
github.com/e2eterraformprovider/terraform-provider-e2e/e2e/dbaas_mariadb/resource_mariadb.go:291.21,293.17 2 0
github.com/e2eterraformprovider/terraform-provider-e2e/e2e/dbaas_mariadb/resource_mariadb.go:293.17,295.4 1 0
github.com/e2eterraformprovider/terraform-provider-e2e/e2e/dbaas_mariadb/resource_mariadb.go:298.2,301.60 3 1
github.com/e2eterraformprovider/terraform-provider-e2e/e2e/dbaas_mariadb/resource_mariadb.go:301.60,303.3 1 0
github.com/e2eterraformprovider/terraform-provider-e2e/e2e/dbaas_mariadb/resource_mariadb.go:305.2,306.63 2 1
github.com/e2eterraformprovider/terraform-provider-e2e/e2e/dbaas_mariadb/resource_mariadb.go:306.63,308.3 1 0
github.com/e2eterraformprovider/terraform-provider-e2e/e2e/dbaas_mariadb/resource_mariadb.go:310.2,311.64 2 1
github.com/e2eterraformprovider/terraform-provider-e2e/e2e/dbaas_mariadb/resource_mariadb.go:311.64,313.3 1 0
github.com/e2eterraformprovider/terraform-provider-e2e/e2e/dbaas_mariadb/resource_mariadb.go:316.2,336.16 3 1
github.com/e2eterraformprovider/terraform-provider-e2e/e2e/dbaas_mariadb/resource_mariadb.go:336.16,338.3 1 0
github.com/e2eterraformprovider/terraform-provider-e2e/e2e/dbaas_mariadb/resource_mariadb.go:341.2,342.66 2 1
github.com/e2eterraformprovider/terraform-provider-e2e/e2e/dbaas_mariadb/resource_mariadb.go:342.66,344.3 1 0
github.com/e2eterraformprovider/terraform-provider-e2e/e2e/dbaas_mariadb/resource_mariadb.go:347.2,348.62 2 1
github.com/e2eterraformprovider/terraform-provider-e2e/e2e/dbaas_mariadb/resource_mariadb.go:348.62,350.3 1 0
github.com/e2eterraformprovider/terraform-provider-e2e/e2e/dbaas_mariadb/resource_mariadb.go:352.2,352.99 1 1
github.com/e2eterraformprovider/terraform-provider-e2e/e2e/dbaas_mariadb/resource_mariadb.go:352.99,354.3 1 0
github.com/e2eterraformprovider/terraform-provider-e2e/e2e/dbaas_mariadb/resource_mariadb.go:355.2,355.101 1 1
github.com/e2eterraformprovider/terraform-provider-e2e/e2e/dbaas_mariadb/resource_mariadb.go:355.101,357.3 1 0
github.com/e2eterraformprovider/terraform-provider-e2e/e2e/dbaas_mariadb/resource_mariadb.go:358.2,358.77 1 1
github.com/e2eterraformprovider/terraform-provider-e2e/e2e/dbaas_mariadb/resource_mariadb.go:358.77,360.3 1 0
github.com/e2eterraformprovider/terraform-provider-e2e/e2e/dbaas_mariadb/resource_mariadb.go:361.2,361.70 1 1
github.com/e2eterraformprovider/terraform-provider-e2e/e2e/dbaas_mariadb/resource_mariadb.go:361.70,363.3 1 0
github.com/e2eterraformprovider/terraform-provider-e2e/e2e/dbaas_mariadb/resource_mariadb.go:364.2,364.70 1 1
github.com/e2eterraformprovider/terraform-provider-e2e/e2e/dbaas_mariadb/resource_mariadb.go:364.70,366.3 1 0
github.com/e2eterraformprovider/terraform-provider-e2e/e2e/dbaas_mariadb/resource_mariadb.go:367.2,367.106 1 1
github.com/e2eterraformprovider/terraform-provider-e2e/e2e/dbaas_mariadb/resource_mariadb.go:367.106,369.3 1 0
github.com/e2eterraformprovider/terraform-provider-e2e/e2e/dbaas_mariadb/resource_mariadb.go:371.2,373.14 2 1
github.com/e2eterraformprovider/terraform-provider-e2e/e2e/dbaas_mariadb/resource_mariadb.go:376.103,385.16 6 4
github.com/e2eterraformprovider/terraform-provider-e2e/e2e/dbaas_mariadb/resource_mariadb.go:385.16,387.3 1 1
github.com/e2eterraformprovider/terraform-provider-e2e/e2e/dbaas_mariadb/resource_mariadb.go:390.2,390.20 1 3
github.com/e2eterraformprovider/terraform-provider-e2e/e2e/dbaas_mariadb/resource_mariadb.go:390.20,394.3 3 0
github.com/e2eterraformprovider/terraform-provider-e2e/e2e/dbaas_mariadb/resource_mariadb.go:397.2,397.66 1 3
github.com/e2eterraformprovider/terraform-provider-e2e/e2e/dbaas_mariadb/resource_mariadb.go:397.66,399.3 1 0
github.com/e2eterraformprovider/terraform-provider-e2e/e2e/dbaas_mariadb/resource_mariadb.go:402.2,403.62 2 3
github.com/e2eterraformprovider/terraform-provider-e2e/e2e/dbaas_mariadb/resource_mariadb.go:403.62,405.3 1 0
github.com/e2eterraformprovider/terraform-provider-e2e/e2e/dbaas_mariadb/resource_mariadb.go:408.2,408.83 1 3
github.com/e2eterraformprovider/terraform-provider-e2e/e2e/dbaas_mariadb/resource_mariadb.go:408.83,410.3 1 0
github.com/e2eterraformprovider/terraform-provider-e2e/e2e/dbaas_mariadb/resource_mariadb.go:411.2,411.89 1 3
github.com/e2eterraformprovider/terraform-provider-e2e/e2e/dbaas_mariadb/resource_mariadb.go:411.89,413.3 1 0
github.com/e2eterraformprovider/terraform-provider-e2e/e2e/dbaas_mariadb/resource_mariadb.go:416.2,416.82 1 3
github.com/e2eterraformprovider/terraform-provider-e2e/e2e/dbaas_mariadb/resource_mariadb.go:416.82,418.3 1 0
github.com/e2eterraformprovider/terraform-provider-e2e/e2e/dbaas_mariadb/resource_mariadb.go:421.2,421.99 1 3
github.com/e2eterraformprovider/terraform-provider-e2e/e2e/dbaas_mariadb/resource_mariadb.go:421.99,423.3 1 0
github.com/e2eterraformprovider/terraform-provider-e2e/e2e/dbaas_mariadb/resource_mariadb.go:424.2,424.101 1 3
github.com/e2eterraformprovider/terraform-provider-e2e/e2e/dbaas_mariadb/resource_mariadb.go:424.101,426.3 1 0
github.com/e2eterraformprovider/terraform-provider-e2e/e2e/dbaas_mariadb/resource_mariadb.go:427.2,427.77 1 3
github.com/e2eterraformprovider/terraform-provider-e2e/e2e/dbaas_mariadb/resource_mariadb.go:427.77,429.3 1 0
github.com/e2eterraformprovider/terraform-provider-e2e/e2e/dbaas_mariadb/resource_mariadb.go:432.2,432.106 1 3
github.com/e2eterraformprovider/terraform-provider-e2e/e2e/dbaas_mariadb/resource_mariadb.go:432.106,434.3 1 0
github.com/e2eterraformprovider/terraform-provider-e2e/e2e/dbaas_mariadb/resource_mariadb.go:437.2,438.35 2 3
github.com/e2eterraformprovider/terraform-provider-e2e/e2e/dbaas_mariadb/resource_mariadb.go:438.35,439.69 1 1
github.com/e2eterraformprovider/terraform-provider-e2e/e2e/dbaas_mariadb/resource_mariadb.go:439.69,441.4 1 1
github.com/e2eterraformprovider/terraform-provider-e2e/e2e/dbaas_mariadb/resource_mariadb.go:443.2,443.71 1 3
github.com/e2eterraformprovider/terraform-provider-e2e/e2e/dbaas_mariadb/resource_mariadb.go:443.71,445.3 1 0
github.com/e2eterraformprovider/terraform-provider-e2e/e2e/dbaas_mariadb/resource_mariadb.go:448.2,448.96 1 3
github.com/e2eterraformprovider/terraform-provider-e2e/e2e/dbaas_mariadb/resource_mariadb.go:448.96,450.3 1 0
github.com/e2eterraformprovider/terraform-provider-e2e/e2e/dbaas_mariadb/resource_mariadb.go:452.2,454.14 2 3
github.com/e2eterraformprovider/terraform-provider-e2e/e2e/dbaas_mariadb/resource_mariadb.go:457.105,468.16 7 2
github.com/e2eterraformprovider/terraform-provider-e2e/e2e/dbaas_mariadb/resource_mariadb.go:468.16,470.132 1 1
github.com/e2eterraformprovider/terraform-provider-e2e/e2e/dbaas_mariadb/resource_mariadb.go:470.132,474.4 3 1
github.com/e2eterraformprovider/terraform-provider-e2e/e2e/dbaas_mariadb/resource_mariadb.go:475.3,475.131 1 0
github.com/e2eterraformprovider/terraform-provider-e2e/e2e/dbaas_mariadb/resource_mariadb.go:478.2,480.14 3 1
github.com/e2eterraformprovider/terraform-provider-e2e/e2e/dbaas_mariadb/resource_mariadb.go:483.105,489.41 4 1
github.com/e2eterraformprovider/terraform-provider-e2e/e2e/dbaas_mariadb/resource_mariadb.go:489.41,495.27 4 1
github.com/e2eterraformprovider/terraform-provider-e2e/e2e/dbaas_mariadb/resource_mariadb.go:496.42,497.74 1 1
github.com/e2eterraformprovider/terraform-provider-e2e/e2e/dbaas_mariadb/resource_mariadb.go:497.74,499.46 1 0
github.com/e2eterraformprovider/terraform-provider-e2e/e2e/dbaas_mariadb/resource_mariadb.go:499.46,501.6 1 0
github.com/e2eterraformprovider/terraform-provider-e2e/e2e/dbaas_mariadb/resource_mariadb.go:502.5,502.42 1 0
github.com/e2eterraformprovider/terraform-provider-e2e/e2e/dbaas_mariadb/resource_mariadb.go:502.42,505.6 2 0
github.com/e2eterraformprovider/terraform-provider-e2e/e2e/dbaas_mariadb/resource_mariadb.go:506.5,506.55 1 0
github.com/e2eterraformprovider/terraform-provider-e2e/e2e/dbaas_mariadb/resource_mariadb.go:508.4,508.69 1 1
github.com/e2eterraformprovider/terraform-provider-e2e/e2e/dbaas_mariadb/resource_mariadb.go:509.42,510.72 1 0
github.com/e2eterraformprovider/terraform-provider-e2e/e2e/dbaas_mariadb/resource_mariadb.go:510.72,512.5 1 0
github.com/e2eterraformprovider/terraform-provider-e2e/e2e/dbaas_mariadb/resource_mariadb.go:513.4,513.69 1 0
github.com/e2eterraformprovider/terraform-provider-e2e/e2e/dbaas_mariadb/resource_mariadb.go:514.45,515.73 1 0
github.com/e2eterraformprovider/terraform-provider-e2e/e2e/dbaas_mariadb/resource_mariadb.go:515.73,517.5 1 0
github.com/e2eterraformprovider/terraform-provider-e2e/e2e/dbaas_mariadb/resource_mariadb.go:518.4,518.71 1 0
github.com/e2eterraformprovider/terraform-provider-e2e/e2e/dbaas_mariadb/resource_mariadb.go:519.11,520.69 1 0
github.com/e2eterraformprovider/terraform-provider-e2e/e2e/dbaas_mariadb/resource_mariadb.go:525.2,525.39 1 1
github.com/e2eterraformprovider/terraform-provider-e2e/e2e/dbaas_mariadb/resource_mariadb.go:525.39,533.30 5 0
github.com/e2eterraformprovider/terraform-provider-e2e/e2e/dbaas_mariadb/resource_mariadb.go:533.30,534.44 1 0
github.com/e2eterraformprovider/terraform-provider-e2e/e2e/dbaas_mariadb/resource_mariadb.go:534.44,536.5 1 0
github.com/e2eterraformprovider/terraform-provider-e2e/e2e/dbaas_mariadb/resource_mariadb.go:540.3,540.30 1 0
github.com/e2eterraformprovider/terraform-provider-e2e/e2e/dbaas_mariadb/resource_mariadb.go:540.30,541.44 1 0
github.com/e2eterraformprovider/terraform-provider-e2e/e2e/dbaas_mariadb/resource_mariadb.go:541.44,543.5 1 0
github.com/e2eterraformprovider/terraform-provider-e2e/e2e/dbaas_mariadb/resource_mariadb.go:547.3,547.24 1 0
github.com/e2eterraformprovider/terraform-provider-e2e/e2e/dbaas_mariadb/resource_mariadb.go:547.24,549.78 2 0
github.com/e2eterraformprovider/terraform-provider-e2e/e2e/dbaas_mariadb/resource_mariadb.go:549.78,551.5 1 0
github.com/e2eterraformprovider/terraform-provider-e2e/e2e/dbaas_mariadb/resource_mariadb.go:555.3,555.24 1 0
github.com/e2eterraformprovider/terraform-provider-e2e/e2e/dbaas_mariadb/resource_mariadb.go:555.24,557.78 2 0
github.com/e2eterraformprovider/terraform-provider-e2e/e2e/dbaas_mariadb/resource_mariadb.go:557.78,559.5 1 0
github.com/e2eterraformprovider/terraform-provider-e2e/e2e/dbaas_mariadb/resource_mariadb.go:564.2,564.50 1 1
github.com/e2eterraformprovider/terraform-provider-e2e/e2e/dbaas_mariadb/resource_mariadb.go:564.50,568.13 3 1
github.com/e2eterraformprovider/terraform-provider-e2e/e2e/dbaas_mariadb/resource_mariadb.go:568.13,569.73 1 1
github.com/e2eterraformprovider/terraform-provider-e2e/e2e/dbaas_mariadb/resource_mariadb.go:569.73,571.5 1 0
github.com/e2eterraformprovider/terraform-provider-e2e/e2e/dbaas_mariadb/resource_mariadb.go:572.4,572.83 1 1
github.com/e2eterraformprovider/terraform-provider-e2e/e2e/dbaas_mariadb/resource_mariadb.go:573.9,574.73 1 0
github.com/e2eterraformprovider/terraform-provider-e2e/e2e/dbaas_mariadb/resource_mariadb.go:574.73,576.5 1 0
github.com/e2eterraformprovider/terraform-provider-e2e/e2e/dbaas_mariadb/resource_mariadb.go:577.4,577.85 1 0
github.com/e2eterraformprovider/terraform-provider-e2e/e2e/dbaas_mariadb/resource_mariadb.go:582.2,582.51 1 1
github.com/e2eterraformprovider/terraform-provider-e2e/e2e/dbaas_mariadb/resource_mariadb.go:582.51,589.10 5 0
github.com/e2eterraformprovider/terraform-provider-e2e/e2e/dbaas_mariadb/resource_mariadb.go:590.37,592.88 1 0
github.com/e2eterraformprovider/terraform-provider-e2e/e2e/dbaas_mariadb/resource_mariadb.go:592.88,594.5 1 0
github.com/e2eterraformprovider/terraform-provider-e2e/e2e/dbaas_mariadb/resource_mariadb.go:595.4,595.103 1 0
github.com/e2eterraformprovider/terraform-provider-e2e/e2e/dbaas_mariadb/resource_mariadb.go:596.43,598.88 1 0
github.com/e2eterraformprovider/terraform-provider-e2e/e2e/dbaas_mariadb/resource_mariadb.go:598.88,600.5 1 0
github.com/e2eterraformprovider/terraform-provider-e2e/e2e/dbaas_mariadb/resource_mariadb.go:601.4,601.101 1 0
github.com/e2eterraformprovider/terraform-provider-e2e/e2e/dbaas_mariadb/resource_mariadb.go:606.2,606.39 1 1
github.com/e2eterraformprovider/terraform-provider-e2e/e2e/dbaas_mariadb/resource_mariadb.go:606.39,612.84 4 0
github.com/e2eterraformprovider/terraform-provider-e2e/e2e/dbaas_mariadb/resource_mariadb.go:612.84,615.4 2 0
github.com/e2eterraformprovider/terraform-provider-e2e/e2e/dbaas_mariadb/resource_mariadb.go:618.3,622.17 4 0
github.com/e2eterraformprovider/terraform-provider-e2e/e2e/dbaas_mariadb/resource_mariadb.go:622.17,625.4 2 0
github.com/e2eterraformprovider/terraform-provider-e2e/e2e/dbaas_mariadb/resource_mariadb.go:627.3,628.17 2 0
github.com/e2eterraformprovider/terraform-provider-e2e/e2e/dbaas_mariadb/resource_mariadb.go:628.17,631.4 2 0
github.com/e2eterraformprovider/terraform-provider-e2e/e2e/dbaas_mariadb/resource_mariadb.go:634.3,634.81 1 0
github.com/e2eterraformprovider/terraform-provider-e2e/e2e/dbaas_mariadb/resource_mariadb.go:634.81,637.4 2 0
github.com/e2eterraformprovider/terraform-provider-e2e/e2e/dbaas_mariadb/resource_mariadb.go:639.3,642.71 2 0
github.com/e2eterraformprovider/terraform-provider-e2e/e2e/dbaas_mariadb/resource_mariadb.go:642.71,644.4 1 0
github.com/e2eterraformprovider/terraform-provider-e2e/e2e/dbaas_mariadb/resource_mariadb.go:648.2,648.43 1 1
github.com/e2eterraformprovider/terraform-provider-e2e/e2e/dbaas_mariadb/resource_mariadb.go:648.43,651.25 2 0
github.com/e2eterraformprovider/terraform-provider-e2e/e2e/dbaas_mariadb/resource_mariadb.go:651.25,656.85 3 0
github.com/e2eterraformprovider/terraform-provider-e2e/e2e/dbaas_mariadb/resource_mariadb.go:656.85,659.5 2 0
github.com/e2eterraformprovider/terraform-provider-e2e/e2e/dbaas_mariadb/resource_mariadb.go:662.4,662.85 1 0
github.com/e2eterraformprovider/terraform-provider-e2e/e2e/dbaas_mariadb/resource_mariadb.go:662.85,665.5 2 0
github.com/e2eterraformprovider/terraform-provider-e2e/e2e/dbaas_mariadb/resource_mariadb.go:667.4,670.61 2 0
github.com/e2eterraformprovider/terraform-provider-e2e/e2e/dbaas_mariadb/resource_mariadb.go:670.61,672.5 1 0
github.com/e2eterraformprovider/terraform-provider-e2e/e2e/dbaas_mariadb/resource_mariadb.go:673.9,675.4 1 0
github.com/e2eterraformprovider/terraform-provider-e2e/e2e/dbaas_mariadb/resource_mariadb.go:679.2,679.39 1 1
github.com/e2eterraformprovider/terraform-provider-e2e/e2e/dbaas_mariadb/resource_mariadb.go:679.39,681.3 1 0
github.com/e2eterraformprovider/terraform-provider-e2e/e2e/dbaas_mariadb/resource_mariadb.go:684.2,684.39 1 1
github.com/e2eterraformprovider/terraform-provider-e2e/e2e/dbaas_mariadb/resource_mariadb.go:687.62,689.25 2 5
github.com/e2eterraformprovider/terraform-provider-e2e/e2e/dbaas_mariadb/resource_mariadb.go:689.25,691.3 1 10
github.com/e2eterraformprovider/terraform-provider-e2e/e2e/dbaas_mariadb/resource_mariadb.go:692.2,692.15 1 4
github.com/e2eterraformprovider/terraform-provider-e2e/e2e/dbaas_mariadb/resource_mariadb.go:700.51,866.2 1 22
github.com/e2eterraformprovider/terraform-provider-e2e/e2e/dbaas_mariadb/resource_mariadb.go:874.35,876.44 1 6
github.com/e2eterraformprovider/terraform-provider-e2e/e2e/dbaas_mariadb/resource_mariadb.go:876.44,878.3 1 5
github.com/e2eterraformprovider/terraform-provider-e2e/e2e/dbaas_mariadb/resource_mariadb.go:881.2,883.22 2 6
github.com/e2eterraformprovider/terraform-provider-e2e/e2e/dbaas_mysql/datasource_mysql.go:13.46,90.2 1 10
github.com/e2eterraformprovider/terraform-provider-e2e/e2e/dbaas_mysql/datasource_mysql.go:92.103,101.16 6 5
github.com/e2eterraformprovider/terraform-provider-e2e/e2e/dbaas_mysql/datasource_mysql.go:101.16,103.3 1 1
github.com/e2eterraformprovider/terraform-provider-e2e/e2e/dbaas_mysql/datasource_mysql.go:106.2,106.18 1 4
github.com/e2eterraformprovider/terraform-provider-e2e/e2e/dbaas_mysql/datasource_mysql.go:106.18,108.3 1 1
github.com/e2eterraformprovider/terraform-provider-e2e/e2e/dbaas_mysql/datasource_mysql.go:111.2,130.64 16 3
github.com/e2eterraformprovider/terraform-provider-e2e/e2e/dbaas_mysql/datasource_mysql.go:130.64,132.3 1 1
github.com/e2eterraformprovider/terraform-provider-e2e/e2e/dbaas_mysql/datasource_mysql.go:132.8,134.3 1 2
github.com/e2eterraformprovider/terraform-provider-e2e/e2e/dbaas_mysql/datasource_mysql.go:136.2,138.14 2 3
github.com/e2eterraformprovider/terraform-provider-e2e/e2e/dbaas_mysql/helpers.go:15.119,16.22 1 8
github.com/e2eterraformprovider/terraform-provider-e2e/e2e/dbaas_mysql/helpers.go:16.22,18.3 1 1
github.com/e2eterraformprovider/terraform-provider-e2e/e2e/dbaas_mysql/helpers.go:21.2,22.28 2 7
github.com/e2eterraformprovider/terraform-provider-e2e/e2e/dbaas_mysql/helpers.go:22.28,24.3 1 10
github.com/e2eterraformprovider/terraform-provider-e2e/e2e/dbaas_mysql/helpers.go:27.2,28.16 2 7
github.com/e2eterraformprovider/terraform-provider-e2e/e2e/dbaas_mysql/helpers.go:28.16,30.3 1 2
github.com/e2eterraformprovider/terraform-provider-e2e/e2e/dbaas_mysql/helpers.go:32.2,32.25 1 5
github.com/e2eterraformprovider/terraform-provider-e2e/e2e/dbaas_mysql/helpers.go:36.172,39.22 2 6
github.com/e2eterraformprovider/terraform-provider-e2e/e2e/dbaas_mysql/helpers.go:39.22,41.3 1 1
github.com/e2eterraformprovider/terraform-provider-e2e/e2e/dbaas_mysql/helpers.go:42.2,54.53 4 5
github.com/e2eterraformprovider/terraform-provider-e2e/e2e/dbaas_mysql/helpers.go:54.53,58.17 4 2
github.com/e2eterraformprovider/terraform-provider-e2e/e2e/dbaas_mysql/helpers.go:58.17,60.4 1 1
github.com/e2eterraformprovider/terraform-provider-e2e/e2e/dbaas_mysql/helpers.go:63.2,74.63 2 4
github.com/e2eterraformprovider/terraform-provider-e2e/e2e/dbaas_mysql/helpers.go:74.63,76.3 1 1
github.com/e2eterraformprovider/terraform-provider-e2e/e2e/dbaas_mysql/helpers.go:81.2,81.23 1 4
github.com/e2eterraformprovider/terraform-provider-e2e/e2e/dbaas_mysql/helpers.go:86.47,88.2 1 15
github.com/e2eterraformprovider/terraform-provider-e2e/e2e/dbaas_mysql/helpers.go:92.99,94.21 2 6
github.com/e2eterraformprovider/terraform-provider-e2e/e2e/dbaas_mysql/helpers.go:94.21,96.3 1 2
github.com/e2eterraformprovider/terraform-provider-e2e/e2e/dbaas_mysql/helpers.go:98.2,102.68 3 4
github.com/e2eterraformprovider/terraform-provider-e2e/e2e/dbaas_mysql/helpers.go:102.68,104.3 1 3
github.com/e2eterraformprovider/terraform-provider-e2e/e2e/dbaas_mysql/helpers.go:107.2,109.39 2 1
github.com/e2eterraformprovider/terraform-provider-e2e/e2e/dbaas_mysql/mocks.go:18.114,20.24 2 7
github.com/e2eterraformprovider/terraform-provider-e2e/e2e/dbaas_mysql/mocks.go:20.24,22.3 1 2
github.com/e2eterraformprovider/terraform-provider-e2e/e2e/dbaas_mysql/mocks.go:23.2,23.57 1 5
github.com/e2eterraformprovider/terraform-provider-e2e/e2e/dbaas_mysql/mocks.go:27.152,29.24 2 2
github.com/e2eterraformprovider/terraform-provider-e2e/e2e/dbaas_mysql/mocks.go:29.24,31.3 1 1
github.com/e2eterraformprovider/terraform-provider-e2e/e2e/dbaas_mysql/mocks.go:32.2,32.88 1 1
github.com/e2eterraformprovider/terraform-provider-e2e/e2e/dbaas_mysql/mocks.go:36.122,38.24 2 16
github.com/e2eterraformprovider/terraform-provider-e2e/e2e/dbaas_mysql/mocks.go:38.24,40.3 1 4
github.com/e2eterraformprovider/terraform-provider-e2e/e2e/dbaas_mysql/mocks.go:41.2,41.88 1 12
github.com/e2eterraformprovider/terraform-provider-e2e/e2e/dbaas_mysql/mocks.go:45.104,47.24 2 3
github.com/e2eterraformprovider/terraform-provider-e2e/e2e/dbaas_mysql/mocks.go:47.24,49.3 1 2
github.com/e2eterraformprovider/terraform-provider-e2e/e2e/dbaas_mysql/mocks.go:50.2,50.53 1 1
github.com/e2eterraformprovider/terraform-provider-e2e/e2e/dbaas_mysql/mocks.go:54.103,56.24 2 2
github.com/e2eterraformprovider/terraform-provider-e2e/e2e/dbaas_mysql/mocks.go:56.24,58.3 1 0
github.com/e2eterraformprovider/terraform-provider-e2e/e2e/dbaas_mysql/mocks.go:59.2,59.53 1 2
github.com/e2eterraformprovider/terraform-provider-e2e/e2e/dbaas_mysql/mocks.go:63.102,65.24 2 2
github.com/e2eterraformprovider/terraform-provider-e2e/e2e/dbaas_mysql/mocks.go:65.24,67.3 1 0
github.com/e2eterraformprovider/terraform-provider-e2e/e2e/dbaas_mysql/mocks.go:68.2,68.53 1 2
github.com/e2eterraformprovider/terraform-provider-e2e/e2e/dbaas_mysql/mocks.go:72.105,74.24 2 1
github.com/e2eterraformprovider/terraform-provider-e2e/e2e/dbaas_mysql/mocks.go:74.24,76.3 1 0
github.com/e2eterraformprovider/terraform-provider-e2e/e2e/dbaas_mysql/mocks.go:77.2,77.53 1 1
github.com/e2eterraformprovider/terraform-provider-e2e/e2e/dbaas_mysql/mocks.go:81.134,83.24 2 2
github.com/e2eterraformprovider/terraform-provider-e2e/e2e/dbaas_mysql/mocks.go:83.24,85.3 1 1
github.com/e2eterraformprovider/terraform-provider-e2e/e2e/dbaas_mysql/mocks.go:86.2,86.53 1 1
github.com/e2eterraformprovider/terraform-provider-e2e/e2e/dbaas_mysql/mocks.go:90.134,92.24 2 0
github.com/e2eterraformprovider/terraform-provider-e2e/e2e/dbaas_mysql/mocks.go:92.24,94.3 1 0
github.com/e2eterraformprovider/terraform-provider-e2e/e2e/dbaas_mysql/mocks.go:95.2,95.53 1 0
github.com/e2eterraformprovider/terraform-provider-e2e/e2e/dbaas_mysql/mocks.go:99.117,101.24 2 1
github.com/e2eterraformprovider/terraform-provider-e2e/e2e/dbaas_mysql/mocks.go:101.24,103.3 1 0
github.com/e2eterraformprovider/terraform-provider-e2e/e2e/dbaas_mysql/mocks.go:104.2,104.53 1 1
github.com/e2eterraformprovider/terraform-provider-e2e/e2e/dbaas_mysql/mocks.go:108.117,110.24 2 0
github.com/e2eterraformprovider/terraform-provider-e2e/e2e/dbaas_mysql/mocks.go:110.24,112.3 1 0
github.com/e2eterraformprovider/terraform-provider-e2e/e2e/dbaas_mysql/mocks.go:113.2,113.53 1 0
github.com/e2eterraformprovider/terraform-provider-e2e/e2e/dbaas_mysql/mocks.go:117.105,119.24 2 1
github.com/e2eterraformprovider/terraform-provider-e2e/e2e/dbaas_mysql/mocks.go:119.24,121.3 1 0
github.com/e2eterraformprovider/terraform-provider-e2e/e2e/dbaas_mysql/mocks.go:122.2,122.53 1 1
github.com/e2eterraformprovider/terraform-provider-e2e/e2e/dbaas_mysql/mocks.go:126.105,128.24 2 0
github.com/e2eterraformprovider/terraform-provider-e2e/e2e/dbaas_mysql/mocks.go:128.24,130.3 1 0
github.com/e2eterraformprovider/terraform-provider-e2e/e2e/dbaas_mysql/mocks.go:131.2,131.53 1 0
github.com/e2eterraformprovider/terraform-provider-e2e/e2e/dbaas_mysql/mocks.go:135.138,137.24 2 1
github.com/e2eterraformprovider/terraform-provider-e2e/e2e/dbaas_mysql/mocks.go:137.24,139.3 1 0
github.com/e2eterraformprovider/terraform-provider-e2e/e2e/dbaas_mysql/mocks.go:140.2,140.53 1 1
github.com/e2eterraformprovider/terraform-provider-e2e/e2e/dbaas_mysql/mocks.go:144.134,146.24 2 1
github.com/e2eterraformprovider/terraform-provider-e2e/e2e/dbaas_mysql/mocks.go:146.24,148.3 1 0
github.com/e2eterraformprovider/terraform-provider-e2e/e2e/dbaas_mysql/mocks.go:149.2,149.53 1 1
github.com/e2eterraformprovider/terraform-provider-e2e/e2e/dbaas_mysql/mocks.go:153.103,156.2 2 5
github.com/e2eterraformprovider/terraform-provider-e2e/e2e/dbaas_mysql/mocks.go:159.110,162.2 2 4
github.com/e2eterraformprovider/terraform-provider-e2e/e2e/dbaas_mysql/resource_mysql.go:19.39,224.2 1 33
github.com/e2eterraformprovider/terraform-provider-e2e/e2e/dbaas_mysql/resource_mysql.go:226.105,232.16 5 4
github.com/e2eterraformprovider/terraform-provider-e2e/e2e/dbaas_mysql/resource_mysql.go:232.16,234.3 1 0
github.com/e2eterraformprovider/terraform-provider-e2e/e2e/dbaas_mysql/resource_mysql.go:236.2,237.16 2 4
github.com/e2eterraformprovider/terraform-provider-e2e/e2e/dbaas_mysql/resource_mysql.go:237.16,239.3 1 0
github.com/e2eterraformprovider/terraform-provider-e2e/e2e/dbaas_mysql/resource_mysql.go:241.2,247.16 5 4
github.com/e2eterraformprovider/terraform-provider-e2e/e2e/dbaas_mysql/resource_mysql.go:247.16,249.3 1 1
github.com/e2eterraformprovider/terraform-provider-e2e/e2e/dbaas_mysql/resource_mysql.go:252.2,253.16 2 3
github.com/e2eterraformprovider/terraform-provider-e2e/e2e/dbaas_mysql/resource_mysql.go:253.16,255.3 1 1
github.com/e2eterraformprovider/terraform-provider-e2e/e2e/dbaas_mysql/resource_mysql.go:258.2,259.16 2 2
github.com/e2eterraformprovider/terraform-provider-e2e/e2e/dbaas_mysql/resource_mysql.go:259.16,261.3 1 0
github.com/e2eterraformprovider/terraform-provider-e2e/e2e/dbaas_mysql/resource_mysql.go:264.2,265.16 2 2
github.com/e2eterraformprovider/terraform-provider-e2e/e2e/dbaas_mysql/resource_mysql.go:265.16,267.3 1 1
github.com/e2eterraformprovider/terraform-provider-e2e/e2e/dbaas_mysql/resource_mysql.go:270.2,273.85 2 1
github.com/e2eterraformprovider/terraform-provider-e2e/e2e/dbaas_mysql/resource_mysql.go:273.85,275.3 1 0
github.com/e2eterraformprovider/terraform-provider-e2e/e2e/dbaas_mysql/resource_mysql.go:276.2,276.97 1 1
github.com/e2eterraformprovider/terraform-provider-e2e/e2e/dbaas_mysql/resource_mysql.go:276.97,278.3 1 0
github.com/e2eterraformprovider/terraform-provider-e2e/e2e/dbaas_mysql/resource_mysql.go:279.2,279.99 1 1
github.com/e2eterraformprovider/terraform-provider-e2e/e2e/dbaas_mysql/resource_mysql.go:279.99,281.3 1 0
github.com/e2eterraformprovider/terraform-provider-e2e/e2e/dbaas_mysql/resource_mysql.go:282.2,282.75 1 1
github.com/e2eterraformprovider/terraform-provider-e2e/e2e/dbaas_mysql/resource_mysql.go:282.75,284.3 1 0
github.com/e2eterraformprovider/terraform-provider-e2e/e2e/dbaas_mysql/resource_mysql.go:286.2,288.14 2 1
github.com/e2eterraformprovider/terraform-provider-e2e/e2e/dbaas_mysql/resource_mysql.go:291.103,300.16 6 11
github.com/e2eterraformprovider/terraform-provider-e2e/e2e/dbaas_mysql/resource_mysql.go:300.16,302.3 1 1
github.com/e2eterraformprovider/terraform-provider-e2e/e2e/dbaas_mysql/resource_mysql.go:305.2,305.18 1 10
github.com/e2eterraformprovider/terraform-provider-e2e/e2e/dbaas_mysql/resource_mysql.go:305.18,309.3 3 1
github.com/e2eterraformprovider/terraform-provider-e2e/e2e/dbaas_mysql/resource_mysql.go:312.2,312.85 1 9
github.com/e2eterraformprovider/terraform-provider-e2e/e2e/dbaas_mysql/resource_mysql.go:312.85,314.3 1 0
github.com/e2eterraformprovider/terraform-provider-e2e/e2e/dbaas_mysql/resource_mysql.go:317.2,317.94 1 9
github.com/e2eterraformprovider/terraform-provider-e2e/e2e/dbaas_mysql/resource_mysql.go:317.94,319.3 1 0
github.com/e2eterraformprovider/terraform-provider-e2e/e2e/dbaas_mysql/resource_mysql.go:322.2,323.87 2 9
github.com/e2eterraformprovider/terraform-provider-e2e/e2e/dbaas_mysql/resource_mysql.go:323.87,325.3 1 1
github.com/e2eterraformprovider/terraform-provider-e2e/e2e/dbaas_mysql/resource_mysql.go:326.2,326.70 1 9
github.com/e2eterraformprovider/terraform-provider-e2e/e2e/dbaas_mysql/resource_mysql.go:326.70,328.3 1 0
github.com/e2eterraformprovider/terraform-provider-e2e/e2e/dbaas_mysql/resource_mysql.go:331.2,331.75 1 9
github.com/e2eterraformprovider/terraform-provider-e2e/e2e/dbaas_mysql/resource_mysql.go:331.75,333.3 1 0
github.com/e2eterraformprovider/terraform-provider-e2e/e2e/dbaas_mysql/resource_mysql.go:336.2,336.97 1 9
github.com/e2eterraformprovider/terraform-provider-e2e/e2e/dbaas_mysql/resource_mysql.go:336.97,338.3 1 0
github.com/e2eterraformprovider/terraform-provider-e2e/e2e/dbaas_mysql/resource_mysql.go:339.2,339.99 1 9
github.com/e2eterraformprovider/terraform-provider-e2e/e2e/dbaas_mysql/resource_mysql.go:339.99,341.3 1 0
github.com/e2eterraformprovider/terraform-provider-e2e/e2e/dbaas_mysql/resource_mysql.go:342.2,342.75 1 9
github.com/e2eterraformprovider/terraform-provider-e2e/e2e/dbaas_mysql/resource_mysql.go:342.75,344.3 1 0
github.com/e2eterraformprovider/terraform-provider-e2e/e2e/dbaas_mysql/resource_mysql.go:346.2,348.14 2 9
github.com/e2eterraformprovider/terraform-provider-e2e/e2e/dbaas_mysql/resource_mysql.go:351.105,357.41 4 10
github.com/e2eterraformprovider/terraform-provider-e2e/e2e/dbaas_mysql/resource_mysql.go:357.41,361.37 3 5
github.com/e2eterraformprovider/terraform-provider-e2e/e2e/dbaas_mysql/resource_mysql.go:362.79,363.73 1 2
github.com/e2eterraformprovider/terraform-provider-e2e/e2e/dbaas_mysql/resource_mysql.go:363.73,365.5 1 0
github.com/e2eterraformprovider/terraform-provider-e2e/e2e/dbaas_mysql/resource_mysql.go:366.4,366.69 1 2
github.com/e2eterraformprovider/terraform-provider-e2e/e2e/dbaas_mysql/resource_mysql.go:367.94,368.74 1 2
github.com/e2eterraformprovider/terraform-provider-e2e/e2e/dbaas_mysql/resource_mysql.go:368.74,370.5 1 0
github.com/e2eterraformprovider/terraform-provider-e2e/e2e/dbaas_mysql/resource_mysql.go:371.4,371.69 1 2
github.com/e2eterraformprovider/terraform-provider-e2e/e2e/dbaas_mysql/resource_mysql.go:372.99,373.76 1 1
github.com/e2eterraformprovider/terraform-provider-e2e/e2e/dbaas_mysql/resource_mysql.go:373.76,375.5 1 0
github.com/e2eterraformprovider/terraform-provider-e2e/e2e/dbaas_mysql/resource_mysql.go:376.4,376.71 1 1
github.com/e2eterraformprovider/terraform-provider-e2e/e2e/dbaas_mysql/resource_mysql.go:377.11,378.69 1 0
github.com/e2eterraformprovider/terraform-provider-e2e/e2e/dbaas_mysql/resource_mysql.go:383.2,383.39 1 10
github.com/e2eterraformprovider/terraform-provider-e2e/e2e/dbaas_mysql/resource_mysql.go:383.39,390.35 5 2
github.com/e2eterraformprovider/terraform-provider-e2e/e2e/dbaas_mysql/resource_mysql.go:390.35,391.28 1 2
github.com/e2eterraformprovider/terraform-provider-e2e/e2e/dbaas_mysql/resource_mysql.go:391.28,393.5 1 2
github.com/e2eterraformprovider/terraform-provider-e2e/e2e/dbaas_mysql/resource_mysql.go:395.3,395.36 1 2
github.com/e2eterraformprovider/terraform-provider-e2e/e2e/dbaas_mysql/resource_mysql.go:395.36,396.27 1 0
github.com/e2eterraformprovider/terraform-provider-e2e/e2e/dbaas_mysql/resource_mysql.go:396.27,398.5 1 0
github.com/e2eterraformprovider/terraform-provider-e2e/e2e/dbaas_mysql/resource_mysql.go:402.3,402.21 1 2
github.com/e2eterraformprovider/terraform-provider-e2e/e2e/dbaas_mysql/resource_mysql.go:402.21,405.18 3 2
github.com/e2eterraformprovider/terraform-provider-e2e/e2e/dbaas_mysql/resource_mysql.go:405.18,408.5 2 0
github.com/e2eterraformprovider/terraform-provider-e2e/e2e/dbaas_mysql/resource_mysql.go:409.4,413.82 2 2
github.com/e2eterraformprovider/terraform-provider-e2e/e2e/dbaas_mysql/resource_mysql.go:413.82,416.5 2 1
github.com/e2eterraformprovider/terraform-provider-e2e/e2e/dbaas_mysql/resource_mysql.go:420.3,420.23 1 1
github.com/e2eterraformprovider/terraform-provider-e2e/e2e/dbaas_mysql/resource_mysql.go:420.23,423.18 3 0
github.com/e2eterraformprovider/terraform-provider-e2e/e2e/dbaas_mysql/resource_mysql.go:423.18,426.5 2 0
github.com/e2eterraformprovider/terraform-provider-e2e/e2e/dbaas_mysql/resource_mysql.go:427.4,431.82 2 0
github.com/e2eterraformprovider/terraform-provider-e2e/e2e/dbaas_mysql/resource_mysql.go:431.82,434.5 2 0
github.com/e2eterraformprovider/terraform-provider-e2e/e2e/dbaas_mysql/resource_mysql.go:439.2,439.51 1 9
github.com/e2eterraformprovider/terraform-provider-e2e/e2e/dbaas_mysql/resource_mysql.go:439.51,446.10 5 1
github.com/e2eterraformprovider/terraform-provider-e2e/e2e/dbaas_mysql/resource_mysql.go:447.37,449.105 1 0
github.com/e2eterraformprovider/terraform-provider-e2e/e2e/dbaas_mysql/resource_mysql.go:449.105,451.5 1 0
github.com/e2eterraformprovider/terraform-provider-e2e/e2e/dbaas_mysql/resource_mysql.go:452.4,452.103 1 0
github.com/e2eterraformprovider/terraform-provider-e2e/e2e/dbaas_mysql/resource_mysql.go:453.43,455.105 1 1
github.com/e2eterraformprovider/terraform-provider-e2e/e2e/dbaas_mysql/resource_mysql.go:455.105,457.5 1 0
github.com/e2eterraformprovider/terraform-provider-e2e/e2e/dbaas_mysql/resource_mysql.go:458.4,458.101 1 1
github.com/e2eterraformprovider/terraform-provider-e2e/e2e/dbaas_mysql/resource_mysql.go:463.2,463.51 1 9
github.com/e2eterraformprovider/terraform-provider-e2e/e2e/dbaas_mysql/resource_mysql.go:463.51,467.13 3 1
github.com/e2eterraformprovider/terraform-provider-e2e/e2e/dbaas_mysql/resource_mysql.go:467.13,468.76 1 1
github.com/e2eterraformprovider/terraform-provider-e2e/e2e/dbaas_mysql/resource_mysql.go:468.76,470.5 1 0
github.com/e2eterraformprovider/terraform-provider-e2e/e2e/dbaas_mysql/resource_mysql.go:471.4,471.83 1 1
github.com/e2eterraformprovider/terraform-provider-e2e/e2e/dbaas_mysql/resource_mysql.go:472.9,473.76 1 0
github.com/e2eterraformprovider/terraform-provider-e2e/e2e/dbaas_mysql/resource_mysql.go:473.76,475.5 1 0
github.com/e2eterraformprovider/terraform-provider-e2e/e2e/dbaas_mysql/resource_mysql.go:476.4,476.85 1 0
github.com/e2eterraformprovider/terraform-provider-e2e/e2e/dbaas_mysql/resource_mysql.go:481.2,481.39 1 9
github.com/e2eterraformprovider/terraform-provider-e2e/e2e/dbaas_mysql/resource_mysql.go:481.39,487.133 4 2
github.com/e2eterraformprovider/terraform-provider-e2e/e2e/dbaas_mysql/resource_mysql.go:487.133,490.4 2 1
github.com/e2eterraformprovider/terraform-provider-e2e/e2e/dbaas_mysql/resource_mysql.go:493.3,497.17 3 1
github.com/e2eterraformprovider/terraform-provider-e2e/e2e/dbaas_mysql/resource_mysql.go:497.17,500.4 2 0
github.com/e2eterraformprovider/terraform-provider-e2e/e2e/dbaas_mysql/resource_mysql.go:502.3,503.17 2 1
github.com/e2eterraformprovider/terraform-provider-e2e/e2e/dbaas_mysql/resource_mysql.go:503.17,506.4 2 0
github.com/e2eterraformprovider/terraform-provider-e2e/e2e/dbaas_mysql/resource_mysql.go:509.3,512.84 2 1
github.com/e2eterraformprovider/terraform-provider-e2e/e2e/dbaas_mysql/resource_mysql.go:512.84,515.4 2 0
github.com/e2eterraformprovider/terraform-provider-e2e/e2e/dbaas_mysql/resource_mysql.go:517.3,517.118 1 1
github.com/e2eterraformprovider/terraform-provider-e2e/e2e/dbaas_mysql/resource_mysql.go:521.2,521.39 1 8
github.com/e2eterraformprovider/terraform-provider-e2e/e2e/dbaas_mysql/resource_mysql.go:521.39,524.25 2 1
github.com/e2eterraformprovider/terraform-provider-e2e/e2e/dbaas_mysql/resource_mysql.go:524.25,531.83 3 1
github.com/e2eterraformprovider/terraform-provider-e2e/e2e/dbaas_mysql/resource_mysql.go:531.83,534.5 2 0
github.com/e2eterraformprovider/terraform-provider-e2e/e2e/dbaas_mysql/resource_mysql.go:536.4,539.57 2 1
github.com/e2eterraformprovider/terraform-provider-e2e/e2e/dbaas_mysql/resource_mysql.go:539.57,541.5 1 0
github.com/e2eterraformprovider/terraform-provider-e2e/e2e/dbaas_mysql/resource_mysql.go:542.9,544.4 1 0
github.com/e2eterraformprovider/terraform-provider-e2e/e2e/dbaas_mysql/resource_mysql.go:548.2,548.39 1 8
github.com/e2eterraformprovider/terraform-provider-e2e/e2e/dbaas_mysql/resource_mysql.go:548.39,550.3 1 0
github.com/e2eterraformprovider/terraform-provider-e2e/e2e/dbaas_mysql/resource_mysql.go:553.2,553.39 1 8
github.com/e2eterraformprovider/terraform-provider-e2e/e2e/dbaas_mysql/resource_mysql.go:556.105,567.16 7 3
github.com/e2eterraformprovider/terraform-provider-e2e/e2e/dbaas_mysql/resource_mysql.go:567.16,569.132 1 2
github.com/e2eterraformprovider/terraform-provider-e2e/e2e/dbaas_mysql/resource_mysql.go:569.132,573.4 3 1
github.com/e2eterraformprovider/terraform-provider-e2e/e2e/dbaas_mysql/resource_mysql.go:574.3,574.131 1 1
github.com/e2eterraformprovider/terraform-provider-e2e/e2e/dbaas_mysql/resource_mysql.go:577.2,579.14 3 1
github.com/e2eterraformprovider/terraform-provider-e2e/e2e/dbaas_mysql/resource_mysql.go:582.99,584.21 2 0
github.com/e2eterraformprovider/terraform-provider-e2e/e2e/dbaas_mysql/resource_mysql.go:584.21,586.3 1 0
github.com/e2eterraformprovider/terraform-provider-e2e/e2e/dbaas_mysql/resource_mysql.go:588.2,591.68 3 0
github.com/e2eterraformprovider/terraform-provider-e2e/e2e/dbaas_mysql/resource_mysql.go:591.68,593.3 1 0
github.com/e2eterraformprovider/terraform-provider-e2e/e2e/dbaas_mysql/resource_mysql.go:594.2,596.39 2 0
github.com/e2eterraformprovider/terraform-provider-e2e/e2e/dbaas_mysql/resource_mysql.go:604.49,759.2 1 33
github.com/e2eterraformprovider/terraform-provider-e2e/e2e/dbaas_mysql/resource_mysql.go:767.35,769.63 1 10
github.com/e2eterraformprovider/terraform-provider-e2e/e2e/dbaas_mysql/resource_mysql.go:769.63,771.53 1 2
github.com/e2eterraformprovider/terraform-provider-e2e/e2e/dbaas_mysql/resource_mysql.go:771.53,773.4 1 1
github.com/e2eterraformprovider/terraform-provider-e2e/e2e/dbaas_mysql/resource_mysql.go:774.8,777.3 1 8
github.com/e2eterraformprovider/terraform-provider-e2e/e2e/dbaas_mysql/resource_mysql.go:780.2,782.22 2 10
github.com/e2eterraformprovider/terraform-provider-e2e/e2e/dbaas_mysql/sweep.go:12.13,21.2 1 1
github.com/e2eterraformprovider/terraform-provider-e2e/e2e/dbaas_mysql/sweep.go:23.43,68.2 3 0
github.com/e2eterraformprovider/terraform-provider-e2e/e2e/faas/datasource_faas_function.go:14.48,92.2 1 10
github.com/e2eterraformprovider/terraform-provider-e2e/e2e/faas/datasource_faas_function.go:94.110,104.16 7 5
github.com/e2eterraformprovider/terraform-provider-e2e/e2e/faas/datasource_faas_function.go:104.16,106.3 1 2
github.com/e2eterraformprovider/terraform-provider-e2e/e2e/faas/datasource_faas_function.go:108.2,108.15 1 3
github.com/e2eterraformprovider/terraform-provider-e2e/e2e/faas/datasource_faas_function.go:108.15,110.3 1 1
github.com/e2eterraformprovider/terraform-provider-e2e/e2e/faas/datasource_faas_function.go:112.2,125.27 13 2
github.com/e2eterraformprovider/terraform-provider-e2e/e2e/faas/datasource_faas_function.go:125.27,127.3 1 1
github.com/e2eterraformprovider/terraform-provider-e2e/e2e/faas/datasource_faas_function.go:129.2,129.14 1 2
github.com/e2eterraformprovider/terraform-provider-e2e/e2e/faas/resource_faas_function.go:21.46,53.77 1 20
github.com/e2eterraformprovider/terraform-provider-e2e/e2e/faas/resource_faas_function.go:53.77,55.6 1 0
github.com/e2eterraformprovider/terraform-provider-e2e/e2e/faas/resource_faas_function.go:146.101,151.31 3 0
github.com/e2eterraformprovider/terraform-provider-e2e/e2e/faas/resource_faas_function.go:151.31,153.3 1 0
github.com/e2eterraformprovider/terraform-provider-e2e/e2e/faas/resource_faas_function.go:156.2,159.36 3 0
github.com/e2eterraformprovider/terraform-provider-e2e/e2e/faas/resource_faas_function.go:159.36,161.3 1 0
github.com/e2eterraformprovider/terraform-provider-e2e/e2e/faas/resource_faas_function.go:163.2,163.34 1 0
github.com/e2eterraformprovider/terraform-provider-e2e/e2e/faas/resource_faas_function.go:163.34,165.3 1 0
github.com/e2eterraformprovider/terraform-provider-e2e/e2e/faas/resource_faas_function.go:167.2,167.12 1 0
github.com/e2eterraformprovider/terraform-provider-e2e/e2e/faas/resource_faas_function.go:170.110,181.16 7 0
github.com/e2eterraformprovider/terraform-provider-e2e/e2e/faas/resource_faas_function.go:181.16,183.3 1 0
github.com/e2eterraformprovider/terraform-provider-e2e/e2e/faas/resource_faas_function.go:186.2,187.63 2 0
github.com/e2eterraformprovider/terraform-provider-e2e/e2e/faas/resource_faas_function.go:187.63,189.3 1 0
github.com/e2eterraformprovider/terraform-provider-e2e/e2e/faas/resource_faas_function.go:189.8,189.66 1 0
github.com/e2eterraformprovider/terraform-provider-e2e/e2e/faas/resource_faas_function.go:189.66,194.3 2 0
github.com/e2eterraformprovider/terraform-provider-e2e/e2e/faas/resource_faas_function.go:197.2,198.66 2 0
github.com/e2eterraformprovider/terraform-provider-e2e/e2e/faas/resource_faas_function.go:198.66,199.50 1 0
github.com/e2eterraformprovider/terraform-provider-e2e/e2e/faas/resource_faas_function.go:199.50,201.4 1 0
github.com/e2eterraformprovider/terraform-provider-e2e/e2e/faas/resource_faas_function.go:205.2,218.16 3 0
github.com/e2eterraformprovider/terraform-provider-e2e/e2e/faas/resource_faas_function.go:218.16,220.3 1 0
github.com/e2eterraformprovider/terraform-provider-e2e/e2e/faas/resource_faas_function.go:223.2,229.101 3 0
github.com/e2eterraformprovider/terraform-provider-e2e/e2e/faas/resource_faas_function.go:229.101,231.3 1 0
github.com/e2eterraformprovider/terraform-provider-e2e/e2e/faas/resource_faas_function.go:234.2,235.16 2 0
github.com/e2eterraformprovider/terraform-provider-e2e/e2e/faas/resource_faas_function.go:235.16,237.3 1 0
github.com/e2eterraformprovider/terraform-provider-e2e/e2e/faas/resource_faas_function.go:238.2,238.15 1 0
github.com/e2eterraformprovider/terraform-provider-e2e/e2e/faas/resource_faas_function.go:238.15,240.3 1 0
github.com/e2eterraformprovider/terraform-provider-e2e/e2e/faas/resource_faas_function.go:243.2,243.61 1 0
github.com/e2eterraformprovider/terraform-provider-e2e/e2e/faas/resource_faas_function.go:243.61,245.3 1 0
github.com/e2eterraformprovider/terraform-provider-e2e/e2e/faas/resource_faas_function.go:246.2,246.71 1 0
github.com/e2eterraformprovider/terraform-provider-e2e/e2e/faas/resource_faas_function.go:246.71,248.3 1 0
github.com/e2eterraformprovider/terraform-provider-e2e/e2e/faas/resource_faas_function.go:249.2,249.67 1 0
github.com/e2eterraformprovider/terraform-provider-e2e/e2e/faas/resource_faas_function.go:249.67,251.3 1 0
github.com/e2eterraformprovider/terraform-provider-e2e/e2e/faas/resource_faas_function.go:252.2,252.69 1 0
github.com/e2eterraformprovider/terraform-provider-e2e/e2e/faas/resource_faas_function.go:252.69,254.3 1 0
github.com/e2eterraformprovider/terraform-provider-e2e/e2e/faas/resource_faas_function.go:255.2,255.74 1 0
github.com/e2eterraformprovider/terraform-provider-e2e/e2e/faas/resource_faas_function.go:255.74,257.3 1 0
github.com/e2eterraformprovider/terraform-provider-e2e/e2e/faas/resource_faas_function.go:258.2,258.75 1 0
github.com/e2eterraformprovider/terraform-provider-e2e/e2e/faas/resource_faas_function.go:258.75,260.3 1 0
github.com/e2eterraformprovider/terraform-provider-e2e/e2e/faas/resource_faas_function.go:261.2,261.75 1 0
github.com/e2eterraformprovider/terraform-provider-e2e/e2e/faas/resource_faas_function.go:261.75,263.3 1 0
github.com/e2eterraformprovider/terraform-provider-e2e/e2e/faas/resource_faas_function.go:264.2,264.75 1 0
github.com/e2eterraformprovider/terraform-provider-e2e/e2e/faas/resource_faas_function.go:264.75,266.3 1 0
github.com/e2eterraformprovider/terraform-provider-e2e/e2e/faas/resource_faas_function.go:267.2,267.65 1 0
github.com/e2eterraformprovider/terraform-provider-e2e/e2e/faas/resource_faas_function.go:267.65,269.3 1 0
github.com/e2eterraformprovider/terraform-provider-e2e/e2e/faas/resource_faas_function.go:270.2,270.71 1 0
github.com/e2eterraformprovider/terraform-provider-e2e/e2e/faas/resource_faas_function.go:270.71,272.3 1 0
github.com/e2eterraformprovider/terraform-provider-e2e/e2e/faas/resource_faas_function.go:273.2,273.71 1 0
github.com/e2eterraformprovider/terraform-provider-e2e/e2e/faas/resource_faas_function.go:273.71,275.3 1 0
github.com/e2eterraformprovider/terraform-provider-e2e/e2e/faas/resource_faas_function.go:277.2,277.27 1 0
github.com/e2eterraformprovider/terraform-provider-e2e/e2e/faas/resource_faas_function.go:277.27,278.85 1 0
github.com/e2eterraformprovider/terraform-provider-e2e/e2e/faas/resource_faas_function.go:278.85,280.4 1 0
github.com/e2eterraformprovider/terraform-provider-e2e/e2e/faas/resource_faas_function.go:283.2,283.14 1 0
github.com/e2eterraformprovider/terraform-provider-e2e/e2e/faas/resource_faas_function.go:286.108,296.16 7 0
github.com/e2eterraformprovider/terraform-provider-e2e/e2e/faas/resource_faas_function.go:296.16,298.3 1 0
github.com/e2eterraformprovider/terraform-provider-e2e/e2e/faas/resource_faas_function.go:300.2,300.15 1 0
github.com/e2eterraformprovider/terraform-provider-e2e/e2e/faas/resource_faas_function.go:300.15,311.3 4 0
github.com/e2eterraformprovider/terraform-provider-e2e/e2e/faas/resource_faas_function.go:313.2,313.61 1 0
github.com/e2eterraformprovider/terraform-provider-e2e/e2e/faas/resource_faas_function.go:313.61,315.3 1 0
github.com/e2eterraformprovider/terraform-provider-e2e/e2e/faas/resource_faas_function.go:316.2,316.71 1 0
github.com/e2eterraformprovider/terraform-provider-e2e/e2e/faas/resource_faas_function.go:316.71,318.3 1 0
github.com/e2eterraformprovider/terraform-provider-e2e/e2e/faas/resource_faas_function.go:319.2,319.67 1 0
github.com/e2eterraformprovider/terraform-provider-e2e/e2e/faas/resource_faas_function.go:319.67,321.3 1 0
github.com/e2eterraformprovider/terraform-provider-e2e/e2e/faas/resource_faas_function.go:322.2,322.69 1 0
github.com/e2eterraformprovider/terraform-provider-e2e/e2e/faas/resource_faas_function.go:322.69,324.3 1 0
github.com/e2eterraformprovider/terraform-provider-e2e/e2e/faas/resource_faas_function.go:325.2,325.74 1 0
github.com/e2eterraformprovider/terraform-provider-e2e/e2e/faas/resource_faas_function.go:325.74,327.3 1 0
github.com/e2eterraformprovider/terraform-provider-e2e/e2e/faas/resource_faas_function.go:328.2,328.75 1 0
github.com/e2eterraformprovider/terraform-provider-e2e/e2e/faas/resource_faas_function.go:328.75,330.3 1 0
github.com/e2eterraformprovider/terraform-provider-e2e/e2e/faas/resource_faas_function.go:331.2,331.75 1 0
github.com/e2eterraformprovider/terraform-provider-e2e/e2e/faas/resource_faas_function.go:331.75,333.3 1 0
github.com/e2eterraformprovider/terraform-provider-e2e/e2e/faas/resource_faas_function.go:334.2,334.75 1 0
github.com/e2eterraformprovider/terraform-provider-e2e/e2e/faas/resource_faas_function.go:334.75,336.3 1 0
github.com/e2eterraformprovider/terraform-provider-e2e/e2e/faas/resource_faas_function.go:337.2,337.65 1 0
github.com/e2eterraformprovider/terraform-provider-e2e/e2e/faas/resource_faas_function.go:337.65,339.3 1 0
github.com/e2eterraformprovider/terraform-provider-e2e/e2e/faas/resource_faas_function.go:340.2,340.71 1 0
github.com/e2eterraformprovider/terraform-provider-e2e/e2e/faas/resource_faas_function.go:340.71,342.3 1 0
github.com/e2eterraformprovider/terraform-provider-e2e/e2e/faas/resource_faas_function.go:343.2,343.71 1 0
github.com/e2eterraformprovider/terraform-provider-e2e/e2e/faas/resource_faas_function.go:343.71,345.3 1 0
github.com/e2eterraformprovider/terraform-provider-e2e/e2e/faas/resource_faas_function.go:347.2,347.27 1 0
github.com/e2eterraformprovider/terraform-provider-e2e/e2e/faas/resource_faas_function.go:347.27,348.85 1 0
github.com/e2eterraformprovider/terraform-provider-e2e/e2e/faas/resource_faas_function.go:348.85,350.4 1 0
github.com/e2eterraformprovider/terraform-provider-e2e/e2e/faas/resource_faas_function.go:353.2,353.14 1 0
github.com/e2eterraformprovider/terraform-provider-e2e/e2e/faas/resource_faas_function.go:356.110,368.45 8 0
github.com/e2eterraformprovider/terraform-provider-e2e/e2e/faas/resource_faas_function.go:368.45,371.3 2 0
github.com/e2eterraformprovider/terraform-provider-e2e/e2e/faas/resource_faas_function.go:373.2,373.43 1 0
github.com/e2eterraformprovider/terraform-provider-e2e/e2e/faas/resource_faas_function.go:373.43,378.3 3 0
github.com/e2eterraformprovider/terraform-provider-e2e/e2e/faas/resource_faas_function.go:380.2,380.43 1 0
github.com/e2eterraformprovider/terraform-provider-e2e/e2e/faas/resource_faas_function.go:380.43,383.3 2 0
github.com/e2eterraformprovider/terraform-provider-e2e/e2e/faas/resource_faas_function.go:385.2,385.49 1 0
github.com/e2eterraformprovider/terraform-provider-e2e/e2e/faas/resource_faas_function.go:385.49,388.3 2 0
github.com/e2eterraformprovider/terraform-provider-e2e/e2e/faas/resource_faas_function.go:390.2,390.46 1 0
github.com/e2eterraformprovider/terraform-provider-e2e/e2e/faas/resource_faas_function.go:390.46,393.3 2 0
github.com/e2eterraformprovider/terraform-provider-e2e/e2e/faas/resource_faas_function.go:395.2,395.46 1 0
github.com/e2eterraformprovider/terraform-provider-e2e/e2e/faas/resource_faas_function.go:395.46,398.3 2 0
github.com/e2eterraformprovider/terraform-provider-e2e/e2e/faas/resource_faas_function.go:400.2,400.55 1 0
github.com/e2eterraformprovider/terraform-provider-e2e/e2e/faas/resource_faas_function.go:400.55,402.67 2 0
github.com/e2eterraformprovider/terraform-provider-e2e/e2e/faas/resource_faas_function.go:402.67,403.51 1 0
github.com/e2eterraformprovider/terraform-provider-e2e/e2e/faas/resource_faas_function.go:403.51,405.5 1 0
github.com/e2eterraformprovider/terraform-provider-e2e/e2e/faas/resource_faas_function.go:407.3,408.20 2 0
github.com/e2eterraformprovider/terraform-provider-e2e/e2e/faas/resource_faas_function.go:411.2,411.17 1 0
github.com/e2eterraformprovider/terraform-provider-e2e/e2e/faas/resource_faas_function.go:411.17,414.3 2 0
github.com/e2eterraformprovider/terraform-provider-e2e/e2e/faas/resource_faas_function.go:416.2,417.16 2 0
github.com/e2eterraformprovider/terraform-provider-e2e/e2e/faas/resource_faas_function.go:417.16,419.3 1 0
github.com/e2eterraformprovider/terraform-provider-e2e/e2e/faas/resource_faas_function.go:422.2,425.106 2 0
github.com/e2eterraformprovider/terraform-provider-e2e/e2e/faas/resource_faas_function.go:425.106,427.3 1 0
github.com/e2eterraformprovider/terraform-provider-e2e/e2e/faas/resource_faas_function.go:430.2,431.16 2 0
github.com/e2eterraformprovider/terraform-provider-e2e/e2e/faas/resource_faas_function.go:431.16,433.3 1 0
github.com/e2eterraformprovider/terraform-provider-e2e/e2e/faas/resource_faas_function.go:434.2,434.15 1 0
github.com/e2eterraformprovider/terraform-provider-e2e/e2e/faas/resource_faas_function.go:434.15,436.3 1 0
github.com/e2eterraformprovider/terraform-provider-e2e/e2e/faas/resource_faas_function.go:439.2,439.69 1 0
github.com/e2eterraformprovider/terraform-provider-e2e/e2e/faas/resource_faas_function.go:439.69,441.3 1 0
github.com/e2eterraformprovider/terraform-provider-e2e/e2e/faas/resource_faas_function.go:442.2,442.74 1 0
github.com/e2eterraformprovider/terraform-provider-e2e/e2e/faas/resource_faas_function.go:442.74,444.3 1 0
github.com/e2eterraformprovider/terraform-provider-e2e/e2e/faas/resource_faas_function.go:445.2,445.75 1 0
github.com/e2eterraformprovider/terraform-provider-e2e/e2e/faas/resource_faas_function.go:445.75,447.3 1 0
github.com/e2eterraformprovider/terraform-provider-e2e/e2e/faas/resource_faas_function.go:448.2,448.75 1 0
github.com/e2eterraformprovider/terraform-provider-e2e/e2e/faas/resource_faas_function.go:448.75,450.3 1 0
github.com/e2eterraformprovider/terraform-provider-e2e/e2e/faas/resource_faas_function.go:451.2,451.75 1 0
github.com/e2eterraformprovider/terraform-provider-e2e/e2e/faas/resource_faas_function.go:451.75,453.3 1 0
github.com/e2eterraformprovider/terraform-provider-e2e/e2e/faas/resource_faas_function.go:454.2,454.65 1 0
github.com/e2eterraformprovider/terraform-provider-e2e/e2e/faas/resource_faas_function.go:454.65,456.3 1 0
github.com/e2eterraformprovider/terraform-provider-e2e/e2e/faas/resource_faas_function.go:457.2,457.71 1 0
github.com/e2eterraformprovider/terraform-provider-e2e/e2e/faas/resource_faas_function.go:457.71,459.3 1 0
github.com/e2eterraformprovider/terraform-provider-e2e/e2e/faas/resource_faas_function.go:461.2,461.27 1 0
github.com/e2eterraformprovider/terraform-provider-e2e/e2e/faas/resource_faas_function.go:461.27,462.85 1 0
github.com/e2eterraformprovider/terraform-provider-e2e/e2e/faas/resource_faas_function.go:462.85,464.4 1 0
github.com/e2eterraformprovider/terraform-provider-e2e/e2e/faas/resource_faas_function.go:467.2,467.14 1 0
github.com/e2eterraformprovider/terraform-provider-e2e/e2e/faas/resource_faas_function.go:470.110,480.16 7 0
github.com/e2eterraformprovider/terraform-provider-e2e/e2e/faas/resource_faas_function.go:480.16,482.3 1 0
github.com/e2eterraformprovider/terraform-provider-e2e/e2e/faas/resource_faas_function.go:484.2,485.14 2 0
github.com/e2eterraformprovider/terraform-provider-e2e/e2e/faas/resource_faas_function.go:488.86,495.16 5 0
github.com/e2eterraformprovider/terraform-provider-e2e/e2e/faas/resource_faas_function.go:495.16,497.3 1 0
github.com/e2eterraformprovider/terraform-provider-e2e/e2e/faas/resource_faas_function.go:499.2,499.23 1 0
github.com/e2eterraformprovider/terraform-provider-e2e/e2e/faas/sweep.go:14.13,22.2 1 1
github.com/e2eterraformprovider/terraform-provider-e2e/e2e/faas/sweep.go:24.46,26.16 2 0
github.com/e2eterraformprovider/terraform-provider-e2e/e2e/faas/sweep.go:26.16,29.3 2 0
github.com/e2eterraformprovider/terraform-provider-e2e/e2e/faas/sweep.go:31.2,71.12 4 0
github.com/e2eterraformprovider/terraform-provider-e2e/e2e/faas/sweep.go:76.103,108.2 1 0
github.com/e2eterraformprovider/terraform-provider-e2e/e2e/floating_ip_attachment/resource_floating_ip_attachment.go:17.54,53.2 1 18
github.com/e2eterraformprovider/terraform-provider-e2e/e2e/floating_ip_attachment/resource_floating_ip_attachment.go:55.118,62.16 5 4
github.com/e2eterraformprovider/terraform-provider-e2e/e2e/floating_ip_attachment/resource_floating_ip_attachment.go:62.16,64.3 1 0
github.com/e2eterraformprovider/terraform-provider-e2e/e2e/floating_ip_attachment/resource_floating_ip_attachment.go:66.2,67.16 2 4
github.com/e2eterraformprovider/terraform-provider-e2e/e2e/floating_ip_attachment/resource_floating_ip_attachment.go:67.16,69.3 1 0
github.com/e2eterraformprovider/terraform-provider-e2e/e2e/floating_ip_attachment/resource_floating_ip_attachment.go:71.2,74.37 4 4
github.com/e2eterraformprovider/terraform-provider-e2e/e2e/floating_ip_attachment/resource_floating_ip_attachment.go:74.37,76.3 1 4
github.com/e2eterraformprovider/terraform-provider-e2e/e2e/floating_ip_attachment/resource_floating_ip_attachment.go:78.2,78.23 1 4
github.com/e2eterraformprovider/terraform-provider-e2e/e2e/floating_ip_attachment/resource_floating_ip_attachment.go:78.23,80.3 1 1
github.com/e2eterraformprovider/terraform-provider-e2e/e2e/floating_ip_attachment/resource_floating_ip_attachment.go:83.2,84.16 2 3
github.com/e2eterraformprovider/terraform-provider-e2e/e2e/floating_ip_attachment/resource_floating_ip_attachment.go:84.16,86.3 1 0
github.com/e2eterraformprovider/terraform-provider-e2e/e2e/floating_ip_attachment/resource_floating_ip_attachment.go:88.2,94.16 3 3
github.com/e2eterraformprovider/terraform-provider-e2e/e2e/floating_ip_attachment/resource_floating_ip_attachment.go:94.16,96.3 1 1
github.com/e2eterraformprovider/terraform-provider-e2e/e2e/floating_ip_attachment/resource_floating_ip_attachment.go:98.2,107.14 7 2
github.com/e2eterraformprovider/terraform-provider-e2e/e2e/floating_ip_attachment/resource_floating_ip_attachment.go:110.116,115.16 4 7
github.com/e2eterraformprovider/terraform-provider-e2e/e2e/floating_ip_attachment/resource_floating_ip_attachment.go:115.16,117.3 1 0
github.com/e2eterraformprovider/terraform-provider-e2e/e2e/floating_ip_attachment/resource_floating_ip_attachment.go:119.2,120.16 2 7
github.com/e2eterraformprovider/terraform-provider-e2e/e2e/floating_ip_attachment/resource_floating_ip_attachment.go:120.16,122.3 1 0
github.com/e2eterraformprovider/terraform-provider-e2e/e2e/floating_ip_attachment/resource_floating_ip_attachment.go:124.2,128.16 3 7
github.com/e2eterraformprovider/terraform-provider-e2e/e2e/floating_ip_attachment/resource_floating_ip_attachment.go:128.16,130.3 1 0
github.com/e2eterraformprovider/terraform-provider-e2e/e2e/floating_ip_attachment/resource_floating_ip_attachment.go:132.2,133.16 2 7
github.com/e2eterraformprovider/terraform-provider-e2e/e2e/floating_ip_attachment/resource_floating_ip_attachment.go:133.16,135.3 1 2
github.com/e2eterraformprovider/terraform-provider-e2e/e2e/floating_ip_attachment/resource_floating_ip_attachment.go:138.2,139.22 2 5
github.com/e2eterraformprovider/terraform-provider-e2e/e2e/floating_ip_attachment/resource_floating_ip_attachment.go:139.22,140.37 1 4
github.com/e2eterraformprovider/terraform-provider-e2e/e2e/floating_ip_attachment/resource_floating_ip_attachment.go:140.37,142.9 2 4
github.com/e2eterraformprovider/terraform-provider-e2e/e2e/floating_ip_attachment/resource_floating_ip_attachment.go:146.2,146.22 1 5
github.com/e2eterraformprovider/terraform-provider-e2e/e2e/floating_ip_attachment/resource_floating_ip_attachment.go:146.22,150.3 3 1
github.com/e2eterraformprovider/terraform-provider-e2e/e2e/floating_ip_attachment/resource_floating_ip_attachment.go:153.2,153.70 1 4
github.com/e2eterraformprovider/terraform-provider-e2e/e2e/floating_ip_attachment/resource_floating_ip_attachment.go:153.70,157.3 3 1
github.com/e2eterraformprovider/terraform-provider-e2e/e2e/floating_ip_attachment/resource_floating_ip_attachment.go:160.2,161.48 2 3
github.com/e2eterraformprovider/terraform-provider-e2e/e2e/floating_ip_attachment/resource_floating_ip_attachment.go:161.48,162.58 1 2
github.com/e2eterraformprovider/terraform-provider-e2e/e2e/floating_ip_attachment/resource_floating_ip_attachment.go:162.58,164.4 1 3
github.com/e2eterraformprovider/terraform-provider-e2e/e2e/floating_ip_attachment/resource_floating_ip_attachment.go:168.2,168.23 1 3
github.com/e2eterraformprovider/terraform-provider-e2e/e2e/floating_ip_attachment/resource_floating_ip_attachment.go:168.23,172.3 3 1
github.com/e2eterraformprovider/terraform-provider-e2e/e2e/floating_ip_attachment/resource_floating_ip_attachment.go:175.2,180.14 5 2
github.com/e2eterraformprovider/terraform-provider-e2e/e2e/floating_ip_attachment/resource_floating_ip_attachment.go:183.118,187.16 3 1
github.com/e2eterraformprovider/terraform-provider-e2e/e2e/floating_ip_attachment/resource_floating_ip_attachment.go:187.16,189.3 1 0
github.com/e2eterraformprovider/terraform-provider-e2e/e2e/floating_ip_attachment/resource_floating_ip_attachment.go:191.2,192.16 2 1
github.com/e2eterraformprovider/terraform-provider-e2e/e2e/floating_ip_attachment/resource_floating_ip_attachment.go:192.16,194.3 1 0
github.com/e2eterraformprovider/terraform-provider-e2e/e2e/floating_ip_attachment/resource_floating_ip_attachment.go:196.2,200.16 3 1
github.com/e2eterraformprovider/terraform-provider-e2e/e2e/floating_ip_attachment/resource_floating_ip_attachment.go:200.16,202.3 1 0
github.com/e2eterraformprovider/terraform-provider-e2e/e2e/floating_ip_attachment/resource_floating_ip_attachment.go:205.2,209.56 4 1
github.com/e2eterraformprovider/terraform-provider-e2e/e2e/floating_ip_attachment/resource_floating_ip_attachment.go:209.56,211.3 1 0
github.com/e2eterraformprovider/terraform-provider-e2e/e2e/floating_ip_attachment/resource_floating_ip_attachment.go:212.2,212.56 1 1
github.com/e2eterraformprovider/terraform-provider-e2e/e2e/floating_ip_attachment/resource_floating_ip_attachment.go:212.56,214.3 1 0
github.com/e2eterraformprovider/terraform-provider-e2e/e2e/floating_ip_attachment/resource_floating_ip_attachment.go:217.2,219.32 3 1
github.com/e2eterraformprovider/terraform-provider-e2e/e2e/floating_ip_attachment/resource_floating_ip_attachment.go:219.32,221.3 1 0
github.com/e2eterraformprovider/terraform-provider-e2e/e2e/floating_ip_attachment/resource_floating_ip_attachment.go:222.2,222.32 1 1
github.com/e2eterraformprovider/terraform-provider-e2e/e2e/floating_ip_attachment/resource_floating_ip_attachment.go:222.32,223.22 1 0
github.com/e2eterraformprovider/terraform-provider-e2e/e2e/floating_ip_attachment/resource_floating_ip_attachment.go:223.23,225.4 0 0
github.com/e2eterraformprovider/terraform-provider-e2e/e2e/floating_ip_attachment/resource_floating_ip_attachment.go:225.9,227.4 1 0
github.com/e2eterraformprovider/terraform-provider-e2e/e2e/floating_ip_attachment/resource_floating_ip_attachment.go:229.2,229.29 1 1
github.com/e2eterraformprovider/terraform-provider-e2e/e2e/floating_ip_attachment/resource_floating_ip_attachment.go:229.29,231.3 1 0
github.com/e2eterraformprovider/terraform-provider-e2e/e2e/floating_ip_attachment/resource_floating_ip_attachment.go:234.2,236.32 3 1
github.com/e2eterraformprovider/terraform-provider-e2e/e2e/floating_ip_attachment/resource_floating_ip_attachment.go:236.32,238.3 1 0
github.com/e2eterraformprovider/terraform-provider-e2e/e2e/floating_ip_attachment/resource_floating_ip_attachment.go:239.2,239.32 1 1
github.com/e2eterraformprovider/terraform-provider-e2e/e2e/floating_ip_attachment/resource_floating_ip_attachment.go:239.32,241.3 1 0
github.com/e2eterraformprovider/terraform-provider-e2e/e2e/floating_ip_attachment/resource_floating_ip_attachment.go:242.2,242.29 1 1
github.com/e2eterraformprovider/terraform-provider-e2e/e2e/floating_ip_attachment/resource_floating_ip_attachment.go:242.29,244.3 1 0
github.com/e2eterraformprovider/terraform-provider-e2e/e2e/floating_ip_attachment/resource_floating_ip_attachment.go:247.2,247.26 1 1
github.com/e2eterraformprovider/terraform-provider-e2e/e2e/floating_ip_attachment/resource_floating_ip_attachment.go:247.26,249.3 1 1
github.com/e2eterraformprovider/terraform-provider-e2e/e2e/floating_ip_attachment/resource_floating_ip_attachment.go:252.2,252.28 1 0
github.com/e2eterraformprovider/terraform-provider-e2e/e2e/floating_ip_attachment/resource_floating_ip_attachment.go:252.28,258.17 3 0
github.com/e2eterraformprovider/terraform-provider-e2e/e2e/floating_ip_attachment/resource_floating_ip_attachment.go:258.17,260.4 1 0
github.com/e2eterraformprovider/terraform-provider-e2e/e2e/floating_ip_attachment/resource_floating_ip_attachment.go:261.3,261.90 1 0
github.com/e2eterraformprovider/terraform-provider-e2e/e2e/floating_ip_attachment/resource_floating_ip_attachment.go:265.2,265.28 1 0
github.com/e2eterraformprovider/terraform-provider-e2e/e2e/floating_ip_attachment/resource_floating_ip_attachment.go:265.28,271.17 3 0
github.com/e2eterraformprovider/terraform-provider-e2e/e2e/floating_ip_attachment/resource_floating_ip_attachment.go:271.17,273.4 1 0
github.com/e2eterraformprovider/terraform-provider-e2e/e2e/floating_ip_attachment/resource_floating_ip_attachment.go:274.3,274.88 1 0
github.com/e2eterraformprovider/terraform-provider-e2e/e2e/floating_ip_attachment/resource_floating_ip_attachment.go:278.2,280.52 2 0
github.com/e2eterraformprovider/terraform-provider-e2e/e2e/floating_ip_attachment/resource_floating_ip_attachment.go:283.118,288.16 4 2
github.com/e2eterraformprovider/terraform-provider-e2e/e2e/floating_ip_attachment/resource_floating_ip_attachment.go:288.16,290.3 1 0
github.com/e2eterraformprovider/terraform-provider-e2e/e2e/floating_ip_attachment/resource_floating_ip_attachment.go:292.2,293.16 2 2
github.com/e2eterraformprovider/terraform-provider-e2e/e2e/floating_ip_attachment/resource_floating_ip_attachment.go:293.16,295.3 1 0
github.com/e2eterraformprovider/terraform-provider-e2e/e2e/floating_ip_attachment/resource_floating_ip_attachment.go:297.2,300.37 4 2
github.com/e2eterraformprovider/terraform-provider-e2e/e2e/floating_ip_attachment/resource_floating_ip_attachment.go:300.37,302.3 1 3
github.com/e2eterraformprovider/terraform-provider-e2e/e2e/floating_ip_attachment/resource_floating_ip_attachment.go:305.2,306.16 2 2
github.com/e2eterraformprovider/terraform-provider-e2e/e2e/floating_ip_attachment/resource_floating_ip_attachment.go:306.16,308.3 1 0
github.com/e2eterraformprovider/terraform-provider-e2e/e2e/floating_ip_attachment/resource_floating_ip_attachment.go:310.2,316.16 3 2
github.com/e2eterraformprovider/terraform-provider-e2e/e2e/floating_ip_attachment/resource_floating_ip_attachment.go:316.16,318.3 1 1
github.com/e2eterraformprovider/terraform-provider-e2e/e2e/floating_ip_attachment/resource_floating_ip_attachment.go:320.2,323.14 3 1
github.com/e2eterraformprovider/terraform-provider-e2e/e2e/floating_ip_attachment/resource_floating_ip_attachment.go:326.133,329.21 2 5
github.com/e2eterraformprovider/terraform-provider-e2e/e2e/floating_ip_attachment/resource_floating_ip_attachment.go:329.21,331.3 1 3
github.com/e2eterraformprovider/terraform-provider-e2e/e2e/floating_ip_attachment/resource_floating_ip_attachment.go:333.2,344.22 9 2
github.com/e2eterraformprovider/terraform-provider-e2e/e2e/floating_ip_attachment/resource_floating_ip_attachment.go:344.22,346.3 1 1
github.com/e2eterraformprovider/terraform-provider-e2e/e2e/floating_ip_attachment/resource_floating_ip_attachment.go:348.2,348.39 1 1
github.com/e2eterraformprovider/terraform-provider-e2e/e2e/floating_ip_attachment/sweep.go:17.13,26.2 1 1
github.com/e2eterraformprovider/terraform-provider-e2e/e2e/floating_ip_attachment/sweep.go:30.54,32.16 2 0
github.com/e2eterraformprovider/terraform-provider-e2e/e2e/floating_ip_attachment/sweep.go:32.16,35.3 2 0
github.com/e2eterraformprovider/terraform-provider-e2e/e2e/floating_ip_attachment/sweep.go:37.2,41.16 3 0
github.com/e2eterraformprovider/terraform-provider-e2e/e2e/floating_ip_attachment/sweep.go:41.16,43.3 1 0
github.com/e2eterraformprovider/terraform-provider-e2e/e2e/floating_ip_attachment/sweep.go:45.2,45.20 1 0
github.com/e2eterraformprovider/terraform-provider-e2e/e2e/floating_ip_attachment/sweep.go:45.20,48.3 2 0
github.com/e2eterraformprovider/terraform-provider-e2e/e2e/floating_ip_attachment/sweep.go:50.2,53.27 3 0
github.com/e2eterraformprovider/terraform-provider-e2e/e2e/floating_ip_attachment/sweep.go:53.27,55.65 1 0
github.com/e2eterraformprovider/terraform-provider-e2e/e2e/floating_ip_attachment/sweep.go:55.65,57.12 2 0
github.com/e2eterraformprovider/terraform-provider-e2e/e2e/floating_ip_attachment/sweep.go:61.3,61.44 1 0
github.com/e2eterraformprovider/terraform-provider-e2e/e2e/floating_ip_attachment/sweep.go:61.44,63.12 2 0
github.com/e2eterraformprovider/terraform-provider-e2e/e2e/floating_ip_attachment/sweep.go:68.3,70.52 2 0
github.com/e2eterraformprovider/terraform-provider-e2e/e2e/floating_ip_attachment/sweep.go:70.52,72.52 1 0
github.com/e2eterraformprovider/terraform-provider-e2e/e2e/floating_ip_attachment/sweep.go:72.52,75.5 2 0
github.com/e2eterraformprovider/terraform-provider-e2e/e2e/floating_ip_attachment/sweep.go:80.3,80.28 1 0
github.com/e2eterraformprovider/terraform-provider-e2e/e2e/floating_ip_attachment/sweep.go:80.28,82.12 2 0
github.com/e2eterraformprovider/terraform-provider-e2e/e2e/floating_ip_attachment/sweep.go:88.3,99.17 5 0
github.com/e2eterraformprovider/terraform-provider-e2e/e2e/floating_ip_attachment/sweep.go:99.17,102.12 2 0
github.com/e2eterraformprovider/terraform-provider-e2e/e2e/floating_ip_attachment/sweep.go:105.3,106.105 2 0
github.com/e2eterraformprovider/terraform-provider-e2e/e2e/floating_ip_attachment/sweep.go:109.2,110.12 2 0
github.com/e2eterraformprovider/terraform-provider-e2e/e2e/image/datasource_images.go:15.42,79.2 1 4
github.com/e2eterraformprovider/terraform-provider-e2e/e2e/image/datasource_images.go:81.104,87.16 4 0
github.com/e2eterraformprovider/terraform-provider-e2e/e2e/image/datasource_images.go:87.16,89.3 1 0
github.com/e2eterraformprovider/terraform-provider-e2e/e2e/image/datasource_images.go:92.2,93.16 2 0
github.com/e2eterraformprovider/terraform-provider-e2e/e2e/image/datasource_images.go:93.16,95.3 1 0
github.com/e2eterraformprovider/terraform-provider-e2e/e2e/image/datasource_images.go:98.2,99.16 2 0
github.com/e2eterraformprovider/terraform-provider-e2e/e2e/image/datasource_images.go:99.16,101.3 1 0
github.com/e2eterraformprovider/terraform-provider-e2e/e2e/image/datasource_images.go:103.2,104.16 2 0
github.com/e2eterraformprovider/terraform-provider-e2e/e2e/image/datasource_images.go:104.16,106.3 1 0
github.com/e2eterraformprovider/terraform-provider-e2e/e2e/image/datasource_images.go:108.2,110.12 3 0
github.com/e2eterraformprovider/terraform-provider-e2e/e2e/image/datasource_images.go:113.66,114.19 1 12
github.com/e2eterraformprovider/terraform-provider-e2e/e2e/image/datasource_images.go:114.19,116.3 1 1
github.com/e2eterraformprovider/terraform-provider-e2e/e2e/image/datasource_images.go:118.2,119.31 2 11
github.com/e2eterraformprovider/terraform-provider-e2e/e2e/image/datasource_images.go:119.31,130.3 10 12
github.com/e2eterraformprovider/terraform-provider-e2e/e2e/image/datasource_images.go:132.2,132.12 1 11
github.com/e2eterraformprovider/terraform-provider-e2e/e2e/image/helpers.go:24.52,26.37 1 43
github.com/e2eterraformprovider/terraform-provider-e2e/e2e/image/helpers.go:27.59,28.43 1 11
github.com/e2eterraformprovider/terraform-provider-e2e/e2e/image/helpers.go:29.56,30.40 1 13
github.com/e2eterraformprovider/terraform-provider-e2e/e2e/image/helpers.go:31.56,32.40 1 5
github.com/e2eterraformprovider/terraform-provider-e2e/e2e/image/helpers.go:33.58,34.42 1 4
github.com/e2eterraformprovider/terraform-provider-e2e/e2e/image/helpers.go:35.10,36.37 1 10
github.com/e2eterraformprovider/terraform-provider-e2e/e2e/image/helpers.go:42.126,44.37 1 11
github.com/e2eterraformprovider/terraform-provider-e2e/e2e/image/helpers.go:44.37,46.17 2 15
github.com/e2eterraformprovider/terraform-provider-e2e/e2e/image/helpers.go:46.17,48.123 1 4
github.com/e2eterraformprovider/terraform-provider-e2e/e2e/image/helpers.go:48.123,50.5 1 1
github.com/e2eterraformprovider/terraform-provider-e2e/e2e/image/helpers.go:51.4,51.58 1 3
github.com/e2eterraformprovider/terraform-provider-e2e/e2e/image/helpers.go:54.3,55.35 2 11
github.com/e2eterraformprovider/terraform-provider-e2e/e2e/image/helpers.go:55.35,57.4 1 4
github.com/e2eterraformprovider/terraform-provider-e2e/e2e/image/helpers.go:60.3,60.53 1 7
github.com/e2eterraformprovider/terraform-provider-e2e/e2e/image/helpers.go:60.53,62.4 1 1
github.com/e2eterraformprovider/terraform-provider-e2e/e2e/image/helpers.go:64.3,64.20 1 6
github.com/e2eterraformprovider/terraform-provider-e2e/e2e/image/helpers.go:68.2,68.51 1 11
github.com/e2eterraformprovider/terraform-provider-e2e/e2e/image/helpers.go:68.51,70.3 1 6
github.com/e2eterraformprovider/terraform-provider-e2e/e2e/image/helpers.go:72.2,77.6 5 5
github.com/e2eterraformprovider/terraform-provider-e2e/e2e/image/helpers.go:77.6,78.10 1 6
github.com/e2eterraformprovider/terraform-provider-e2e/e2e/image/helpers.go:79.21,80.20 1 1
github.com/e2eterraformprovider/terraform-provider-e2e/e2e/image/helpers.go:81.25,82.88 1 1
github.com/e2eterraformprovider/terraform-provider-e2e/e2e/image/helpers.go:83.19,84.53 1 4
github.com/e2eterraformprovider/terraform-provider-e2e/e2e/image/helpers.go:84.53,86.5 1 3
github.com/e2eterraformprovider/terraform-provider-e2e/e2e/image/helpers.go:92.75,112.2 17 8
github.com/e2eterraformprovider/terraform-provider-e2e/e2e/image/resource_image.go:35.39,41.50 1 14
github.com/e2eterraformprovider/terraform-provider-e2e/e2e/image/resource_image.go:41.50,45.5 3 14
github.com/e2eterraformprovider/terraform-provider-e2e/e2e/image/resource_image.go:46.52,50.5 3 14
github.com/e2eterraformprovider/terraform-provider-e2e/e2e/image/resource_image.go:51.53,55.5 3 14
github.com/e2eterraformprovider/terraform-provider-e2e/e2e/image/resource_image.go:172.70,177.9 4 23
github.com/e2eterraformprovider/terraform-provider-e2e/e2e/image/resource_image.go:177.9,180.3 2 1
github.com/e2eterraformprovider/terraform-provider-e2e/e2e/image/resource_image.go:181.2,182.37 2 22
github.com/e2eterraformprovider/terraform-provider-e2e/e2e/image/resource_image.go:182.37,185.3 2 15
github.com/e2eterraformprovider/terraform-provider-e2e/e2e/image/resource_image.go:186.2,186.20 1 7
github.com/e2eterraformprovider/terraform-provider-e2e/e2e/image/resource_image.go:189.103,195.16 4 0
github.com/e2eterraformprovider/terraform-provider-e2e/e2e/image/resource_image.go:195.16,197.3 1 0
github.com/e2eterraformprovider/terraform-provider-e2e/e2e/image/resource_image.go:199.2,200.16 2 0
github.com/e2eterraformprovider/terraform-provider-e2e/e2e/image/resource_image.go:200.16,202.3 1 0
github.com/e2eterraformprovider/terraform-provider-e2e/e2e/image/resource_image.go:205.2,205.52 1 0
github.com/e2eterraformprovider/terraform-provider-e2e/e2e/image/resource_image.go:205.52,207.3 1 0
github.com/e2eterraformprovider/terraform-provider-e2e/e2e/image/resource_image.go:210.2,211.16 2 0
github.com/e2eterraformprovider/terraform-provider-e2e/e2e/image/resource_image.go:211.16,213.3 1 0
github.com/e2eterraformprovider/terraform-provider-e2e/e2e/image/resource_image.go:215.2,225.16 5 0
github.com/e2eterraformprovider/terraform-provider-e2e/e2e/image/resource_image.go:225.16,227.3 1 0
github.com/e2eterraformprovider/terraform-provider-e2e/e2e/image/resource_image.go:229.2,229.26 1 0
github.com/e2eterraformprovider/terraform-provider-e2e/e2e/image/resource_image.go:229.26,231.3 1 0
github.com/e2eterraformprovider/terraform-provider-e2e/e2e/image/resource_image.go:233.2,237.51 3 0
github.com/e2eterraformprovider/terraform-provider-e2e/e2e/image/resource_image.go:237.51,238.59 1 0
github.com/e2eterraformprovider/terraform-provider-e2e/e2e/image/resource_image.go:238.59,240.4 1 0
github.com/e2eterraformprovider/terraform-provider-e2e/e2e/image/resource_image.go:244.2,245.128 2 0
github.com/e2eterraformprovider/terraform-provider-e2e/e2e/image/resource_image.go:245.128,255.3 2 0
github.com/e2eterraformprovider/terraform-provider-e2e/e2e/image/resource_image.go:257.2,258.37 2 0
github.com/e2eterraformprovider/terraform-provider-e2e/e2e/image/resource_image.go:261.101,268.16 5 0
github.com/e2eterraformprovider/terraform-provider-e2e/e2e/image/resource_image.go:268.16,270.3 1 0
github.com/e2eterraformprovider/terraform-provider-e2e/e2e/image/resource_image.go:272.2,273.16 2 0
github.com/e2eterraformprovider/terraform-provider-e2e/e2e/image/resource_image.go:273.16,275.3 1 0
github.com/e2eterraformprovider/terraform-provider-e2e/e2e/image/resource_image.go:278.2,279.16 2 0
github.com/e2eterraformprovider/terraform-provider-e2e/e2e/image/resource_image.go:279.16,281.3 1 0
github.com/e2eterraformprovider/terraform-provider-e2e/e2e/image/resource_image.go:283.2,284.16 2 0
github.com/e2eterraformprovider/terraform-provider-e2e/e2e/image/resource_image.go:284.16,285.70 1 0
github.com/e2eterraformprovider/terraform-provider-e2e/e2e/image/resource_image.go:285.70,289.4 3 0
github.com/e2eterraformprovider/terraform-provider-e2e/e2e/image/resource_image.go:290.3,290.78 1 0
github.com/e2eterraformprovider/terraform-provider-e2e/e2e/image/resource_image.go:293.2,299.36 3 0
github.com/e2eterraformprovider/terraform-provider-e2e/e2e/image/resource_image.go:299.36,300.43 1 0
github.com/e2eterraformprovider/terraform-provider-e2e/e2e/image/resource_image.go:300.43,302.4 1 0
github.com/e2eterraformprovider/terraform-provider-e2e/e2e/image/resource_image.go:306.2,306.51 1 0
github.com/e2eterraformprovider/terraform-provider-e2e/e2e/image/resource_image.go:306.51,307.59 1 0
github.com/e2eterraformprovider/terraform-provider-e2e/e2e/image/resource_image.go:307.59,309.4 1 0
github.com/e2eterraformprovider/terraform-provider-e2e/e2e/image/resource_image.go:312.2,312.12 1 0
github.com/e2eterraformprovider/terraform-provider-e2e/e2e/image/resource_image.go:315.118,323.21 3 0
github.com/e2eterraformprovider/terraform-provider-e2e/e2e/image/resource_image.go:323.21,327.3 1 0
github.com/e2eterraformprovider/terraform-provider-e2e/e2e/image/resource_image.go:327.8,327.28 1 0
github.com/e2eterraformprovider/terraform-provider-e2e/e2e/image/resource_image.go:327.28,332.3 3 0
github.com/e2eterraformprovider/terraform-provider-e2e/e2e/image/resource_image.go:332.8,334.3 1 0
github.com/e2eterraformprovider/terraform-provider-e2e/e2e/image/resource_image.go:337.2,340.21 2 0
github.com/e2eterraformprovider/terraform-provider-e2e/e2e/image/resource_image.go:340.21,341.69 1 0
github.com/e2eterraformprovider/terraform-provider-e2e/e2e/image/resource_image.go:341.69,343.4 1 0
github.com/e2eterraformprovider/terraform-provider-e2e/e2e/image/resource_image.go:345.2,345.18 1 0
github.com/e2eterraformprovider/terraform-provider-e2e/e2e/image/resource_image.go:345.18,346.63 1 0
github.com/e2eterraformprovider/terraform-provider-e2e/e2e/image/resource_image.go:346.63,348.4 1 0
github.com/e2eterraformprovider/terraform-provider-e2e/e2e/image/resource_image.go:352.2,353.22 2 0
github.com/e2eterraformprovider/terraform-provider-e2e/e2e/image/resource_image.go:353.22,355.3 1 0
github.com/e2eterraformprovider/terraform-provider-e2e/e2e/image/resource_image.go:357.2,357.39 1 0
github.com/e2eterraformprovider/terraform-provider-e2e/e2e/image/resource_image.go:360.103,368.16 6 0
github.com/e2eterraformprovider/terraform-provider-e2e/e2e/image/resource_image.go:368.16,370.3 1 0
github.com/e2eterraformprovider/terraform-provider-e2e/e2e/image/resource_image.go:372.2,373.16 2 0
github.com/e2eterraformprovider/terraform-provider-e2e/e2e/image/resource_image.go:373.16,375.3 1 0
github.com/e2eterraformprovider/terraform-provider-e2e/e2e/image/resource_image.go:378.2,379.16 2 0
github.com/e2eterraformprovider/terraform-provider-e2e/e2e/image/resource_image.go:379.16,381.3 1 0
github.com/e2eterraformprovider/terraform-provider-e2e/e2e/image/resource_image.go:384.2,385.16 2 0
github.com/e2eterraformprovider/terraform-provider-e2e/e2e/image/resource_image.go:385.16,386.56 1 0
github.com/e2eterraformprovider/terraform-provider-e2e/e2e/image/resource_image.go:386.56,388.4 1 0
github.com/e2eterraformprovider/terraform-provider-e2e/e2e/image/resource_image.go:389.3,389.56 1 0
github.com/e2eterraformprovider/terraform-provider-e2e/e2e/image/resource_image.go:389.56,391.4 1 0
github.com/e2eterraformprovider/terraform-provider-e2e/e2e/image/resource_image.go:395.2,396.16 2 0
github.com/e2eterraformprovider/terraform-provider-e2e/e2e/image/resource_image.go:396.16,397.70 1 0
github.com/e2eterraformprovider/terraform-provider-e2e/e2e/image/resource_image.go:397.70,401.4 3 0
github.com/e2eterraformprovider/terraform-provider-e2e/e2e/image/resource_image.go:402.3,402.69 1 0
github.com/e2eterraformprovider/terraform-provider-e2e/e2e/image/resource_image.go:406.2,406.37 1 0
github.com/e2eterraformprovider/terraform-provider-e2e/e2e/image/resource_image.go:406.37,408.3 1 0
github.com/e2eterraformprovider/terraform-provider-e2e/e2e/image/resource_image.go:410.2,413.123 2 0
github.com/e2eterraformprovider/terraform-provider-e2e/e2e/image/resource_image.go:413.123,416.3 1 0
github.com/e2eterraformprovider/terraform-provider-e2e/e2e/image/resource_image.go:418.2,419.14 2 0
github.com/e2eterraformprovider/terraform-provider-e2e/e2e/image/resource_image.go:422.79,428.16 5 0
github.com/e2eterraformprovider/terraform-provider-e2e/e2e/image/resource_image.go:428.16,430.3 1 0
github.com/e2eterraformprovider/terraform-provider-e2e/e2e/image/resource_image.go:432.2,433.16 2 0
github.com/e2eterraformprovider/terraform-provider-e2e/e2e/image/resource_image.go:433.16,435.3 1 0
github.com/e2eterraformprovider/terraform-provider-e2e/e2e/image/resource_image.go:438.2,439.16 2 0
github.com/e2eterraformprovider/terraform-provider-e2e/e2e/image/resource_image.go:439.16,441.3 1 0
github.com/e2eterraformprovider/terraform-provider-e2e/e2e/image/resource_image.go:443.2,444.16 2 0
github.com/e2eterraformprovider/terraform-provider-e2e/e2e/image/resource_image.go:444.16,445.70 1 0
github.com/e2eterraformprovider/terraform-provider-e2e/e2e/image/resource_image.go:445.70,447.4 1 0
github.com/e2eterraformprovider/terraform-provider-e2e/e2e/image/resource_image.go:448.3,448.20 1 0
github.com/e2eterraformprovider/terraform-provider-e2e/e2e/image/resource_image.go:450.2,450.18 1 0
github.com/e2eterraformprovider/terraform-provider-e2e/e2e/image/resource_image.go:455.103,462.16 5 0
github.com/e2eterraformprovider/terraform-provider-e2e/e2e/image/resource_image.go:462.16,464.3 1 0
github.com/e2eterraformprovider/terraform-provider-e2e/e2e/image/resource_image.go:466.2,467.16 2 0
github.com/e2eterraformprovider/terraform-provider-e2e/e2e/image/resource_image.go:467.16,469.3 1 0
github.com/e2eterraformprovider/terraform-provider-e2e/e2e/image/resource_image.go:472.2,473.16 2 0
github.com/e2eterraformprovider/terraform-provider-e2e/e2e/image/resource_image.go:473.16,475.3 1 0
github.com/e2eterraformprovider/terraform-provider-e2e/e2e/image/resource_image.go:478.2,478.39 1 0
github.com/e2eterraformprovider/terraform-provider-e2e/e2e/image/resource_image.go:478.39,488.17 5 0
github.com/e2eterraformprovider/terraform-provider-e2e/e2e/image/resource_image.go:488.17,490.4 1 0
github.com/e2eterraformprovider/terraform-provider-e2e/e2e/image/resource_image.go:492.3,492.21 1 0
github.com/e2eterraformprovider/terraform-provider-e2e/e2e/image/resource_image.go:492.21,494.4 1 0
github.com/e2eterraformprovider/terraform-provider-e2e/e2e/image/resource_image.go:496.3,496.56 1 0
github.com/e2eterraformprovider/terraform-provider-e2e/e2e/image/resource_image.go:500.2,500.39 1 0
github.com/e2eterraformprovider/terraform-provider-e2e/e2e/image/resource_image.go:500.39,501.52 1 0
github.com/e2eterraformprovider/terraform-provider-e2e/e2e/image/resource_image.go:501.52,502.60 1 0
github.com/e2eterraformprovider/terraform-provider-e2e/e2e/image/resource_image.go:502.60,504.5 1 0
github.com/e2eterraformprovider/terraform-provider-e2e/e2e/image/resource_image.go:508.2,508.37 1 0
github.com/e2eterraformprovider/terraform-provider-e2e/e2e/image/resource_image.go:513.99,515.52 1 0
github.com/e2eterraformprovider/terraform-provider-e2e/e2e/image/resource_image.go:515.52,517.3 1 0
github.com/e2eterraformprovider/terraform-provider-e2e/e2e/image/resource_image.go:520.2,520.64 1 0
github.com/e2eterraformprovider/terraform-provider-e2e/e2e/image/resource_image.go:520.64,521.71 1 0
github.com/e2eterraformprovider/terraform-provider-e2e/e2e/image/resource_image.go:521.71,523.4 1 0
github.com/e2eterraformprovider/terraform-provider-e2e/e2e/image/resource_image.go:526.2,526.12 1 0
github.com/e2eterraformprovider/terraform-provider-e2e/e2e/image/resource_image.go:530.49,572.2 1 15
github.com/e2eterraformprovider/terraform-provider-e2e/e2e/image/resource_image.go:576.142,578.37 1 15
github.com/e2eterraformprovider/terraform-provider-e2e/e2e/image/resource_image.go:578.37,580.61 1 13
github.com/e2eterraformprovider/terraform-provider-e2e/e2e/image/resource_image.go:580.61,582.4 1 7
github.com/e2eterraformprovider/terraform-provider-e2e/e2e/image/resource_image.go:582.9,584.4 1 6
github.com/e2eterraformprovider/terraform-provider-e2e/e2e/image/resource_image.go:586.2,586.42 1 15
github.com/e2eterraformprovider/terraform-provider-e2e/e2e/image/resource_image.go:586.42,588.3 1 13
github.com/e2eterraformprovider/terraform-provider-e2e/e2e/image/resource_image.go:589.2,589.43 1 15
github.com/e2eterraformprovider/terraform-provider-e2e/e2e/image/resource_image.go:589.43,591.3 1 13
github.com/e2eterraformprovider/terraform-provider-e2e/e2e/image/resource_image.go:592.2,592.43 1 15
github.com/e2eterraformprovider/terraform-provider-e2e/e2e/image/resource_image.go:592.43,594.3 1 13
github.com/e2eterraformprovider/terraform-provider-e2e/e2e/image/resource_image.go:595.2,595.42 1 15
github.com/e2eterraformprovider/terraform-provider-e2e/e2e/image/resource_image.go:595.42,597.3 1 13
github.com/e2eterraformprovider/terraform-provider-e2e/e2e/image/resource_image.go:598.2,598.40 1 15
github.com/e2eterraformprovider/terraform-provider-e2e/e2e/image/resource_image.go:598.40,600.3 1 13
github.com/e2eterraformprovider/terraform-provider-e2e/e2e/image/resource_image.go:601.2,601.39 1 15
github.com/e2eterraformprovider/terraform-provider-e2e/e2e/image/resource_image.go:601.39,603.3 1 13
github.com/e2eterraformprovider/terraform-provider-e2e/e2e/image/resource_image.go:604.2,604.36 1 15
github.com/e2eterraformprovider/terraform-provider-e2e/e2e/image/resource_image.go:604.36,606.3 1 13
github.com/e2eterraformprovider/terraform-provider-e2e/e2e/image/resource_image.go:608.2,608.22 1 15
github.com/e2eterraformprovider/terraform-provider-e2e/e2e/image/sweep.go:15.13,23.2 1 1
github.com/e2eterraformprovider/terraform-provider-e2e/e2e/image/sweep.go:25.39,27.16 2 0
github.com/e2eterraformprovider/terraform-provider-e2e/e2e/image/sweep.go:27.16,30.3 2 0
github.com/e2eterraformprovider/terraform-provider-e2e/e2e/image/sweep.go:32.2,36.16 3 0
github.com/e2eterraformprovider/terraform-provider-e2e/e2e/image/sweep.go:36.16,38.3 1 0
github.com/e2eterraformprovider/terraform-provider-e2e/e2e/image/sweep.go:40.2,40.22 1 0
github.com/e2eterraformprovider/terraform-provider-e2e/e2e/image/sweep.go:40.22,43.3 2 0
github.com/e2eterraformprovider/terraform-provider-e2e/e2e/image/sweep.go:45.2,48.31 3 0
github.com/e2eterraformprovider/terraform-provider-e2e/e2e/image/sweep.go:48.31,50.53 2 0
github.com/e2eterraformprovider/terraform-provider-e2e/e2e/image/sweep.go:50.53,52.12 2 0
github.com/e2eterraformprovider/terraform-provider-e2e/e2e/image/sweep.go:55.3,59.17 4 0
github.com/e2eterraformprovider/terraform-provider-e2e/e2e/image/sweep.go:59.17,61.12 2 0
github.com/e2eterraformprovider/terraform-provider-e2e/e2e/image/sweep.go:64.3,65.65 2 0
github.com/e2eterraformprovider/terraform-provider-e2e/e2e/image/sweep.go:68.2,69.12 2 0
github.com/e2eterraformprovider/terraform-provider-e2e/e2e/kubernetes/datasource_kubernetes.go:14.53,59.2 1 7
github.com/e2eterraformprovider/terraform-provider-e2e/e2e/kubernetes/datasource_kubernetes.go:61.108,69.16 5 6
github.com/e2eterraformprovider/terraform-provider-e2e/e2e/kubernetes/datasource_kubernetes.go:69.16,71.3 1 1
github.com/e2eterraformprovider/terraform-provider-e2e/e2e/kubernetes/datasource_kubernetes.go:74.2,75.16 2 5
github.com/e2eterraformprovider/terraform-provider-e2e/e2e/kubernetes/datasource_kubernetes.go:75.16,77.3 1 1
github.com/e2eterraformprovider/terraform-provider-e2e/e2e/kubernetes/datasource_kubernetes.go:80.2,81.16 2 4
github.com/e2eterraformprovider/terraform-provider-e2e/e2e/kubernetes/datasource_kubernetes.go:81.16,83.3 1 0
github.com/e2eterraformprovider/terraform-provider-e2e/e2e/kubernetes/datasource_kubernetes.go:85.2,87.16 3 4
github.com/e2eterraformprovider/terraform-provider-e2e/e2e/kubernetes/datasource_kubernetes.go:87.16,95.3 1 2
github.com/e2eterraformprovider/terraform-provider-e2e/e2e/kubernetes/datasource_kubernetes.go:97.2,97.23 1 2
github.com/e2eterraformprovider/terraform-provider-e2e/e2e/kubernetes/datasource_kubernetes.go:97.23,105.3 1 1
github.com/e2eterraformprovider/terraform-provider-e2e/e2e/kubernetes/datasource_kubernetes.go:107.2,115.14 7 1
github.com/e2eterraformprovider/terraform-provider-e2e/e2e/kubernetes/helpers.go:16.147,22.16 4 16
github.com/e2eterraformprovider/terraform-provider-e2e/e2e/kubernetes/helpers.go:22.16,24.3 1 1
github.com/e2eterraformprovider/terraform-provider-e2e/e2e/kubernetes/helpers.go:26.2,26.28 1 15
github.com/e2eterraformprovider/terraform-provider-e2e/e2e/kubernetes/helpers.go:26.28,36.48 6 16
github.com/e2eterraformprovider/terraform-provider-e2e/e2e/kubernetes/helpers.go:36.48,38.4 1 2
github.com/e2eterraformprovider/terraform-provider-e2e/e2e/kubernetes/helpers.go:39.3,39.52 1 16
github.com/e2eterraformprovider/terraform-provider-e2e/e2e/kubernetes/helpers.go:39.52,41.4 1 6
github.com/e2eterraformprovider/terraform-provider-e2e/e2e/kubernetes/helpers.go:44.3,45.30 2 16
github.com/e2eterraformprovider/terraform-provider-e2e/e2e/kubernetes/helpers.go:45.30,46.44 1 25
github.com/e2eterraformprovider/terraform-provider-e2e/e2e/kubernetes/helpers.go:46.44,48.10 2 14
github.com/e2eterraformprovider/terraform-provider-e2e/e2e/kubernetes/helpers.go:51.3,51.26 1 16
github.com/e2eterraformprovider/terraform-provider-e2e/e2e/kubernetes/helpers.go:51.26,53.4 1 2
github.com/e2eterraformprovider/terraform-provider-e2e/e2e/kubernetes/helpers.go:54.3,54.21 1 14
github.com/e2eterraformprovider/terraform-provider-e2e/e2e/kubernetes/helpers.go:54.21,56.4 1 0
github.com/e2eterraformprovider/terraform-provider-e2e/e2e/kubernetes/helpers.go:58.3,63.62 4 14
github.com/e2eterraformprovider/terraform-provider-e2e/e2e/kubernetes/helpers.go:63.62,67.4 3 6
github.com/e2eterraformprovider/terraform-provider-e2e/e2e/kubernetes/helpers.go:67.9,75.21 6 8
github.com/e2eterraformprovider/terraform-provider-e2e/e2e/kubernetes/helpers.go:75.21,77.5 1 2
github.com/e2eterraformprovider/terraform-provider-e2e/e2e/kubernetes/helpers.go:78.4,78.21 1 6
github.com/e2eterraformprovider/terraform-provider-e2e/e2e/kubernetes/helpers.go:78.21,80.5 1 1
github.com/e2eterraformprovider/terraform-provider-e2e/e2e/kubernetes/helpers.go:83.4,83.46 1 5
github.com/e2eterraformprovider/terraform-provider-e2e/e2e/kubernetes/helpers.go:83.46,85.5 1 1
github.com/e2eterraformprovider/terraform-provider-e2e/e2e/kubernetes/helpers.go:86.4,86.46 1 5
github.com/e2eterraformprovider/terraform-provider-e2e/e2e/kubernetes/helpers.go:86.46,88.5 1 1
github.com/e2eterraformprovider/terraform-provider-e2e/e2e/kubernetes/helpers.go:89.4,89.50 1 5
github.com/e2eterraformprovider/terraform-provider-e2e/e2e/kubernetes/helpers.go:89.50,91.5 1 0
github.com/e2eterraformprovider/terraform-provider-e2e/e2e/kubernetes/helpers.go:93.4,95.18 3 5
github.com/e2eterraformprovider/terraform-provider-e2e/e2e/kubernetes/helpers.go:95.18,97.5 1 0
github.com/e2eterraformprovider/terraform-provider-e2e/e2e/kubernetes/helpers.go:99.4,100.18 2 5
github.com/e2eterraformprovider/terraform-provider-e2e/e2e/kubernetes/helpers.go:100.18,102.5 1 0
github.com/e2eterraformprovider/terraform-provider-e2e/e2e/kubernetes/helpers.go:103.4,104.34 2 5
github.com/e2eterraformprovider/terraform-provider-e2e/e2e/kubernetes/helpers.go:108.3,109.75 2 11
github.com/e2eterraformprovider/terraform-provider-e2e/e2e/kubernetes/helpers.go:109.75,111.4 1 1
github.com/e2eterraformprovider/terraform-provider-e2e/e2e/kubernetes/helpers.go:113.3,126.42 2 10
github.com/e2eterraformprovider/terraform-provider-e2e/e2e/kubernetes/helpers.go:128.2,129.38 2 9
github.com/e2eterraformprovider/terraform-provider-e2e/e2e/kubernetes/helpers.go:129.38,131.3 1 1
github.com/e2eterraformprovider/terraform-provider-e2e/e2e/kubernetes/helpers.go:132.2,132.23 1 8
github.com/e2eterraformprovider/terraform-provider-e2e/e2e/kubernetes/helpers.go:136.114,139.22 3 6
github.com/e2eterraformprovider/terraform-provider-e2e/e2e/kubernetes/helpers.go:139.22,142.17 3 5
github.com/e2eterraformprovider/terraform-provider-e2e/e2e/kubernetes/helpers.go:142.17,144.4 1 0
github.com/e2eterraformprovider/terraform-provider-e2e/e2e/kubernetes/helpers.go:146.3,149.29 2 5
github.com/e2eterraformprovider/terraform-provider-e2e/e2e/kubernetes/helpers.go:151.2,151.28 1 1
github.com/e2eterraformprovider/terraform-provider-e2e/e2e/kubernetes/helpers.go:154.112,157.22 3 6
github.com/e2eterraformprovider/terraform-provider-e2e/e2e/kubernetes/helpers.go:157.22,160.17 3 5
github.com/e2eterraformprovider/terraform-provider-e2e/e2e/kubernetes/helpers.go:160.17,162.4 1 2
github.com/e2eterraformprovider/terraform-provider-e2e/e2e/kubernetes/helpers.go:164.3,167.28 2 3
github.com/e2eterraformprovider/terraform-provider-e2e/e2e/kubernetes/helpers.go:169.2,169.27 1 1
github.com/e2eterraformprovider/terraform-provider-e2e/e2e/kubernetes/helpers.go:173.118,175.16 2 5
github.com/e2eterraformprovider/terraform-provider-e2e/e2e/kubernetes/helpers.go:175.16,177.3 1 0
github.com/e2eterraformprovider/terraform-provider-e2e/e2e/kubernetes/helpers.go:179.2,184.8 1 5
github.com/e2eterraformprovider/terraform-provider-e2e/e2e/kubernetes/helpers.go:187.115,189.16 2 5
github.com/e2eterraformprovider/terraform-provider-e2e/e2e/kubernetes/helpers.go:189.16,191.3 1 2
github.com/e2eterraformprovider/terraform-provider-e2e/e2e/kubernetes/helpers.go:193.2,198.8 1 3
github.com/e2eterraformprovider/terraform-provider-e2e/e2e/kubernetes/helpers.go:202.105,206.28 4 6
github.com/e2eterraformprovider/terraform-provider-e2e/e2e/kubernetes/helpers.go:206.28,220.3 4 9
github.com/e2eterraformprovider/terraform-provider-e2e/e2e/kubernetes/helpers.go:221.2,221.32 1 6
github.com/e2eterraformprovider/terraform-provider-e2e/e2e/kubernetes/helpers.go:224.110,226.28 2 6
github.com/e2eterraformprovider/terraform-provider-e2e/e2e/kubernetes/helpers.go:226.28,234.67 6 7
github.com/e2eterraformprovider/terraform-provider-e2e/e2e/kubernetes/helpers.go:234.67,236.4 1 1
github.com/e2eterraformprovider/terraform-provider-e2e/e2e/kubernetes/helpers.go:236.9,236.78 1 6
github.com/e2eterraformprovider/terraform-provider-e2e/e2e/kubernetes/helpers.go:236.78,238.4 1 1
github.com/e2eterraformprovider/terraform-provider-e2e/e2e/kubernetes/helpers.go:241.3,251.80 3 5
github.com/e2eterraformprovider/terraform-provider-e2e/e2e/kubernetes/helpers.go:253.2,253.31 1 4
github.com/e2eterraformprovider/terraform-provider-e2e/e2e/kubernetes/helpers.go:256.119,260.81 2 5
github.com/e2eterraformprovider/terraform-provider-e2e/e2e/kubernetes/helpers.go:261.51,262.42 1 0
github.com/e2eterraformprovider/terraform-provider-e2e/e2e/kubernetes/helpers.go:263.54,264.72 1 5
github.com/e2eterraformprovider/terraform-provider-e2e/e2e/kubernetes/helpers.go:264.72,268.4 3 1
github.com/e2eterraformprovider/terraform-provider-e2e/e2e/kubernetes/helpers.go:269.10,270.74 1 0
github.com/e2eterraformprovider/terraform-provider-e2e/e2e/kubernetes/helpers.go:272.2,272.28 1 4
github.com/e2eterraformprovider/terraform-provider-e2e/e2e/kubernetes/helpers.go:275.117,278.81 2 5
github.com/e2eterraformprovider/terraform-provider-e2e/e2e/kubernetes/helpers.go:279.51,280.40 1 0
github.com/e2eterraformprovider/terraform-provider-e2e/e2e/kubernetes/helpers.go:281.54,282.71 1 5
github.com/e2eterraformprovider/terraform-provider-e2e/e2e/kubernetes/helpers.go:282.71,286.4 3 1
github.com/e2eterraformprovider/terraform-provider-e2e/e2e/kubernetes/helpers.go:287.10,288.73 1 0
github.com/e2eterraformprovider/terraform-provider-e2e/e2e/kubernetes/helpers.go:291.2,291.27 1 4
github.com/e2eterraformprovider/terraform-provider-e2e/e2e/kubernetes/helpers.go:294.71,295.134 1 12
github.com/e2eterraformprovider/terraform-provider-e2e/e2e/kubernetes/helpers.go:295.134,297.3 1 0
github.com/e2eterraformprovider/terraform-provider-e2e/e2e/kubernetes/helpers.go:298.2,299.100 2 12
github.com/e2eterraformprovider/terraform-provider-e2e/e2e/kubernetes/helpers.go:299.100,301.3 1 10
github.com/e2eterraformprovider/terraform-provider-e2e/e2e/kubernetes/helpers.go:302.2,303.9 2 2
github.com/e2eterraformprovider/terraform-provider-e2e/e2e/kubernetes/helpers.go:303.9,306.3 2 0
github.com/e2eterraformprovider/terraform-provider-e2e/e2e/kubernetes/helpers.go:307.2,307.36 1 2
github.com/e2eterraformprovider/terraform-provider-e2e/e2e/kubernetes/helpers.go:307.36,309.10 2 0
github.com/e2eterraformprovider/terraform-provider-e2e/e2e/kubernetes/helpers.go:309.10,311.12 2 0
github.com/e2eterraformprovider/terraform-provider-e2e/e2e/kubernetes/helpers.go:313.3,314.34 2 0
github.com/e2eterraformprovider/terraform-provider-e2e/e2e/kubernetes/helpers.go:314.34,316.12 2 0
github.com/e2eterraformprovider/terraform-provider-e2e/e2e/kubernetes/helpers.go:319.3,320.10 2 0
github.com/e2eterraformprovider/terraform-provider-e2e/e2e/kubernetes/helpers.go:320.10,322.12 2 0
github.com/e2eterraformprovider/terraform-provider-e2e/e2e/kubernetes/helpers.go:324.3,325.10 2 0
github.com/e2eterraformprovider/terraform-provider-e2e/e2e/kubernetes/helpers.go:325.10,327.12 2 0
github.com/e2eterraformprovider/terraform-provider-e2e/e2e/kubernetes/helpers.go:330.3,330.126 1 0
github.com/e2eterraformprovider/terraform-provider-e2e/e2e/kubernetes/helpers.go:330.126,333.4 2 0
github.com/e2eterraformprovider/terraform-provider-e2e/e2e/kubernetes/helpers.go:335.3,335.19 1 0
github.com/e2eterraformprovider/terraform-provider-e2e/e2e/kubernetes/helpers.go:337.2,337.11 1 2
github.com/e2eterraformprovider/terraform-provider-e2e/e2e/kubernetes/helpers.go:340.72,341.134 1 12
github.com/e2eterraformprovider/terraform-provider-e2e/e2e/kubernetes/helpers.go:341.134,343.3 1 0
github.com/e2eterraformprovider/terraform-provider-e2e/e2e/kubernetes/helpers.go:344.2,345.171 2 12
github.com/e2eterraformprovider/terraform-provider-e2e/e2e/kubernetes/helpers.go:345.171,347.3 1 12
github.com/e2eterraformprovider/terraform-provider-e2e/e2e/kubernetes/helpers.go:348.2,348.12 1 0
github.com/e2eterraformprovider/terraform-provider-e2e/e2e/kubernetes/helpers.go:351.66,355.57 4 36
github.com/e2eterraformprovider/terraform-provider-e2e/e2e/kubernetes/helpers.go:355.57,357.3 1 24
github.com/e2eterraformprovider/terraform-provider-e2e/e2e/kubernetes/helpers.go:358.2,359.29 2 12
github.com/e2eterraformprovider/terraform-provider-e2e/e2e/kubernetes/helpers.go:359.29,361.3 1 6
github.com/e2eterraformprovider/terraform-provider-e2e/e2e/kubernetes/helpers.go:362.2,362.36 1 12
github.com/e2eterraformprovider/terraform-provider-e2e/e2e/kubernetes/helpers.go:362.36,364.10 2 6
github.com/e2eterraformprovider/terraform-provider-e2e/e2e/kubernetes/helpers.go:364.10,366.12 2 0
github.com/e2eterraformprovider/terraform-provider-e2e/e2e/kubernetes/helpers.go:368.3,369.34 2 6
github.com/e2eterraformprovider/terraform-provider-e2e/e2e/kubernetes/helpers.go:369.34,371.12 2 0
github.com/e2eterraformprovider/terraform-provider-e2e/e2e/kubernetes/helpers.go:373.3,374.10 2 6
github.com/e2eterraformprovider/terraform-provider-e2e/e2e/kubernetes/helpers.go:374.10,376.12 2 0
github.com/e2eterraformprovider/terraform-provider-e2e/e2e/kubernetes/helpers.go:378.3,379.10 2 6
github.com/e2eterraformprovider/terraform-provider-e2e/e2e/kubernetes/helpers.go:379.10,381.12 2 0
github.com/e2eterraformprovider/terraform-provider-e2e/e2e/kubernetes/helpers.go:383.3,383.42 1 6
github.com/e2eterraformprovider/terraform-provider-e2e/e2e/kubernetes/helpers.go:383.42,385.4 1 0
github.com/e2eterraformprovider/terraform-provider-e2e/e2e/kubernetes/helpers.go:386.3,386.25 1 6
github.com/e2eterraformprovider/terraform-provider-e2e/e2e/kubernetes/helpers.go:388.2,388.47 1 6
github.com/e2eterraformprovider/terraform-provider-e2e/e2e/kubernetes/helpers.go:388.47,390.3 1 6
github.com/e2eterraformprovider/terraform-provider-e2e/e2e/kubernetes/helpers.go:392.2,392.11 1 0
github.com/e2eterraformprovider/terraform-provider-e2e/e2e/kubernetes/helpers.go:395.173,398.20 3 6
github.com/e2eterraformprovider/terraform-provider-e2e/e2e/kubernetes/helpers.go:398.20,400.3 1 0
github.com/e2eterraformprovider/terraform-provider-e2e/e2e/kubernetes/helpers.go:402.2,409.16 6 6
github.com/e2eterraformprovider/terraform-provider-e2e/e2e/kubernetes/helpers.go:409.16,411.3 1 1
github.com/e2eterraformprovider/terraform-provider-e2e/e2e/kubernetes/helpers.go:414.2,416.29 3 5
github.com/e2eterraformprovider/terraform-provider-e2e/e2e/kubernetes/helpers.go:416.29,417.43 1 9
github.com/e2eterraformprovider/terraform-provider-e2e/e2e/kubernetes/helpers.go:417.43,419.9 2 5
github.com/e2eterraformprovider/terraform-provider-e2e/e2e/kubernetes/helpers.go:422.2,422.25 1 5
github.com/e2eterraformprovider/terraform-provider-e2e/e2e/kubernetes/helpers.go:422.25,424.3 1 0
github.com/e2eterraformprovider/terraform-provider-e2e/e2e/kubernetes/helpers.go:426.2,426.61 1 5
github.com/e2eterraformprovider/terraform-provider-e2e/e2e/kubernetes/helpers.go:426.61,432.3 5 1
github.com/e2eterraformprovider/terraform-provider-e2e/e2e/kubernetes/helpers.go:432.8,439.20 6 4
github.com/e2eterraformprovider/terraform-provider-e2e/e2e/kubernetes/helpers.go:439.20,441.4 1 0
github.com/e2eterraformprovider/terraform-provider-e2e/e2e/kubernetes/helpers.go:442.3,442.20 1 4
github.com/e2eterraformprovider/terraform-provider-e2e/e2e/kubernetes/helpers.go:442.20,444.4 1 0
github.com/e2eterraformprovider/terraform-provider-e2e/e2e/kubernetes/helpers.go:446.3,447.17 2 4
github.com/e2eterraformprovider/terraform-provider-e2e/e2e/kubernetes/helpers.go:447.17,449.4 1 0
github.com/e2eterraformprovider/terraform-provider-e2e/e2e/kubernetes/helpers.go:451.3,452.17 2 4
github.com/e2eterraformprovider/terraform-provider-e2e/e2e/kubernetes/helpers.go:452.17,454.4 1 0
github.com/e2eterraformprovider/terraform-provider-e2e/e2e/kubernetes/helpers.go:455.3,460.27 5 4
github.com/e2eterraformprovider/terraform-provider-e2e/e2e/kubernetes/helpers.go:460.27,462.4 1 1
github.com/e2eterraformprovider/terraform-provider-e2e/e2e/kubernetes/helpers.go:463.3,463.16 1 4
github.com/e2eterraformprovider/terraform-provider-e2e/e2e/kubernetes/helpers.go:463.16,465.4 1 3
github.com/e2eterraformprovider/terraform-provider-e2e/e2e/kubernetes/helpers.go:467.2,468.74 2 5
github.com/e2eterraformprovider/terraform-provider-e2e/e2e/kubernetes/helpers.go:468.74,470.3 1 5
github.com/e2eterraformprovider/terraform-provider-e2e/e2e/kubernetes/helpers.go:471.2,471.22 1 5
github.com/e2eterraformprovider/terraform-provider-e2e/e2e/kubernetes/helpers.go:471.22,473.3 1 0
github.com/e2eterraformprovider/terraform-provider-e2e/e2e/kubernetes/helpers.go:475.2,486.24 2 5
github.com/e2eterraformprovider/terraform-provider-e2e/e2e/kubernetes/helpers.go:489.127,491.81 2 4
github.com/e2eterraformprovider/terraform-provider-e2e/e2e/kubernetes/helpers.go:492.51,493.52 1 0
github.com/e2eterraformprovider/terraform-provider-e2e/e2e/kubernetes/helpers.go:494.54,495.72 1 4
github.com/e2eterraformprovider/terraform-provider-e2e/e2e/kubernetes/helpers.go:495.72,499.4 3 1
github.com/e2eterraformprovider/terraform-provider-e2e/e2e/kubernetes/helpers.go:500.10,501.80 1 0
github.com/e2eterraformprovider/terraform-provider-e2e/e2e/kubernetes/helpers.go:503.2,503.34 1 3
github.com/e2eterraformprovider/terraform-provider-e2e/e2e/kubernetes/helpers.go:506.118,509.22 3 1
github.com/e2eterraformprovider/terraform-provider-e2e/e2e/kubernetes/helpers.go:509.22,512.17 3 1
github.com/e2eterraformprovider/terraform-provider-e2e/e2e/kubernetes/helpers.go:512.17,514.4 1 0
github.com/e2eterraformprovider/terraform-provider-e2e/e2e/kubernetes/helpers.go:515.3,515.31 1 1
github.com/e2eterraformprovider/terraform-provider-e2e/e2e/kubernetes/helpers.go:517.2,517.30 1 0
github.com/e2eterraformprovider/terraform-provider-e2e/e2e/kubernetes/helpers.go:520.120,522.16 2 1
github.com/e2eterraformprovider/terraform-provider-e2e/e2e/kubernetes/helpers.go:522.16,525.3 2 0
github.com/e2eterraformprovider/terraform-provider-e2e/e2e/kubernetes/helpers.go:527.2,527.32 1 1
github.com/e2eterraformprovider/terraform-provider-e2e/e2e/kubernetes/helpers.go:530.127,533.81 2 4
github.com/e2eterraformprovider/terraform-provider-e2e/e2e/kubernetes/helpers.go:534.51,535.49 1 0
github.com/e2eterraformprovider/terraform-provider-e2e/e2e/kubernetes/helpers.go:536.54,537.71 1 4
github.com/e2eterraformprovider/terraform-provider-e2e/e2e/kubernetes/helpers.go:537.71,541.4 3 1
github.com/e2eterraformprovider/terraform-provider-e2e/e2e/kubernetes/helpers.go:542.10,543.79 1 0
github.com/e2eterraformprovider/terraform-provider-e2e/e2e/kubernetes/helpers.go:546.2,546.33 1 3
github.com/e2eterraformprovider/terraform-provider-e2e/e2e/kubernetes/helpers.go:549.115,552.22 3 1
github.com/e2eterraformprovider/terraform-provider-e2e/e2e/kubernetes/helpers.go:552.22,555.17 3 1
github.com/e2eterraformprovider/terraform-provider-e2e/e2e/kubernetes/helpers.go:555.17,557.4 1 0
github.com/e2eterraformprovider/terraform-provider-e2e/e2e/kubernetes/helpers.go:558.3,558.30 1 1
github.com/e2eterraformprovider/terraform-provider-e2e/e2e/kubernetes/helpers.go:560.2,560.27 1 0
github.com/e2eterraformprovider/terraform-provider-e2e/e2e/kubernetes/helpers.go:563.117,565.16 2 1
github.com/e2eterraformprovider/terraform-provider-e2e/e2e/kubernetes/helpers.go:565.16,567.3 1 0
github.com/e2eterraformprovider/terraform-provider-e2e/e2e/kubernetes/helpers.go:569.2,569.31 1 1
github.com/e2eterraformprovider/terraform-provider-e2e/e2e/kubernetes/helpers.go:577.52,578.42 1 5
github.com/e2eterraformprovider/terraform-provider-e2e/e2e/kubernetes/helpers.go:578.42,580.3 1 2
github.com/e2eterraformprovider/terraform-provider-e2e/e2e/kubernetes/helpers.go:581.2,581.48 1 3
github.com/e2eterraformprovider/terraform-provider-e2e/e2e/kubernetes/helpers.go:581.48,583.3 1 1
github.com/e2eterraformprovider/terraform-provider-e2e/e2e/kubernetes/helpers.go:584.2,584.11 1 2
github.com/e2eterraformprovider/terraform-provider-e2e/e2e/kubernetes/helpers.go:588.58,589.48 1 5
github.com/e2eterraformprovider/terraform-provider-e2e/e2e/kubernetes/helpers.go:589.48,591.3 1 2
github.com/e2eterraformprovider/terraform-provider-e2e/e2e/kubernetes/helpers.go:592.2,592.51 1 3
github.com/e2eterraformprovider/terraform-provider-e2e/e2e/kubernetes/helpers.go:592.51,594.3 1 1
github.com/e2eterraformprovider/terraform-provider-e2e/e2e/kubernetes/helpers.go:595.2,595.11 1 2
github.com/e2eterraformprovider/terraform-provider-e2e/e2e/kubernetes/helpers.go:599.92,600.43 1 0
github.com/e2eterraformprovider/terraform-provider-e2e/e2e/kubernetes/helpers.go:600.43,602.3 1 0
github.com/e2eterraformprovider/terraform-provider-e2e/e2e/kubernetes/helpers.go:610.58,611.51 1 26
github.com/e2eterraformprovider/terraform-provider-e2e/e2e/kubernetes/helpers.go:611.51,613.3 1 21
github.com/e2eterraformprovider/terraform-provider-e2e/e2e/kubernetes/helpers.go:614.2,614.46 1 5
github.com/e2eterraformprovider/terraform-provider-e2e/e2e/kubernetes/helpers.go:614.46,616.3 1 3
github.com/e2eterraformprovider/terraform-provider-e2e/e2e/kubernetes/helpers.go:617.2,617.11 1 2
github.com/e2eterraformprovider/terraform-provider-e2e/e2e/kubernetes/helpers.go:621.58,622.51 1 26
github.com/e2eterraformprovider/terraform-provider-e2e/e2e/kubernetes/helpers.go:622.51,624.3 1 21
github.com/e2eterraformprovider/terraform-provider-e2e/e2e/kubernetes/helpers.go:625.2,625.50 1 5
github.com/e2eterraformprovider/terraform-provider-e2e/e2e/kubernetes/helpers.go:625.50,627.3 1 3
github.com/e2eterraformprovider/terraform-provider-e2e/e2e/kubernetes/helpers.go:628.2,628.11 1 2
github.com/e2eterraformprovider/terraform-provider-e2e/e2e/kubernetes/helpers.go:632.55,633.46 1 14
github.com/e2eterraformprovider/terraform-provider-e2e/e2e/kubernetes/helpers.go:633.46,635.3 1 5
github.com/e2eterraformprovider/terraform-provider-e2e/e2e/kubernetes/helpers.go:636.2,636.44 1 9
github.com/e2eterraformprovider/terraform-provider-e2e/e2e/kubernetes/helpers.go:636.44,638.3 1 2
github.com/e2eterraformprovider/terraform-provider-e2e/e2e/kubernetes/helpers.go:639.2,639.10 1 7
github.com/e2eterraformprovider/terraform-provider-e2e/e2e/kubernetes/helpers.go:643.59,644.51 1 15
github.com/e2eterraformprovider/terraform-provider-e2e/e2e/kubernetes/helpers.go:644.51,646.3 1 10
github.com/e2eterraformprovider/terraform-provider-e2e/e2e/kubernetes/helpers.go:647.2,647.53 1 5
github.com/e2eterraformprovider/terraform-provider-e2e/e2e/kubernetes/helpers.go:647.53,649.3 1 2
github.com/e2eterraformprovider/terraform-provider-e2e/e2e/kubernetes/helpers.go:650.2,650.10 1 3
github.com/e2eterraformprovider/terraform-provider-e2e/e2e/kubernetes/helpers.go:654.59,655.51 1 15
github.com/e2eterraformprovider/terraform-provider-e2e/e2e/kubernetes/helpers.go:655.51,657.3 1 10
github.com/e2eterraformprovider/terraform-provider-e2e/e2e/kubernetes/helpers.go:658.2,658.53 1 5
github.com/e2eterraformprovider/terraform-provider-e2e/e2e/kubernetes/helpers.go:658.53,660.3 1 2
github.com/e2eterraformprovider/terraform-provider-e2e/e2e/kubernetes/helpers.go:661.2,661.10 1 3
github.com/e2eterraformprovider/terraform-provider-e2e/e2e/kubernetes/helpers.go:669.76,672.33 2 5
github.com/e2eterraformprovider/terraform-provider-e2e/e2e/kubernetes/helpers.go:672.33,685.3 5 5
github.com/e2eterraformprovider/terraform-provider-e2e/e2e/kubernetes/helpers.go:687.2,687.15 1 5
github.com/e2eterraformprovider/terraform-provider-e2e/e2e/kubernetes/helpers.go:695.138,711.2 3 3
github.com/e2eterraformprovider/terraform-provider-e2e/e2e/kubernetes/helpers.go:713.114,714.45 1 7
github.com/e2eterraformprovider/terraform-provider-e2e/e2e/kubernetes/helpers.go:714.45,716.17 2 5
github.com/e2eterraformprovider/terraform-provider-e2e/e2e/kubernetes/helpers.go:716.17,718.4 1 2
github.com/e2eterraformprovider/terraform-provider-e2e/e2e/kubernetes/helpers.go:720.3,720.21 1 3
github.com/e2eterraformprovider/terraform-provider-e2e/e2e/kubernetes/helpers.go:720.21,722.4 1 1
github.com/e2eterraformprovider/terraform-provider-e2e/e2e/kubernetes/helpers.go:724.3,724.37 1 2
github.com/e2eterraformprovider/terraform-provider-e2e/e2e/kubernetes/helpers.go:733.54,735.25 2 5
github.com/e2eterraformprovider/terraform-provider-e2e/e2e/kubernetes/helpers.go:735.25,737.3 1 10
github.com/e2eterraformprovider/terraform-provider-e2e/e2e/kubernetes/helpers.go:738.2,738.15 1 4
github.com/e2eterraformprovider/terraform-provider-e2e/e2e/kubernetes/helpers.go:742.35,744.22 2 6
github.com/e2eterraformprovider/terraform-provider-e2e/e2e/kubernetes/helpers.go:744.22,746.3 1 11
github.com/e2eterraformprovider/terraform-provider-e2e/e2e/kubernetes/helpers.go:748.2,749.22 2 6
github.com/e2eterraformprovider/terraform-provider-e2e/e2e/kubernetes/helpers.go:749.22,750.15 1 14
github.com/e2eterraformprovider/terraform-provider-e2e/e2e/kubernetes/helpers.go:750.15,752.4 1 9
github.com/e2eterraformprovider/terraform-provider-e2e/e2e/kubernetes/helpers.go:754.2,754.13 1 6
github.com/e2eterraformprovider/terraform-provider-e2e/e2e/kubernetes/resource_kubernetes.go:19.51,453.2 1 21
github.com/e2eterraformprovider/terraform-provider-e2e/e2e/kubernetes/resource_kubernetes.go:455.99,458.19 3 0
github.com/e2eterraformprovider/terraform-provider-e2e/e2e/kubernetes/resource_kubernetes.go:458.19,460.3 1 0
github.com/e2eterraformprovider/terraform-provider-e2e/e2e/kubernetes/resource_kubernetes.go:463.2,464.16 2 0
github.com/e2eterraformprovider/terraform-provider-e2e/e2e/kubernetes/resource_kubernetes.go:464.16,466.3 1 0
github.com/e2eterraformprovider/terraform-provider-e2e/e2e/kubernetes/resource_kubernetes.go:469.2,470.16 2 0
github.com/e2eterraformprovider/terraform-provider-e2e/e2e/kubernetes/resource_kubernetes.go:470.16,472.3 1 0
github.com/e2eterraformprovider/terraform-provider-e2e/e2e/kubernetes/resource_kubernetes.go:475.2,476.16 2 0
github.com/e2eterraformprovider/terraform-provider-e2e/e2e/kubernetes/resource_kubernetes.go:476.16,478.3 1 0
github.com/e2eterraformprovider/terraform-provider-e2e/e2e/kubernetes/resource_kubernetes.go:480.2,482.16 3 0
github.com/e2eterraformprovider/terraform-provider-e2e/e2e/kubernetes/resource_kubernetes.go:482.16,484.3 1 0
github.com/e2eterraformprovider/terraform-provider-e2e/e2e/kubernetes/resource_kubernetes.go:487.2,487.29 1 0
github.com/e2eterraformprovider/terraform-provider-e2e/e2e/kubernetes/resource_kubernetes.go:487.29,488.33 1 0
github.com/e2eterraformprovider/terraform-provider-e2e/e2e/kubernetes/resource_kubernetes.go:488.33,489.57 1 0
github.com/e2eterraformprovider/terraform-provider-e2e/e2e/kubernetes/resource_kubernetes.go:489.57,491.5 1 0
github.com/e2eterraformprovider/terraform-provider-e2e/e2e/kubernetes/resource_kubernetes.go:492.4,492.25 1 0
github.com/e2eterraformprovider/terraform-provider-e2e/e2e/kubernetes/resource_kubernetes.go:496.2,496.127 1 0
github.com/e2eterraformprovider/terraform-provider-e2e/e2e/kubernetes/resource_kubernetes.go:499.196,515.61 7 0
github.com/e2eterraformprovider/terraform-provider-e2e/e2e/kubernetes/resource_kubernetes.go:515.61,520.17 3 0
github.com/e2eterraformprovider/terraform-provider-e2e/e2e/kubernetes/resource_kubernetes.go:520.17,522.4 1 0
github.com/e2eterraformprovider/terraform-provider-e2e/e2e/kubernetes/resource_kubernetes.go:524.3,525.17 2 0
github.com/e2eterraformprovider/terraform-provider-e2e/e2e/kubernetes/resource_kubernetes.go:525.17,527.4 1 0
github.com/e2eterraformprovider/terraform-provider-e2e/e2e/kubernetes/resource_kubernetes.go:529.3,530.17 2 0
github.com/e2eterraformprovider/terraform-provider-e2e/e2e/kubernetes/resource_kubernetes.go:530.17,532.4 1 0
github.com/e2eterraformprovider/terraform-provider-e2e/e2e/kubernetes/resource_kubernetes.go:533.3,533.44 1 0
github.com/e2eterraformprovider/terraform-provider-e2e/e2e/kubernetes/resource_kubernetes.go:534.8,536.3 1 0
github.com/e2eterraformprovider/terraform-provider-e2e/e2e/kubernetes/resource_kubernetes.go:538.2,538.27 1 0
github.com/e2eterraformprovider/terraform-provider-e2e/e2e/kubernetes/resource_kubernetes.go:541.115,547.16 4 0
github.com/e2eterraformprovider/terraform-provider-e2e/e2e/kubernetes/resource_kubernetes.go:547.16,549.3 1 0
github.com/e2eterraformprovider/terraform-provider-e2e/e2e/kubernetes/resource_kubernetes.go:552.2,553.16 2 0
github.com/e2eterraformprovider/terraform-provider-e2e/e2e/kubernetes/resource_kubernetes.go:553.16,555.3 1 0
github.com/e2eterraformprovider/terraform-provider-e2e/e2e/kubernetes/resource_kubernetes.go:558.2,559.16 2 0
github.com/e2eterraformprovider/terraform-provider-e2e/e2e/kubernetes/resource_kubernetes.go:559.16,561.3 1 0
github.com/e2eterraformprovider/terraform-provider-e2e/e2e/kubernetes/resource_kubernetes.go:564.2,571.16 6 0
github.com/e2eterraformprovider/terraform-provider-e2e/e2e/kubernetes/resource_kubernetes.go:571.16,573.3 1 0
github.com/e2eterraformprovider/terraform-provider-e2e/e2e/kubernetes/resource_kubernetes.go:574.2,574.53 1 0
github.com/e2eterraformprovider/terraform-provider-e2e/e2e/kubernetes/resource_kubernetes.go:574.53,576.3 1 0
github.com/e2eterraformprovider/terraform-provider-e2e/e2e/kubernetes/resource_kubernetes.go:578.2,579.18 2 0
github.com/e2eterraformprovider/terraform-provider-e2e/e2e/kubernetes/resource_kubernetes.go:579.18,581.3 1 0
github.com/e2eterraformprovider/terraform-provider-e2e/e2e/kubernetes/resource_kubernetes.go:583.2,587.16 3 0
github.com/e2eterraformprovider/terraform-provider-e2e/e2e/kubernetes/resource_kubernetes.go:587.16,589.3 1 0
github.com/e2eterraformprovider/terraform-provider-e2e/e2e/kubernetes/resource_kubernetes.go:591.2,591.20 1 0
github.com/e2eterraformprovider/terraform-provider-e2e/e2e/kubernetes/resource_kubernetes.go:591.20,593.3 1 0
github.com/e2eterraformprovider/terraform-provider-e2e/e2e/kubernetes/resource_kubernetes.go:596.2,599.37 2 0
github.com/e2eterraformprovider/terraform-provider-e2e/e2e/kubernetes/resource_kubernetes.go:599.37,600.45 1 0
github.com/e2eterraformprovider/terraform-provider-e2e/e2e/kubernetes/resource_kubernetes.go:600.45,602.4 1 0
github.com/e2eterraformprovider/terraform-provider-e2e/e2e/kubernetes/resource_kubernetes.go:606.2,607.16 2 0
github.com/e2eterraformprovider/terraform-provider-e2e/e2e/kubernetes/resource_kubernetes.go:607.16,609.3 1 0
github.com/e2eterraformprovider/terraform-provider-e2e/e2e/kubernetes/resource_kubernetes.go:612.2,612.63 1 0
github.com/e2eterraformprovider/terraform-provider-e2e/e2e/kubernetes/resource_kubernetes.go:612.63,618.17 4 0
github.com/e2eterraformprovider/terraform-provider-e2e/e2e/kubernetes/resource_kubernetes.go:618.17,620.4 1 0
github.com/e2eterraformprovider/terraform-provider-e2e/e2e/kubernetes/resource_kubernetes.go:624.2,624.49 1 0
github.com/e2eterraformprovider/terraform-provider-e2e/e2e/kubernetes/resource_kubernetes.go:627.113,636.16 6 0
github.com/e2eterraformprovider/terraform-provider-e2e/e2e/kubernetes/resource_kubernetes.go:636.16,638.3 1 0
github.com/e2eterraformprovider/terraform-provider-e2e/e2e/kubernetes/resource_kubernetes.go:641.2,642.16 2 0
github.com/e2eterraformprovider/terraform-provider-e2e/e2e/kubernetes/resource_kubernetes.go:642.16,644.3 1 0
github.com/e2eterraformprovider/terraform-provider-e2e/e2e/kubernetes/resource_kubernetes.go:647.2,648.16 2 0
github.com/e2eterraformprovider/terraform-provider-e2e/e2e/kubernetes/resource_kubernetes.go:648.16,650.3 1 0
github.com/e2eterraformprovider/terraform-provider-e2e/e2e/kubernetes/resource_kubernetes.go:653.2,654.16 2 0
github.com/e2eterraformprovider/terraform-provider-e2e/e2e/kubernetes/resource_kubernetes.go:654.16,656.3 1 0
github.com/e2eterraformprovider/terraform-provider-e2e/e2e/kubernetes/resource_kubernetes.go:658.2,658.20 1 0
github.com/e2eterraformprovider/terraform-provider-e2e/e2e/kubernetes/resource_kubernetes.go:658.20,662.3 3 0
github.com/e2eterraformprovider/terraform-provider-e2e/e2e/kubernetes/resource_kubernetes.go:664.2,668.69 3 0
github.com/e2eterraformprovider/terraform-provider-e2e/e2e/kubernetes/resource_kubernetes.go:668.69,670.3 1 0
github.com/e2eterraformprovider/terraform-provider-e2e/e2e/kubernetes/resource_kubernetes.go:671.2,671.76 1 0
github.com/e2eterraformprovider/terraform-provider-e2e/e2e/kubernetes/resource_kubernetes.go:671.76,673.3 1 0
github.com/e2eterraformprovider/terraform-provider-e2e/e2e/kubernetes/resource_kubernetes.go:674.2,674.63 1 0
github.com/e2eterraformprovider/terraform-provider-e2e/e2e/kubernetes/resource_kubernetes.go:674.63,676.3 1 0
github.com/e2eterraformprovider/terraform-provider-e2e/e2e/kubernetes/resource_kubernetes.go:677.2,677.57 1 0
github.com/e2eterraformprovider/terraform-provider-e2e/e2e/kubernetes/resource_kubernetes.go:677.57,679.3 1 0
github.com/e2eterraformprovider/terraform-provider-e2e/e2e/kubernetes/resource_kubernetes.go:682.2,682.67 1 0
github.com/e2eterraformprovider/terraform-provider-e2e/e2e/kubernetes/resource_kubernetes.go:682.67,684.3 1 0
github.com/e2eterraformprovider/terraform-provider-e2e/e2e/kubernetes/resource_kubernetes.go:685.2,685.69 1 0
github.com/e2eterraformprovider/terraform-provider-e2e/e2e/kubernetes/resource_kubernetes.go:685.69,687.3 1 0
github.com/e2eterraformprovider/terraform-provider-e2e/e2e/kubernetes/resource_kubernetes.go:688.2,688.62 1 0
github.com/e2eterraformprovider/terraform-provider-e2e/e2e/kubernetes/resource_kubernetes.go:688.62,690.3 1 0
github.com/e2eterraformprovider/terraform-provider-e2e/e2e/kubernetes/resource_kubernetes.go:691.2,691.68 1 0
github.com/e2eterraformprovider/terraform-provider-e2e/e2e/kubernetes/resource_kubernetes.go:691.68,693.3 1 0
github.com/e2eterraformprovider/terraform-provider-e2e/e2e/kubernetes/resource_kubernetes.go:696.2,697.16 2 0
github.com/e2eterraformprovider/terraform-provider-e2e/e2e/kubernetes/resource_kubernetes.go:697.16,699.3 1 0
github.com/e2eterraformprovider/terraform-provider-e2e/e2e/kubernetes/resource_kubernetes.go:702.2,702.86 1 0
github.com/e2eterraformprovider/terraform-provider-e2e/e2e/kubernetes/resource_kubernetes.go:702.86,704.3 1 0
github.com/e2eterraformprovider/terraform-provider-e2e/e2e/kubernetes/resource_kubernetes.go:707.2,708.43 2 0
github.com/e2eterraformprovider/terraform-provider-e2e/e2e/kubernetes/resource_kubernetes.go:708.43,710.37 2 0
github.com/e2eterraformprovider/terraform-provider-e2e/e2e/kubernetes/resource_kubernetes.go:710.37,712.4 1 0
github.com/e2eterraformprovider/terraform-provider-e2e/e2e/kubernetes/resource_kubernetes.go:713.3,713.60 1 0
github.com/e2eterraformprovider/terraform-provider-e2e/e2e/kubernetes/resource_kubernetes.go:713.60,715.4 1 0
github.com/e2eterraformprovider/terraform-provider-e2e/e2e/kubernetes/resource_kubernetes.go:718.2,718.14 1 0
github.com/e2eterraformprovider/terraform-provider-e2e/e2e/kubernetes/resource_kubernetes.go:721.115,728.16 5 0
github.com/e2eterraformprovider/terraform-provider-e2e/e2e/kubernetes/resource_kubernetes.go:728.16,730.3 1 0
github.com/e2eterraformprovider/terraform-provider-e2e/e2e/kubernetes/resource_kubernetes.go:733.2,734.16 2 0
github.com/e2eterraformprovider/terraform-provider-e2e/e2e/kubernetes/resource_kubernetes.go:734.16,736.3 1 0
github.com/e2eterraformprovider/terraform-provider-e2e/e2e/kubernetes/resource_kubernetes.go:739.2,740.16 2 0
github.com/e2eterraformprovider/terraform-provider-e2e/e2e/kubernetes/resource_kubernetes.go:740.16,742.3 1 0
github.com/e2eterraformprovider/terraform-provider-e2e/e2e/kubernetes/resource_kubernetes.go:744.2,746.34 3 0
github.com/e2eterraformprovider/terraform-provider-e2e/e2e/kubernetes/resource_kubernetes.go:746.34,747.18 1 0
github.com/e2eterraformprovider/terraform-provider-e2e/e2e/kubernetes/resource_kubernetes.go:747.18,749.4 1 0
github.com/e2eterraformprovider/terraform-provider-e2e/e2e/kubernetes/resource_kubernetes.go:752.2,753.16 2 0
github.com/e2eterraformprovider/terraform-provider-e2e/e2e/kubernetes/resource_kubernetes.go:753.16,755.3 1 0
github.com/e2eterraformprovider/terraform-provider-e2e/e2e/kubernetes/resource_kubernetes.go:757.2,758.14 2 0
github.com/e2eterraformprovider/terraform-provider-e2e/e2e/kubernetes/resource_kubernetes.go:761.91,769.16 5 0
github.com/e2eterraformprovider/terraform-provider-e2e/e2e/kubernetes/resource_kubernetes.go:769.16,771.3 1 0
github.com/e2eterraformprovider/terraform-provider-e2e/e2e/kubernetes/resource_kubernetes.go:774.2,775.16 2 0
github.com/e2eterraformprovider/terraform-provider-e2e/e2e/kubernetes/resource_kubernetes.go:775.16,777.3 1 0
github.com/e2eterraformprovider/terraform-provider-e2e/e2e/kubernetes/resource_kubernetes.go:780.2,781.16 2 0
github.com/e2eterraformprovider/terraform-provider-e2e/e2e/kubernetes/resource_kubernetes.go:781.16,783.3 1 0
github.com/e2eterraformprovider/terraform-provider-e2e/e2e/kubernetes/resource_kubernetes.go:785.2,786.16 2 0
github.com/e2eterraformprovider/terraform-provider-e2e/e2e/kubernetes/resource_kubernetes.go:786.16,787.44 1 0
github.com/e2eterraformprovider/terraform-provider-e2e/e2e/kubernetes/resource_kubernetes.go:787.44,789.4 1 0
github.com/e2eterraformprovider/terraform-provider-e2e/e2e/kubernetes/resource_kubernetes.go:790.3,790.20 1 0
github.com/e2eterraformprovider/terraform-provider-e2e/e2e/kubernetes/resource_kubernetes.go:793.2,793.28 1 0
github.com/e2eterraformprovider/terraform-provider-e2e/e2e/kubernetes/resource_kubernetes.go:796.115,802.16 4 0
github.com/e2eterraformprovider/terraform-provider-e2e/e2e/kubernetes/resource_kubernetes.go:802.16,804.3 1 0
github.com/e2eterraformprovider/terraform-provider-e2e/e2e/kubernetes/resource_kubernetes.go:807.2,808.16 2 0
github.com/e2eterraformprovider/terraform-provider-e2e/e2e/kubernetes/resource_kubernetes.go:808.16,810.3 1 0
github.com/e2eterraformprovider/terraform-provider-e2e/e2e/kubernetes/resource_kubernetes.go:813.2,814.16 2 0
github.com/e2eterraformprovider/terraform-provider-e2e/e2e/kubernetes/resource_kubernetes.go:814.16,816.3 1 0
github.com/e2eterraformprovider/terraform-provider-e2e/e2e/kubernetes/resource_kubernetes.go:818.2,820.34 3 0
github.com/e2eterraformprovider/terraform-provider-e2e/e2e/kubernetes/resource_kubernetes.go:820.34,821.18 1 0
github.com/e2eterraformprovider/terraform-provider-e2e/e2e/kubernetes/resource_kubernetes.go:821.18,823.4 1 0
github.com/e2eterraformprovider/terraform-provider-e2e/e2e/kubernetes/resource_kubernetes.go:827.2,827.25 1 0
github.com/e2eterraformprovider/terraform-provider-e2e/e2e/kubernetes/resource_kubernetes.go:827.25,828.38 1 0
github.com/e2eterraformprovider/terraform-provider-e2e/e2e/kubernetes/resource_kubernetes.go:828.38,829.46 1 0
github.com/e2eterraformprovider/terraform-provider-e2e/e2e/kubernetes/resource_kubernetes.go:829.46,831.5 1 0
github.com/e2eterraformprovider/terraform-provider-e2e/e2e/kubernetes/resource_kubernetes.go:836.2,836.39 1 0
github.com/e2eterraformprovider/terraform-provider-e2e/e2e/kubernetes/resource_kubernetes.go:836.39,843.24 5 0
github.com/e2eterraformprovider/terraform-provider-e2e/e2e/kubernetes/resource_kubernetes.go:843.24,848.18 3 0
github.com/e2eterraformprovider/terraform-provider-e2e/e2e/kubernetes/resource_kubernetes.go:848.18,850.5 1 0
github.com/e2eterraformprovider/terraform-provider-e2e/e2e/kubernetes/resource_kubernetes.go:854.3,855.24 2 0
github.com/e2eterraformprovider/terraform-provider-e2e/e2e/kubernetes/resource_kubernetes.go:855.24,860.18 3 0
github.com/e2eterraformprovider/terraform-provider-e2e/e2e/kubernetes/resource_kubernetes.go:860.18,862.5 1 0
github.com/e2eterraformprovider/terraform-provider-e2e/e2e/kubernetes/resource_kubernetes.go:866.2,867.16 2 0
github.com/e2eterraformprovider/terraform-provider-e2e/e2e/kubernetes/resource_kubernetes.go:867.16,869.3 1 0
github.com/e2eterraformprovider/terraform-provider-e2e/e2e/kubernetes/resource_kubernetes.go:870.2,870.44 1 0
github.com/e2eterraformprovider/terraform-provider-e2e/e2e/kubernetes/resource_kubernetes.go:870.44,876.44 4 0
github.com/e2eterraformprovider/terraform-provider-e2e/e2e/kubernetes/resource_kubernetes.go:876.44,880.29 4 0
github.com/e2eterraformprovider/terraform-provider-e2e/e2e/kubernetes/resource_kubernetes.go:880.29,882.5 1 0
github.com/e2eterraformprovider/terraform-provider-e2e/e2e/kubernetes/resource_kubernetes.go:883.4,886.30 4 0
github.com/e2eterraformprovider/terraform-provider-e2e/e2e/kubernetes/resource_kubernetes.go:886.30,888.5 1 0
github.com/e2eterraformprovider/terraform-provider-e2e/e2e/kubernetes/resource_kubernetes.go:890.4,890.45 1 0
github.com/e2eterraformprovider/terraform-provider-e2e/e2e/kubernetes/resource_kubernetes.go:890.45,893.31 3 0
github.com/e2eterraformprovider/terraform-provider-e2e/e2e/kubernetes/resource_kubernetes.go:893.31,895.11 2 0
github.com/e2eterraformprovider/terraform-provider-e2e/e2e/kubernetes/resource_kubernetes.go:898.4,898.14 1 0
github.com/e2eterraformprovider/terraform-provider-e2e/e2e/kubernetes/resource_kubernetes.go:898.14,900.19 2 0
github.com/e2eterraformprovider/terraform-provider-e2e/e2e/kubernetes/resource_kubernetes.go:900.19,902.6 1 0
github.com/e2eterraformprovider/terraform-provider-e2e/e2e/kubernetes/resource_kubernetes.go:903.5,903.57 1 0
github.com/e2eterraformprovider/terraform-provider-e2e/e2e/kubernetes/resource_kubernetes.go:903.57,906.6 2 0
github.com/e2eterraformprovider/terraform-provider-e2e/e2e/kubernetes/resource_kubernetes.go:907.5,908.19 2 0
github.com/e2eterraformprovider/terraform-provider-e2e/e2e/kubernetes/resource_kubernetes.go:908.19,910.6 1 0
github.com/e2eterraformprovider/terraform-provider-e2e/e2e/kubernetes/resource_kubernetes.go:914.3,914.31 1 0
github.com/e2eterraformprovider/terraform-provider-e2e/e2e/kubernetes/resource_kubernetes.go:914.31,919.45 5 0
github.com/e2eterraformprovider/terraform-provider-e2e/e2e/kubernetes/resource_kubernetes.go:919.45,925.31 5 0
github.com/e2eterraformprovider/terraform-provider-e2e/e2e/kubernetes/resource_kubernetes.go:925.31,929.68 4 0
github.com/e2eterraformprovider/terraform-provider-e2e/e2e/kubernetes/resource_kubernetes.go:929.68,931.7 1 0
github.com/e2eterraformprovider/terraform-provider-e2e/e2e/kubernetes/resource_kubernetes.go:932.6,933.53 2 0
github.com/e2eterraformprovider/terraform-provider-e2e/e2e/kubernetes/resource_kubernetes.go:933.53,935.7 1 0
github.com/e2eterraformprovider/terraform-provider-e2e/e2e/kubernetes/resource_kubernetes.go:936.6,937.28 2 0
github.com/e2eterraformprovider/terraform-provider-e2e/e2e/kubernetes/resource_kubernetes.go:937.28,939.7 1 0
github.com/e2eterraformprovider/terraform-provider-e2e/e2e/kubernetes/resource_kubernetes.go:940.6,940.42 1 0
github.com/e2eterraformprovider/terraform-provider-e2e/e2e/kubernetes/resource_kubernetes.go:940.42,946.21 4 0
github.com/e2eterraformprovider/terraform-provider-e2e/e2e/kubernetes/resource_kubernetes.go:946.21,948.8 1 0
github.com/e2eterraformprovider/terraform-provider-e2e/e2e/kubernetes/resource_kubernetes.go:949.7,949.12 1 0
github.com/e2eterraformprovider/terraform-provider-e2e/e2e/kubernetes/resource_kubernetes.go:951.6,953.43 2 0
github.com/e2eterraformprovider/terraform-provider-e2e/e2e/kubernetes/resource_kubernetes.go:953.43,955.7 1 0
github.com/e2eterraformprovider/terraform-provider-e2e/e2e/kubernetes/resource_kubernetes.go:956.6,956.75 1 0
github.com/e2eterraformprovider/terraform-provider-e2e/e2e/kubernetes/resource_kubernetes.go:956.75,957.12 1 0
github.com/e2eterraformprovider/terraform-provider-e2e/e2e/kubernetes/resource_kubernetes.go:959.6,960.20 2 0
github.com/e2eterraformprovider/terraform-provider-e2e/e2e/kubernetes/resource_kubernetes.go:960.20,962.7 1 0
github.com/e2eterraformprovider/terraform-provider-e2e/e2e/kubernetes/resource_kubernetes.go:963.6,975.20 3 0
github.com/e2eterraformprovider/terraform-provider-e2e/e2e/kubernetes/resource_kubernetes.go:975.20,977.7 1 0
github.com/e2eterraformprovider/terraform-provider-e2e/e2e/kubernetes/resource_kubernetes.go:978.6,978.11 1 0
github.com/e2eterraformprovider/terraform-provider-e2e/e2e/kubernetes/resource_kubernetes.go:982.4,982.14 1 0
github.com/e2eterraformprovider/terraform-provider-e2e/e2e/kubernetes/resource_kubernetes.go:982.14,986.19 4 0
github.com/e2eterraformprovider/terraform-provider-e2e/e2e/kubernetes/resource_kubernetes.go:986.19,988.6 1 0
github.com/e2eterraformprovider/terraform-provider-e2e/e2e/kubernetes/resource_kubernetes.go:989.5,994.19 4 0
github.com/e2eterraformprovider/terraform-provider-e2e/e2e/kubernetes/resource_kubernetes.go:994.19,996.6 1 0
github.com/e2eterraformprovider/terraform-provider-e2e/e2e/kubernetes/resource_kubernetes.go:997.5,997.13 1 0
github.com/e2eterraformprovider/terraform-provider-e2e/e2e/kubernetes/resource_kubernetes.go:1002.2,1002.49 1 0
github.com/e2eterraformprovider/terraform-provider-e2e/e2e/kubernetes/resource_kubernetes.go:1005.124,1012.16 5 0
github.com/e2eterraformprovider/terraform-provider-e2e/e2e/kubernetes/resource_kubernetes.go:1012.16,1014.3 1 0
github.com/e2eterraformprovider/terraform-provider-e2e/e2e/kubernetes/resource_kubernetes.go:1017.2,1018.16 2 0
github.com/e2eterraformprovider/terraform-provider-e2e/e2e/kubernetes/resource_kubernetes.go:1018.16,1020.3 1 0
github.com/e2eterraformprovider/terraform-provider-e2e/e2e/kubernetes/resource_kubernetes.go:1023.2,1024.16 2 0
github.com/e2eterraformprovider/terraform-provider-e2e/e2e/kubernetes/resource_kubernetes.go:1024.16,1026.3 1 0
github.com/e2eterraformprovider/terraform-provider-e2e/e2e/kubernetes/resource_kubernetes.go:1029.2,1031.16 3 0
github.com/e2eterraformprovider/terraform-provider-e2e/e2e/kubernetes/resource_kubernetes.go:1031.16,1033.3 1 0
github.com/e2eterraformprovider/terraform-provider-e2e/e2e/kubernetes/resource_kubernetes.go:1035.2,1035.37 1 0
github.com/e2eterraformprovider/terraform-provider-e2e/e2e/kubernetes/resource_kubernetes.go:1035.37,1037.3 1 0
github.com/e2eterraformprovider/terraform-provider-e2e/e2e/kubernetes/resource_kubernetes.go:1039.2,1039.28 1 0
github.com/e2eterraformprovider/terraform-provider-e2e/e2e/kubernetes/resource_kubernetes.go:1042.90,1043.37 1 0
github.com/e2eterraformprovider/terraform-provider-e2e/e2e/kubernetes/resource_kubernetes.go:1043.37,1044.41 1 0
github.com/e2eterraformprovider/terraform-provider-e2e/e2e/kubernetes/resource_kubernetes.go:1044.41,1045.71 1 0
github.com/e2eterraformprovider/terraform-provider-e2e/e2e/kubernetes/resource_kubernetes.go:1045.71,1047.5 1 0
github.com/e2eterraformprovider/terraform-provider-e2e/e2e/kubernetes/resource_kubernetes.go:1050.2,1050.14 1 0
github.com/e2eterraformprovider/terraform-provider-e2e/e2e/kubernetes/resource_kubernetes.go:1057.123,1064.21 3 1
github.com/e2eterraformprovider/terraform-provider-e2e/e2e/kubernetes/resource_kubernetes.go:1064.21,1070.17 5 0
github.com/e2eterraformprovider/terraform-provider-e2e/e2e/kubernetes/resource_kubernetes.go:1070.17,1072.4 1 0
github.com/e2eterraformprovider/terraform-provider-e2e/e2e/kubernetes/resource_kubernetes.go:1073.3,1075.17 3 0
github.com/e2eterraformprovider/terraform-provider-e2e/e2e/kubernetes/resource_kubernetes.go:1075.17,1077.4 1 0
github.com/e2eterraformprovider/terraform-provider-e2e/e2e/kubernetes/resource_kubernetes.go:1078.3,1078.27 1 0
github.com/e2eterraformprovider/terraform-provider-e2e/e2e/kubernetes/resource_kubernetes.go:1079.8,1079.28 1 1
github.com/e2eterraformprovider/terraform-provider-e2e/e2e/kubernetes/resource_kubernetes.go:1079.28,1084.3 3 0
github.com/e2eterraformprovider/terraform-provider-e2e/e2e/kubernetes/resource_kubernetes.go:1084.8,1086.3 1 1
github.com/e2eterraformprovider/terraform-provider-e2e/e2e/kubernetes/resource_kubernetes.go:1089.2,1089.21 1 0
github.com/e2eterraformprovider/terraform-provider-e2e/e2e/kubernetes/resource_kubernetes.go:1089.21,1091.3 1 0
github.com/e2eterraformprovider/terraform-provider-e2e/e2e/kubernetes/resource_kubernetes.go:1093.2,1096.68 2 0
github.com/e2eterraformprovider/terraform-provider-e2e/e2e/kubernetes/resource_kubernetes.go:1096.68,1098.3 1 0
github.com/e2eterraformprovider/terraform-provider-e2e/e2e/kubernetes/resource_kubernetes.go:1099.2,1099.62 1 0
github.com/e2eterraformprovider/terraform-provider-e2e/e2e/kubernetes/resource_kubernetes.go:1099.62,1101.3 1 0
github.com/e2eterraformprovider/terraform-provider-e2e/e2e/kubernetes/resource_kubernetes.go:1103.2,1103.64 1 0
github.com/e2eterraformprovider/terraform-provider-e2e/e2e/kubernetes/resource_kubernetes.go:1103.64,1105.3 1 0
github.com/e2eterraformprovider/terraform-provider-e2e/e2e/kubernetes/resource_kubernetes.go:1108.2,1109.16 2 0
github.com/e2eterraformprovider/terraform-provider-e2e/e2e/kubernetes/resource_kubernetes.go:1109.16,1111.3 1 0
github.com/e2eterraformprovider/terraform-provider-e2e/e2e/kubernetes/resource_kubernetes.go:1114.2,1115.16 2 0
github.com/e2eterraformprovider/terraform-provider-e2e/e2e/kubernetes/resource_kubernetes.go:1115.16,1117.3 1 0
github.com/e2eterraformprovider/terraform-provider-e2e/e2e/kubernetes/resource_kubernetes.go:1119.2,1119.20 1 0
github.com/e2eterraformprovider/terraform-provider-e2e/e2e/kubernetes/resource_kubernetes.go:1119.20,1121.3 1 0
github.com/e2eterraformprovider/terraform-provider-e2e/e2e/kubernetes/resource_kubernetes.go:1124.2,1125.16 2 0
github.com/e2eterraformprovider/terraform-provider-e2e/e2e/kubernetes/resource_kubernetes.go:1125.16,1127.3 1 0
github.com/e2eterraformprovider/terraform-provider-e2e/e2e/kubernetes/resource_kubernetes.go:1130.2,1133.67 2 0
github.com/e2eterraformprovider/terraform-provider-e2e/e2e/kubernetes/resource_kubernetes.go:1133.67,1135.3 1 0
github.com/e2eterraformprovider/terraform-provider-e2e/e2e/kubernetes/resource_kubernetes.go:1136.2,1136.69 1 0
github.com/e2eterraformprovider/terraform-provider-e2e/e2e/kubernetes/resource_kubernetes.go:1136.69,1138.3 1 0
github.com/e2eterraformprovider/terraform-provider-e2e/e2e/kubernetes/resource_kubernetes.go:1139.2,1139.68 1 0
github.com/e2eterraformprovider/terraform-provider-e2e/e2e/kubernetes/resource_kubernetes.go:1139.68,1141.3 1 0
github.com/e2eterraformprovider/terraform-provider-e2e/e2e/kubernetes/resource_kubernetes.go:1144.2,1144.69 1 0
github.com/e2eterraformprovider/terraform-provider-e2e/e2e/kubernetes/resource_kubernetes.go:1144.69,1146.3 1 0
github.com/e2eterraformprovider/terraform-provider-e2e/e2e/kubernetes/resource_kubernetes.go:1147.2,1147.76 1 0
github.com/e2eterraformprovider/terraform-provider-e2e/e2e/kubernetes/resource_kubernetes.go:1147.76,1149.3 1 0
github.com/e2eterraformprovider/terraform-provider-e2e/e2e/kubernetes/resource_kubernetes.go:1152.2,1152.68 1 0
github.com/e2eterraformprovider/terraform-provider-e2e/e2e/kubernetes/resource_kubernetes.go:1152.68,1154.3 1 0
github.com/e2eterraformprovider/terraform-provider-e2e/e2e/kubernetes/resource_kubernetes.go:1157.2,1157.86 1 0
github.com/e2eterraformprovider/terraform-provider-e2e/e2e/kubernetes/resource_kubernetes.go:1157.86,1159.3 1 0
github.com/e2eterraformprovider/terraform-provider-e2e/e2e/kubernetes/resource_kubernetes.go:1162.2,1163.43 2 0
github.com/e2eterraformprovider/terraform-provider-e2e/e2e/kubernetes/resource_kubernetes.go:1163.43,1165.37 2 0
github.com/e2eterraformprovider/terraform-provider-e2e/e2e/kubernetes/resource_kubernetes.go:1165.37,1167.4 1 0
github.com/e2eterraformprovider/terraform-provider-e2e/e2e/kubernetes/resource_kubernetes.go:1168.3,1168.60 1 0
github.com/e2eterraformprovider/terraform-provider-e2e/e2e/kubernetes/resource_kubernetes.go:1168.60,1170.4 1 0
github.com/e2eterraformprovider/terraform-provider-e2e/e2e/kubernetes/resource_kubernetes.go:1173.2,1173.39 1 0
github.com/e2eterraformprovider/terraform-provider-e2e/e2e/kubernetes/resource_kubernetes_state_upgrade.go:16.54,244.2 1 21
github.com/e2eterraformprovider/terraform-provider-e2e/e2e/kubernetes/resource_kubernetes_state_upgrade.go:249.147,252.21 2 11
github.com/e2eterraformprovider/terraform-provider-e2e/e2e/kubernetes/resource_kubernetes_state_upgrade.go:252.21,254.3 1 1
github.com/e2eterraformprovider/terraform-provider-e2e/e2e/kubernetes/resource_kubernetes_state_upgrade.go:257.2,257.36 1 11
github.com/e2eterraformprovider/terraform-provider-e2e/e2e/kubernetes/resource_kubernetes_state_upgrade.go:257.36,259.3 1 9
github.com/e2eterraformprovider/terraform-provider-e2e/e2e/kubernetes/resource_kubernetes_state_upgrade.go:261.2,261.50 1 11
github.com/e2eterraformprovider/terraform-provider-e2e/e2e/kubernetes/resource_kubernetes_state_upgrade.go:261.50,263.3 1 9
github.com/e2eterraformprovider/terraform-provider-e2e/e2e/kubernetes/resource_kubernetes_state_upgrade.go:265.2,265.53 1 11
github.com/e2eterraformprovider/terraform-provider-e2e/e2e/kubernetes/resource_kubernetes_state_upgrade.go:265.53,267.3 1 10
github.com/e2eterraformprovider/terraform-provider-e2e/e2e/kubernetes/resource_kubernetes_state_upgrade.go:269.2,269.50 1 11
github.com/e2eterraformprovider/terraform-provider-e2e/e2e/kubernetes/resource_kubernetes_state_upgrade.go:269.50,271.3 1 9
github.com/e2eterraformprovider/terraform-provider-e2e/e2e/kubernetes/resource_kubernetes_state_upgrade.go:286.2,287.22 2 11
github.com/e2eterraformprovider/terraform-provider-e2e/e2e/kubernetes/sweep.go:12.13,17.2 1 1
github.com/e2eterraformprovider/terraform-provider-e2e/e2e/kubernetes/sweep.go:19.43,21.16 2 0
github.com/e2eterraformprovider/terraform-provider-e2e/e2e/kubernetes/sweep.go:21.16,24.3 2 0
github.com/e2eterraformprovider/terraform-provider-e2e/e2e/kubernetes/sweep.go:28.2,60.12 3 0
github.com/e2eterraformprovider/terraform-provider-e2e/e2e/constants/message.go:53.51,55.2 1 0
github.com/e2eterraformprovider/terraform-provider-e2e/e2e/acceptance/acceptance.go:25.13,31.43 3 1
github.com/e2eterraformprovider/terraform-provider-e2e/e2e/acceptance/acceptance.go:31.43,33.4 1 0
github.com/e2eterraformprovider/terraform-provider-e2e/e2e/acceptance/acceptance.go:37.36,40.32 1 0
github.com/e2eterraformprovider/terraform-provider-e2e/e2e/acceptance/acceptance.go:40.32,42.3 1 0
github.com/e2eterraformprovider/terraform-provider-e2e/e2e/acceptance/acceptance.go:44.2,44.44 1 0
github.com/e2eterraformprovider/terraform-provider-e2e/e2e/acceptance/acceptance.go:44.44,46.3 1 0
github.com/e2eterraformprovider/terraform-provider-e2e/e2e/acceptance/acceptance.go:47.2,47.47 1 0
github.com/e2eterraformprovider/terraform-provider-e2e/e2e/acceptance/acceptance.go:47.47,49.3 1 0
github.com/e2eterraformprovider/terraform-provider-e2e/e2e/acceptance/acceptance.go:53.2,54.25 2 0
github.com/e2eterraformprovider/terraform-provider-e2e/e2e/acceptance/acceptance.go:54.25,56.3 1 0
github.com/e2eterraformprovider/terraform-provider-e2e/e2e/acceptance/acceptance.go:58.2,59.22 2 0
github.com/e2eterraformprovider/terraform-provider-e2e/e2e/acceptance/acceptance.go:59.22,61.3 1 0
github.com/e2eterraformprovider/terraform-provider-e2e/e2e/acceptance/acceptance.go:65.2,65.47 1 0
github.com/e2eterraformprovider/terraform-provider-e2e/e2e/acceptance/acceptance.go:65.47,68.3 1 0
github.com/e2eterraformprovider/terraform-provider-e2e/e2e/acceptance/acceptance.go:69.2,69.43 1 0
github.com/e2eterraformprovider/terraform-provider-e2e/e2e/acceptance/acceptance.go:69.43,72.3 1 0
github.com/e2eterraformprovider/terraform-provider-e2e/e2e/acceptance/acceptance.go:74.2,75.16 2 0
github.com/e2eterraformprovider/terraform-provider-e2e/e2e/acceptance/acceptance.go:75.16,77.3 1 0
github.com/e2eterraformprovider/terraform-provider-e2e/e2e/acceptance/acceptance.go:86.47,90.2 0 0
github.com/e2eterraformprovider/terraform-provider-e2e/e2e/acceptance/acceptance.go:99.71,101.61 1 0
github.com/e2eterraformprovider/terraform-provider-e2e/e2e/acceptance/acceptance.go:101.61,103.3 1 0
github.com/e2eterraformprovider/terraform-provider-e2e/e2e/acceptance/acceptance.go:106.2,106.42 1 0
github.com/e2eterraformprovider/terraform-provider-e2e/e2e/loadbalancer/helpers.go:66.36,67.39 1 27
github.com/e2eterraformprovider/terraform-provider-e2e/e2e/loadbalancer/helpers.go:67.39,69.3 1 4
github.com/e2eterraformprovider/terraform-provider-e2e/e2e/loadbalancer/helpers.go:70.2,70.35 1 23
github.com/e2eterraformprovider/terraform-provider-e2e/e2e/loadbalancer/helpers.go:74.161,77.33 2 0
github.com/e2eterraformprovider/terraform-provider-e2e/e2e/loadbalancer/helpers.go:77.33,81.17 3 0
github.com/e2eterraformprovider/terraform-provider-e2e/e2e/loadbalancer/helpers.go:81.17,83.4 1 0
github.com/e2eterraformprovider/terraform-provider-e2e/e2e/loadbalancer/helpers.go:84.3,95.33 2 0
github.com/e2eterraformprovider/terraform-provider-e2e/e2e/loadbalancer/helpers.go:97.2,97.22 1 0
github.com/e2eterraformprovider/terraform-provider-e2e/e2e/loadbalancer/helpers.go:100.69,103.29 2 3
github.com/e2eterraformprovider/terraform-provider-e2e/e2e/loadbalancer/helpers.go:103.29,113.3 3 4
github.com/e2eterraformprovider/terraform-provider-e2e/e2e/loadbalancer/helpers.go:114.2,114.21 1 3
github.com/e2eterraformprovider/terraform-provider-e2e/e2e/loadbalancer/helpers.go:117.67,120.37 2 4
github.com/e2eterraformprovider/terraform-provider-e2e/e2e/loadbalancer/helpers.go:120.37,130.3 3 4
github.com/e2eterraformprovider/terraform-provider-e2e/e2e/loadbalancer/helpers.go:131.2,131.20 1 4
github.com/e2eterraformprovider/terraform-provider-e2e/e2e/loadbalancer/helpers.go:134.77,137.39 2 4
github.com/e2eterraformprovider/terraform-provider-e2e/e2e/loadbalancer/helpers.go:137.39,143.3 5 4
github.com/e2eterraformprovider/terraform-provider-e2e/e2e/loadbalancer/helpers.go:144.2,144.23 1 4
github.com/e2eterraformprovider/terraform-provider-e2e/e2e/loadbalancer/helpers.go:148.166,151.36 2 0
github.com/e2eterraformprovider/terraform-provider-e2e/e2e/loadbalancer/helpers.go:151.36,155.17 3 0
github.com/e2eterraformprovider/terraform-provider-e2e/e2e/loadbalancer/helpers.go:155.17,157.4 1 0
github.com/e2eterraformprovider/terraform-provider-e2e/e2e/loadbalancer/helpers.go:158.3,165.39 2 0
github.com/e2eterraformprovider/terraform-provider-e2e/e2e/loadbalancer/helpers.go:167.2,167.25 1 0
github.com/e2eterraformprovider/terraform-provider-e2e/e2e/loadbalancer/helpers.go:170.85,174.49 3 8
github.com/e2eterraformprovider/terraform-provider-e2e/e2e/loadbalancer/helpers.go:174.49,177.75 2 3
github.com/e2eterraformprovider/terraform-provider-e2e/e2e/loadbalancer/helpers.go:177.75,179.4 1 3
github.com/e2eterraformprovider/terraform-provider-e2e/e2e/loadbalancer/helpers.go:181.3,181.28 1 3
github.com/e2eterraformprovider/terraform-provider-e2e/e2e/loadbalancer/helpers.go:181.28,184.4 2 1
github.com/e2eterraformprovider/terraform-provider-e2e/e2e/loadbalancer/helpers.go:185.3,185.36 1 2
github.com/e2eterraformprovider/terraform-provider-e2e/e2e/loadbalancer/helpers.go:185.36,187.4 1 1
github.com/e2eterraformprovider/terraform-provider-e2e/e2e/loadbalancer/helpers.go:187.9,189.4 1 1
github.com/e2eterraformprovider/terraform-provider-e2e/e2e/loadbalancer/helpers.go:190.8,190.59 1 5
github.com/e2eterraformprovider/terraform-provider-e2e/e2e/loadbalancer/helpers.go:190.59,192.3 1 1
github.com/e2eterraformprovider/terraform-provider-e2e/e2e/loadbalancer/helpers.go:192.8,192.54 1 4
github.com/e2eterraformprovider/terraform-provider-e2e/e2e/loadbalancer/helpers.go:192.54,194.3 1 1
github.com/e2eterraformprovider/terraform-provider-e2e/e2e/loadbalancer/helpers.go:194.8,194.55 1 3
github.com/e2eterraformprovider/terraform-provider-e2e/e2e/loadbalancer/helpers.go:194.55,196.3 1 1
github.com/e2eterraformprovider/terraform-provider-e2e/e2e/loadbalancer/helpers.go:196.8,196.58 1 2
github.com/e2eterraformprovider/terraform-provider-e2e/e2e/loadbalancer/helpers.go:196.58,198.3 1 1
github.com/e2eterraformprovider/terraform-provider-e2e/e2e/loadbalancer/helpers.go:198.8,200.3 1 1
github.com/e2eterraformprovider/terraform-provider-e2e/e2e/loadbalancer/helpers.go:201.2,201.12 1 7
github.com/e2eterraformprovider/terraform-provider-e2e/e2e/loadbalancer/helpers.go:204.59,205.31 1 10
github.com/e2eterraformprovider/terraform-provider-e2e/e2e/loadbalancer/helpers.go:205.31,206.35 1 16
github.com/e2eterraformprovider/terraform-provider-e2e/e2e/loadbalancer/helpers.go:206.35,208.4 1 7
github.com/e2eterraformprovider/terraform-provider-e2e/e2e/loadbalancer/helpers.go:210.2,210.14 1 3
github.com/e2eterraformprovider/terraform-provider-e2e/e2e/loadbalancer/helpers.go:214.165,217.56 2 0
github.com/e2eterraformprovider/terraform-provider-e2e/e2e/loadbalancer/helpers.go:217.56,222.80 3 0
github.com/e2eterraformprovider/terraform-provider-e2e/e2e/loadbalancer/helpers.go:222.80,224.4 1 0
github.com/e2eterraformprovider/terraform-provider-e2e/e2e/loadbalancer/helpers.go:224.9,224.74 1 0
github.com/e2eterraformprovider/terraform-provider-e2e/e2e/loadbalancer/helpers.go:224.74,226.4 1 0
github.com/e2eterraformprovider/terraform-provider-e2e/e2e/loadbalancer/helpers.go:226.9,228.4 1 0
github.com/e2eterraformprovider/terraform-provider-e2e/e2e/loadbalancer/helpers.go:231.3,232.17 2 0
github.com/e2eterraformprovider/terraform-provider-e2e/e2e/loadbalancer/helpers.go:232.17,234.4 1 0
github.com/e2eterraformprovider/terraform-provider-e2e/e2e/loadbalancer/helpers.go:236.3,236.54 1 0
github.com/e2eterraformprovider/terraform-provider-e2e/e2e/loadbalancer/helpers.go:236.54,238.4 1 0
github.com/e2eterraformprovider/terraform-provider-e2e/e2e/loadbalancer/helpers.go:240.3,246.31 2 0
github.com/e2eterraformprovider/terraform-provider-e2e/e2e/loadbalancer/helpers.go:248.2,248.23 1 0
github.com/e2eterraformprovider/terraform-provider-e2e/e2e/loadbalancer/helpers.go:248.23,250.3 1 0
github.com/e2eterraformprovider/terraform-provider-e2e/e2e/loadbalancer/helpers.go:251.2,251.21 1 0
github.com/e2eterraformprovider/terraform-provider-e2e/e2e/loadbalancer/helpers.go:255.154,258.30 2 0
github.com/e2eterraformprovider/terraform-provider-e2e/e2e/loadbalancer/helpers.go:258.30,261.17 3 0
github.com/e2eterraformprovider/terraform-provider-e2e/e2e/loadbalancer/helpers.go:261.17,263.4 1 0
github.com/e2eterraformprovider/terraform-provider-e2e/e2e/loadbalancer/helpers.go:265.3,265.50 1 0
github.com/e2eterraformprovider/terraform-provider-e2e/e2e/loadbalancer/helpers.go:265.50,267.4 1 0
github.com/e2eterraformprovider/terraform-provider-e2e/e2e/loadbalancer/helpers.go:269.3,275.39 2 0
github.com/e2eterraformprovider/terraform-provider-e2e/e2e/loadbalancer/helpers.go:277.2,277.25 1 0
github.com/e2eterraformprovider/terraform-provider-e2e/e2e/loadbalancer/helpers.go:282.135,283.16 1 0
github.com/e2eterraformprovider/terraform-provider-e2e/e2e/loadbalancer/helpers.go:283.16,285.3 1 0
github.com/e2eterraformprovider/terraform-provider-e2e/e2e/loadbalancer/helpers.go:287.2,290.16 3 0
github.com/e2eterraformprovider/terraform-provider-e2e/e2e/loadbalancer/helpers.go:290.16,292.3 1 0
github.com/e2eterraformprovider/terraform-provider-e2e/e2e/loadbalancer/helpers.go:295.2,297.16 3 0
github.com/e2eterraformprovider/terraform-provider-e2e/e2e/loadbalancer/helpers.go:297.16,299.60 1 0
github.com/e2eterraformprovider/terraform-provider-e2e/e2e/loadbalancer/helpers.go:299.60,301.4 1 0
github.com/e2eterraformprovider/terraform-provider-e2e/e2e/loadbalancer/helpers.go:302.3,302.85 1 0
github.com/e2eterraformprovider/terraform-provider-e2e/e2e/loadbalancer/helpers.go:306.2,307.75 2 0
github.com/e2eterraformprovider/terraform-provider-e2e/e2e/loadbalancer/helpers.go:307.75,309.3 1 0
github.com/e2eterraformprovider/terraform-provider-e2e/e2e/loadbalancer/helpers.go:311.2,311.26 1 0
github.com/e2eterraformprovider/terraform-provider-e2e/e2e/loadbalancer/helpers.go:317.140,323.6 5 0
github.com/e2eterraformprovider/terraform-provider-e2e/e2e/loadbalancer/helpers.go:323.6,324.10 1 0
github.com/e2eterraformprovider/terraform-provider-e2e/e2e/loadbalancer/helpers.go:325.21,326.116 1 0
github.com/e2eterraformprovider/terraform-provider-e2e/e2e/loadbalancer/helpers.go:327.19,328.34 1 0
github.com/e2eterraformprovider/terraform-provider-e2e/e2e/loadbalancer/helpers.go:328.34,330.5 1 0
github.com/e2eterraformprovider/terraform-provider-e2e/e2e/loadbalancer/helpers.go:332.4,333.18 2 0
github.com/e2eterraformprovider/terraform-provider-e2e/e2e/loadbalancer/helpers.go:333.18,335.80 1 0
github.com/e2eterraformprovider/terraform-provider-e2e/e2e/loadbalancer/helpers.go:335.80,337.6 1 0
github.com/e2eterraformprovider/terraform-provider-e2e/e2e/loadbalancer/helpers.go:338.5,338.70 1 0
github.com/e2eterraformprovider/terraform-provider-e2e/e2e/loadbalancer/helpers.go:342.4,348.40 3 0
github.com/e2eterraformprovider/terraform-provider-e2e/e2e/loadbalancer/helpers.go:348.40,350.5 1 0
github.com/e2eterraformprovider/terraform-provider-e2e/e2e/loadbalancer/helpers.go:353.4,353.35 1 0
github.com/e2eterraformprovider/terraform-provider-e2e/e2e/loadbalancer/helpers.go:353.35,355.5 1 0
github.com/e2eterraformprovider/terraform-provider-e2e/e2e/loadbalancer/helpers.go:361.121,367.6 5 0
github.com/e2eterraformprovider/terraform-provider-e2e/e2e/loadbalancer/helpers.go:367.6,368.10 1 0
github.com/e2eterraformprovider/terraform-provider-e2e/e2e/loadbalancer/helpers.go:369.21,370.92 1 0
github.com/e2eterraformprovider/terraform-provider-e2e/e2e/loadbalancer/helpers.go:371.19,372.34 1 0
github.com/e2eterraformprovider/terraform-provider-e2e/e2e/loadbalancer/helpers.go:372.34,374.5 1 0
github.com/e2eterraformprovider/terraform-provider-e2e/e2e/loadbalancer/helpers.go:376.4,377.18 2 0
github.com/e2eterraformprovider/terraform-provider-e2e/e2e/loadbalancer/helpers.go:377.18,379.51 1 0
github.com/e2eterraformprovider/terraform-provider-e2e/e2e/loadbalancer/helpers.go:379.51,381.6 1 0
github.com/e2eterraformprovider/terraform-provider-e2e/e2e/loadbalancer/resource_loadbalancer.go:26.46,47.2 1 1
github.com/e2eterraformprovider/terraform-provider-e2e/e2e/loadbalancer/resource_loadbalancer.go:49.107,53.21 2 0
github.com/e2eterraformprovider/terraform-provider-e2e/e2e/loadbalancer/resource_loadbalancer.go:53.21,57.3 2 0
github.com/e2eterraformprovider/terraform-provider-e2e/e2e/loadbalancer/resource_loadbalancer.go:57.8,57.28 1 0
github.com/e2eterraformprovider/terraform-provider-e2e/e2e/loadbalancer/resource_loadbalancer.go:57.28,63.3 4 0
github.com/e2eterraformprovider/terraform-provider-e2e/e2e/loadbalancer/resource_loadbalancer.go:65.2,65.43 1 0
github.com/e2eterraformprovider/terraform-provider-e2e/e2e/loadbalancer/resource_loadbalancer.go:70.106,72.52 1 0
github.com/e2eterraformprovider/terraform-provider-e2e/e2e/loadbalancer/resource_loadbalancer.go:72.52,74.3 1 0
github.com/e2eterraformprovider/terraform-provider-e2e/e2e/loadbalancer/resource_loadbalancer.go:77.2,77.64 1 0
github.com/e2eterraformprovider/terraform-provider-e2e/e2e/loadbalancer/resource_loadbalancer.go:77.64,78.71 1 0
github.com/e2eterraformprovider/terraform-provider-e2e/e2e/loadbalancer/resource_loadbalancer.go:78.71,80.4 1 0
github.com/e2eterraformprovider/terraform-provider-e2e/e2e/loadbalancer/resource_loadbalancer.go:84.2,86.28 3 0
github.com/e2eterraformprovider/terraform-provider-e2e/e2e/loadbalancer/resource_loadbalancer.go:86.28,88.3 1 0
github.com/e2eterraformprovider/terraform-provider-e2e/e2e/loadbalancer/resource_loadbalancer.go:91.2,91.15 1 0
github.com/e2eterraformprovider/terraform-provider-e2e/e2e/loadbalancer/resource_loadbalancer.go:91.15,93.3 1 0
github.com/e2eterraformprovider/terraform-provider-e2e/e2e/loadbalancer/resource_loadbalancer.go:96.2,96.43 1 0
github.com/e2eterraformprovider/terraform-provider-e2e/e2e/loadbalancer/resource_loadbalancer.go:96.43,98.3 1 0
github.com/e2eterraformprovider/terraform-provider-e2e/e2e/loadbalancer/resource_loadbalancer.go:100.2,100.12 1 0
github.com/e2eterraformprovider/terraform-provider-e2e/e2e/loadbalancer/resource_loadbalancer.go:103.61,109.51 1 1
github.com/e2eterraformprovider/terraform-provider-e2e/e2e/loadbalancer/resource_loadbalancer.go:109.51,113.4 3 1
github.com/e2eterraformprovider/terraform-provider-e2e/e2e/loadbalancer/resource_loadbalancer.go:559.198,564.51 3 0
github.com/e2eterraformprovider/terraform-provider-e2e/e2e/loadbalancer/resource_loadbalancer.go:564.51,566.3 1 0
github.com/e2eterraformprovider/terraform-provider-e2e/e2e/loadbalancer/resource_loadbalancer.go:566.8,566.65 1 0
github.com/e2eterraformprovider/terraform-provider-e2e/e2e/loadbalancer/resource_loadbalancer.go:566.65,568.3 1 0
github.com/e2eterraformprovider/terraform-provider-e2e/e2e/loadbalancer/resource_loadbalancer.go:571.2,572.55 2 0
github.com/e2eterraformprovider/terraform-provider-e2e/e2e/loadbalancer/resource_loadbalancer.go:572.55,574.3 1 0
github.com/e2eterraformprovider/terraform-provider-e2e/e2e/loadbalancer/resource_loadbalancer.go:574.8,574.63 1 0
github.com/e2eterraformprovider/terraform-provider-e2e/e2e/loadbalancer/resource_loadbalancer.go:574.63,576.3 1 0
github.com/e2eterraformprovider/terraform-provider-e2e/e2e/loadbalancer/resource_loadbalancer.go:578.2,595.8 3 0
github.com/e2eterraformprovider/terraform-provider-e2e/e2e/loadbalancer/resource_loadbalancer.go:595.8,597.17 2 0
github.com/e2eterraformprovider/terraform-provider-e2e/e2e/loadbalancer/resource_loadbalancer.go:597.17,599.4 1 0
github.com/e2eterraformprovider/terraform-provider-e2e/e2e/loadbalancer/resource_loadbalancer.go:600.3,600.46 1 0
github.com/e2eterraformprovider/terraform-provider-e2e/e2e/loadbalancer/resource_loadbalancer.go:603.2,604.8 2 0
github.com/e2eterraformprovider/terraform-provider-e2e/e2e/loadbalancer/resource_loadbalancer.go:604.8,606.17 2 0
github.com/e2eterraformprovider/terraform-provider-e2e/e2e/loadbalancer/resource_loadbalancer.go:606.17,608.4 1 0
github.com/e2eterraformprovider/terraform-provider-e2e/e2e/loadbalancer/resource_loadbalancer.go:609.3,609.42 1 0
github.com/e2eterraformprovider/terraform-provider-e2e/e2e/loadbalancer/resource_loadbalancer.go:610.8,612.3 1 0
github.com/e2eterraformprovider/terraform-provider-e2e/e2e/loadbalancer/resource_loadbalancer.go:614.2,615.8 2 0
github.com/e2eterraformprovider/terraform-provider-e2e/e2e/loadbalancer/resource_loadbalancer.go:615.8,617.17 2 0
github.com/e2eterraformprovider/terraform-provider-e2e/e2e/loadbalancer/resource_loadbalancer.go:617.17,619.4 1 0
github.com/e2eterraformprovider/terraform-provider-e2e/e2e/loadbalancer/resource_loadbalancer.go:620.3,620.40 1 0
github.com/e2eterraformprovider/terraform-provider-e2e/e2e/loadbalancer/resource_loadbalancer.go:621.8,623.3 1 0
github.com/e2eterraformprovider/terraform-provider-e2e/e2e/loadbalancer/resource_loadbalancer.go:625.2,626.8 2 0
github.com/e2eterraformprovider/terraform-provider-e2e/e2e/loadbalancer/resource_loadbalancer.go:626.8,628.17 2 0
github.com/e2eterraformprovider/terraform-provider-e2e/e2e/loadbalancer/resource_loadbalancer.go:628.17,630.4 1 0
github.com/e2eterraformprovider/terraform-provider-e2e/e2e/loadbalancer/resource_loadbalancer.go:631.3,631.48 1 0
github.com/e2eterraformprovider/terraform-provider-e2e/e2e/loadbalancer/resource_loadbalancer.go:632.8,634.3 1 0
github.com/e2eterraformprovider/terraform-provider-e2e/e2e/loadbalancer/resource_loadbalancer.go:636.2,637.8 2 0
github.com/e2eterraformprovider/terraform-provider-e2e/e2e/loadbalancer/resource_loadbalancer.go:637.8,639.17 2 0
github.com/e2eterraformprovider/terraform-provider-e2e/e2e/loadbalancer/resource_loadbalancer.go:639.17,641.4 1 0
github.com/e2eterraformprovider/terraform-provider-e2e/e2e/loadbalancer/resource_loadbalancer.go:642.3,642.43 1 0
github.com/e2eterraformprovider/terraform-provider-e2e/e2e/loadbalancer/resource_loadbalancer.go:643.8,645.3 1 0
github.com/e2eterraformprovider/terraform-provider-e2e/e2e/loadbalancer/resource_loadbalancer.go:647.2,648.8 2 0
github.com/e2eterraformprovider/terraform-provider-e2e/e2e/loadbalancer/resource_loadbalancer.go:648.8,650.17 2 0
github.com/e2eterraformprovider/terraform-provider-e2e/e2e/loadbalancer/resource_loadbalancer.go:650.17,652.4 1 0
github.com/e2eterraformprovider/terraform-provider-e2e/e2e/loadbalancer/resource_loadbalancer.go:653.3,653.42 1 0
github.com/e2eterraformprovider/terraform-provider-e2e/e2e/loadbalancer/resource_loadbalancer.go:654.8,656.3 1 0
github.com/e2eterraformprovider/terraform-provider-e2e/e2e/loadbalancer/resource_loadbalancer.go:658.2,659.8 2 0
github.com/e2eterraformprovider/terraform-provider-e2e/e2e/loadbalancer/resource_loadbalancer.go:659.8,663.3 3 0
github.com/e2eterraformprovider/terraform-provider-e2e/e2e/loadbalancer/resource_loadbalancer.go:663.8,665.3 1 0
github.com/e2eterraformprovider/terraform-provider-e2e/e2e/loadbalancer/resource_loadbalancer.go:667.2,667.29 1 0
github.com/e2eterraformprovider/terraform-provider-e2e/e2e/loadbalancer/resource_loadbalancer.go:670.110,675.16 4 0
github.com/e2eterraformprovider/terraform-provider-e2e/e2e/loadbalancer/resource_loadbalancer.go:675.16,677.3 1 0
github.com/e2eterraformprovider/terraform-provider-e2e/e2e/loadbalancer/resource_loadbalancer.go:679.2,680.16 2 0
github.com/e2eterraformprovider/terraform-provider-e2e/e2e/loadbalancer/resource_loadbalancer.go:680.16,682.3 1 0
github.com/e2eterraformprovider/terraform-provider-e2e/e2e/loadbalancer/resource_loadbalancer.go:685.2,686.16 2 0
github.com/e2eterraformprovider/terraform-provider-e2e/e2e/loadbalancer/resource_loadbalancer.go:686.16,688.3 1 0
github.com/e2eterraformprovider/terraform-provider-e2e/e2e/loadbalancer/resource_loadbalancer.go:690.2,691.18 2 0
github.com/e2eterraformprovider/terraform-provider-e2e/e2e/loadbalancer/resource_loadbalancer.go:691.18,693.3 1 0
github.com/e2eterraformprovider/terraform-provider-e2e/e2e/loadbalancer/resource_loadbalancer.go:696.2,697.51 2 0
github.com/e2eterraformprovider/terraform-provider-e2e/e2e/loadbalancer/resource_loadbalancer.go:697.51,699.3 1 0
github.com/e2eterraformprovider/terraform-provider-e2e/e2e/loadbalancer/resource_loadbalancer.go:699.8,699.65 1 0
github.com/e2eterraformprovider/terraform-provider-e2e/e2e/loadbalancer/resource_loadbalancer.go:699.65,701.3 1 0
github.com/e2eterraformprovider/terraform-provider-e2e/e2e/loadbalancer/resource_loadbalancer.go:703.2,704.16 2 0
github.com/e2eterraformprovider/terraform-provider-e2e/e2e/loadbalancer/resource_loadbalancer.go:704.16,706.3 1 0
github.com/e2eterraformprovider/terraform-provider-e2e/e2e/loadbalancer/resource_loadbalancer.go:707.2,709.28 2 0
github.com/e2eterraformprovider/terraform-provider-e2e/e2e/loadbalancer/resource_loadbalancer.go:709.28,711.3 1 0
github.com/e2eterraformprovider/terraform-provider-e2e/e2e/loadbalancer/resource_loadbalancer.go:712.2,719.150 4 0
github.com/e2eterraformprovider/terraform-provider-e2e/e2e/loadbalancer/resource_loadbalancer.go:719.150,721.3 1 0
github.com/e2eterraformprovider/terraform-provider-e2e/e2e/loadbalancer/resource_loadbalancer.go:724.2,724.30 1 0
github.com/e2eterraformprovider/terraform-provider-e2e/e2e/loadbalancer/resource_loadbalancer.go:724.30,727.3 2 0
github.com/e2eterraformprovider/terraform-provider-e2e/e2e/loadbalancer/resource_loadbalancer.go:730.2,730.51 1 0
github.com/e2eterraformprovider/terraform-provider-e2e/e2e/loadbalancer/resource_loadbalancer.go:730.51,731.59 1 0
github.com/e2eterraformprovider/terraform-provider-e2e/e2e/loadbalancer/resource_loadbalancer.go:731.59,733.4 1 0
github.com/e2eterraformprovider/terraform-provider-e2e/e2e/loadbalancer/resource_loadbalancer.go:736.2,736.14 1 0
github.com/e2eterraformprovider/terraform-provider-e2e/e2e/loadbalancer/resource_loadbalancer.go:739.108,747.16 6 0
github.com/e2eterraformprovider/terraform-provider-e2e/e2e/loadbalancer/resource_loadbalancer.go:747.16,749.3 1 0
github.com/e2eterraformprovider/terraform-provider-e2e/e2e/loadbalancer/resource_loadbalancer.go:751.2,752.16 2 0
github.com/e2eterraformprovider/terraform-provider-e2e/e2e/loadbalancer/resource_loadbalancer.go:752.16,754.3 1 0
github.com/e2eterraformprovider/terraform-provider-e2e/e2e/loadbalancer/resource_loadbalancer.go:757.2,758.16 2 0
github.com/e2eterraformprovider/terraform-provider-e2e/e2e/loadbalancer/resource_loadbalancer.go:758.16,760.3 1 0
github.com/e2eterraformprovider/terraform-provider-e2e/e2e/loadbalancer/resource_loadbalancer.go:762.2,763.16 2 0
github.com/e2eterraformprovider/terraform-provider-e2e/e2e/loadbalancer/resource_loadbalancer.go:763.16,765.3 1 0
github.com/e2eterraformprovider/terraform-provider-e2e/e2e/loadbalancer/resource_loadbalancer.go:767.2,770.49 2 0
github.com/e2eterraformprovider/terraform-provider-e2e/e2e/loadbalancer/resource_loadbalancer.go:770.49,773.3 2 0
github.com/e2eterraformprovider/terraform-provider-e2e/e2e/loadbalancer/resource_loadbalancer.go:774.2,774.48 1 0
github.com/e2eterraformprovider/terraform-provider-e2e/e2e/loadbalancer/resource_loadbalancer.go:774.48,777.3 2 0
github.com/e2eterraformprovider/terraform-provider-e2e/e2e/loadbalancer/resource_loadbalancer.go:778.2,783.33 4 0
github.com/e2eterraformprovider/terraform-provider-e2e/e2e/loadbalancer/resource_loadbalancer.go:783.33,786.3 2 0
github.com/e2eterraformprovider/terraform-provider-e2e/e2e/loadbalancer/resource_loadbalancer.go:788.2,791.49 2 0
github.com/e2eterraformprovider/terraform-provider-e2e/e2e/loadbalancer/resource_loadbalancer.go:791.49,795.39 3 0
github.com/e2eterraformprovider/terraform-provider-e2e/e2e/loadbalancer/resource_loadbalancer.go:795.39,796.36 1 0
github.com/e2eterraformprovider/terraform-provider-e2e/e2e/loadbalancer/resource_loadbalancer.go:796.36,798.5 1 0
github.com/e2eterraformprovider/terraform-provider-e2e/e2e/loadbalancer/resource_loadbalancer.go:798.10,800.5 1 0
github.com/e2eterraformprovider/terraform-provider-e2e/e2e/loadbalancer/resource_loadbalancer.go:805.2,812.16 3 0
github.com/e2eterraformprovider/terraform-provider-e2e/e2e/loadbalancer/resource_loadbalancer.go:812.16,814.3 1 0
github.com/e2eterraformprovider/terraform-provider-e2e/e2e/loadbalancer/resource_loadbalancer.go:817.2,817.41 1 0
github.com/e2eterraformprovider/terraform-provider-e2e/e2e/loadbalancer/resource_loadbalancer.go:817.41,820.3 2 0
github.com/e2eterraformprovider/terraform-provider-e2e/e2e/loadbalancer/resource_loadbalancer.go:822.2,822.67 1 0
github.com/e2eterraformprovider/terraform-provider-e2e/e2e/loadbalancer/resource_loadbalancer.go:822.67,824.3 1 0
github.com/e2eterraformprovider/terraform-provider-e2e/e2e/loadbalancer/resource_loadbalancer.go:824.8,826.3 1 0
github.com/e2eterraformprovider/terraform-provider-e2e/e2e/loadbalancer/resource_loadbalancer.go:829.2,829.51 1 0
github.com/e2eterraformprovider/terraform-provider-e2e/e2e/loadbalancer/resource_loadbalancer.go:829.51,831.3 1 0
github.com/e2eterraformprovider/terraform-provider-e2e/e2e/loadbalancer/resource_loadbalancer.go:833.2,833.14 1 0
github.com/e2eterraformprovider/terraform-provider-e2e/e2e/loadbalancer/resource_loadbalancer.go:836.110,842.16 4 0
github.com/e2eterraformprovider/terraform-provider-e2e/e2e/loadbalancer/resource_loadbalancer.go:842.16,844.3 1 0
github.com/e2eterraformprovider/terraform-provider-e2e/e2e/loadbalancer/resource_loadbalancer.go:846.2,847.16 2 0
github.com/e2eterraformprovider/terraform-provider-e2e/e2e/loadbalancer/resource_loadbalancer.go:847.16,849.3 1 0
github.com/e2eterraformprovider/terraform-provider-e2e/e2e/loadbalancer/resource_loadbalancer.go:851.2,855.16 3 0
github.com/e2eterraformprovider/terraform-provider-e2e/e2e/loadbalancer/resource_loadbalancer.go:855.16,857.3 1 0
github.com/e2eterraformprovider/terraform-provider-e2e/e2e/loadbalancer/resource_loadbalancer.go:860.2,861.16 2 0
github.com/e2eterraformprovider/terraform-provider-e2e/e2e/loadbalancer/resource_loadbalancer.go:861.16,863.3 1 0
github.com/e2eterraformprovider/terraform-provider-e2e/e2e/loadbalancer/resource_loadbalancer.go:865.2,865.46 1 0
github.com/e2eterraformprovider/terraform-provider-e2e/e2e/loadbalancer/resource_loadbalancer.go:865.46,868.53 2 0
github.com/e2eterraformprovider/terraform-provider-e2e/e2e/loadbalancer/resource_loadbalancer.go:868.53,870.4 1 0
github.com/e2eterraformprovider/terraform-provider-e2e/e2e/loadbalancer/resource_loadbalancer.go:872.3,876.17 3 0
github.com/e2eterraformprovider/terraform-provider-e2e/e2e/loadbalancer/resource_loadbalancer.go:876.17,878.4 1 0
github.com/e2eterraformprovider/terraform-provider-e2e/e2e/loadbalancer/resource_loadbalancer.go:880.3,881.86 2 0
github.com/e2eterraformprovider/terraform-provider-e2e/e2e/loadbalancer/resource_loadbalancer.go:881.86,883.4 1 0
github.com/e2eterraformprovider/terraform-provider-e2e/e2e/loadbalancer/resource_loadbalancer.go:883.9,885.4 1 0
github.com/e2eterraformprovider/terraform-provider-e2e/e2e/loadbalancer/resource_loadbalancer.go:886.3,886.138 1 0
github.com/e2eterraformprovider/terraform-provider-e2e/e2e/loadbalancer/resource_loadbalancer.go:886.138,888.4 1 0
github.com/e2eterraformprovider/terraform-provider-e2e/e2e/loadbalancer/resource_loadbalancer.go:889.3,889.45 1 0
github.com/e2eterraformprovider/terraform-provider-e2e/e2e/loadbalancer/resource_loadbalancer.go:892.2,892.39 1 0
github.com/e2eterraformprovider/terraform-provider-e2e/e2e/loadbalancer/resource_loadbalancer.go:892.39,896.17 4 0
github.com/e2eterraformprovider/terraform-provider-e2e/e2e/loadbalancer/resource_loadbalancer.go:896.17,898.4 1 0
github.com/e2eterraformprovider/terraform-provider-e2e/e2e/loadbalancer/resource_loadbalancer.go:899.3,900.17 2 0
github.com/e2eterraformprovider/terraform-provider-e2e/e2e/loadbalancer/resource_loadbalancer.go:900.17,902.4 1 0
github.com/e2eterraformprovider/terraform-provider-e2e/e2e/loadbalancer/resource_loadbalancer.go:903.3,903.26 1 0
github.com/e2eterraformprovider/terraform-provider-e2e/e2e/loadbalancer/resource_loadbalancer.go:903.26,905.4 1 0
github.com/e2eterraformprovider/terraform-provider-e2e/e2e/loadbalancer/resource_loadbalancer.go:906.3,912.17 3 0
github.com/e2eterraformprovider/terraform-provider-e2e/e2e/loadbalancer/resource_loadbalancer.go:912.17,914.4 1 0
github.com/e2eterraformprovider/terraform-provider-e2e/e2e/loadbalancer/resource_loadbalancer.go:916.3,916.155 1 0
github.com/e2eterraformprovider/terraform-provider-e2e/e2e/loadbalancer/resource_loadbalancer.go:916.155,918.4 1 0
github.com/e2eterraformprovider/terraform-provider-e2e/e2e/loadbalancer/resource_loadbalancer.go:919.3,919.45 1 0
github.com/e2eterraformprovider/terraform-provider-e2e/e2e/loadbalancer/resource_loadbalancer.go:922.2,922.52 1 0
github.com/e2eterraformprovider/terraform-provider-e2e/e2e/loadbalancer/resource_loadbalancer.go:922.52,924.3 1 0
github.com/e2eterraformprovider/terraform-provider-e2e/e2e/loadbalancer/resource_loadbalancer.go:927.2,927.78 1 0
github.com/e2eterraformprovider/terraform-provider-e2e/e2e/loadbalancer/resource_loadbalancer.go:927.78,929.52 2 0
github.com/e2eterraformprovider/terraform-provider-e2e/e2e/loadbalancer/resource_loadbalancer.go:929.52,931.4 1 0
github.com/e2eterraformprovider/terraform-provider-e2e/e2e/loadbalancer/resource_loadbalancer.go:931.9,931.63 1 0
github.com/e2eterraformprovider/terraform-provider-e2e/e2e/loadbalancer/resource_loadbalancer.go:931.63,933.4 1 0
github.com/e2eterraformprovider/terraform-provider-e2e/e2e/loadbalancer/resource_loadbalancer.go:935.3,940.17 3 0
github.com/e2eterraformprovider/terraform-provider-e2e/e2e/loadbalancer/resource_loadbalancer.go:940.17,942.4 1 0
github.com/e2eterraformprovider/terraform-provider-e2e/e2e/loadbalancer/resource_loadbalancer.go:944.3,944.45 1 0
github.com/e2eterraformprovider/terraform-provider-e2e/e2e/loadbalancer/resource_loadbalancer.go:948.2,948.39 1 0
github.com/e2eterraformprovider/terraform-provider-e2e/e2e/loadbalancer/resource_loadbalancer.go:948.39,950.52 1 0
github.com/e2eterraformprovider/terraform-provider-e2e/e2e/loadbalancer/resource_loadbalancer.go:950.52,952.4 1 0
github.com/e2eterraformprovider/terraform-provider-e2e/e2e/loadbalancer/resource_loadbalancer.go:956.2,956.37 1 0
github.com/e2eterraformprovider/terraform-provider-e2e/e2e/loadbalancer/resource_loadbalancer.go:956.37,959.18 3 0
github.com/e2eterraformprovider/terraform-provider-e2e/e2e/loadbalancer/resource_loadbalancer.go:959.18,963.4 1 0
github.com/e2eterraformprovider/terraform-provider-e2e/e2e/loadbalancer/resource_loadbalancer.go:963.9,966.51 2 0
github.com/e2eterraformprovider/terraform-provider-e2e/e2e/loadbalancer/resource_loadbalancer.go:966.51,968.5 1 0
github.com/e2eterraformprovider/terraform-provider-e2e/e2e/loadbalancer/resource_loadbalancer.go:969.4,972.5 1 0
github.com/e2eterraformprovider/terraform-provider-e2e/e2e/loadbalancer/resource_loadbalancer.go:974.3,975.17 2 0
github.com/e2eterraformprovider/terraform-provider-e2e/e2e/loadbalancer/resource_loadbalancer.go:975.17,977.4 1 0
github.com/e2eterraformprovider/terraform-provider-e2e/e2e/loadbalancer/resource_loadbalancer.go:978.3,978.45 1 0
github.com/e2eterraformprovider/terraform-provider-e2e/e2e/loadbalancer/resource_loadbalancer.go:981.2,982.18 2 0
github.com/e2eterraformprovider/terraform-provider-e2e/e2e/loadbalancer/resource_loadbalancer.go:982.18,984.3 1 0
github.com/e2eterraformprovider/terraform-provider-e2e/e2e/loadbalancer/resource_loadbalancer.go:987.2,1001.16 3 0
github.com/e2eterraformprovider/terraform-provider-e2e/e2e/loadbalancer/resource_loadbalancer.go:1001.16,1003.3 1 0
github.com/e2eterraformprovider/terraform-provider-e2e/e2e/loadbalancer/resource_loadbalancer.go:1005.2,1005.29 1 0
github.com/e2eterraformprovider/terraform-provider-e2e/e2e/loadbalancer/resource_loadbalancer.go:1005.29,1007.3 1 0
github.com/e2eterraformprovider/terraform-provider-e2e/e2e/loadbalancer/resource_loadbalancer.go:1008.2,1008.44 1 0
github.com/e2eterraformprovider/terraform-provider-e2e/e2e/loadbalancer/resource_loadbalancer.go:1011.110,1017.16 5 0
github.com/e2eterraformprovider/terraform-provider-e2e/e2e/loadbalancer/resource_loadbalancer.go:1017.16,1019.3 1 0
github.com/e2eterraformprovider/terraform-provider-e2e/e2e/loadbalancer/resource_loadbalancer.go:1021.2,1022.16 2 0
github.com/e2eterraformprovider/terraform-provider-e2e/e2e/loadbalancer/resource_loadbalancer.go:1022.16,1024.3 1 0
github.com/e2eterraformprovider/terraform-provider-e2e/e2e/loadbalancer/resource_loadbalancer.go:1026.2,1029.55 3 0
github.com/e2eterraformprovider/terraform-provider-e2e/e2e/loadbalancer/resource_loadbalancer.go:1029.55,1031.3 1 0
github.com/e2eterraformprovider/terraform-provider-e2e/e2e/loadbalancer/resource_loadbalancer.go:1034.2,1035.16 2 0
github.com/e2eterraformprovider/terraform-provider-e2e/e2e/loadbalancer/resource_loadbalancer.go:1035.16,1037.3 1 0
github.com/e2eterraformprovider/terraform-provider-e2e/e2e/loadbalancer/resource_loadbalancer.go:1039.2,1040.16 2 0
github.com/e2eterraformprovider/terraform-provider-e2e/e2e/loadbalancer/resource_loadbalancer.go:1040.16,1042.3 1 0
github.com/e2eterraformprovider/terraform-provider-e2e/e2e/loadbalancer/resource_loadbalancer.go:1045.2,1046.120 2 0
github.com/e2eterraformprovider/terraform-provider-e2e/e2e/loadbalancer/resource_loadbalancer.go:1046.120,1049.3 1 0
github.com/e2eterraformprovider/terraform-provider-e2e/e2e/loadbalancer/resource_loadbalancer.go:1051.2,1052.14 2 0
github.com/e2eterraformprovider/terraform-provider-e2e/e2e/loadbalancer/resource_loadbalancer.go:1055.86,1057.2 1 0
github.com/e2eterraformprovider/terraform-provider-e2e/e2e/loadbalancer/resource_loadbalancer.go:1060.54,1062.20 2 0
github.com/e2eterraformprovider/terraform-provider-e2e/e2e/loadbalancer/resource_loadbalancer.go:1062.20,1064.3 1 0
github.com/e2eterraformprovider/terraform-provider-e2e/e2e/loadbalancer/resource_loadbalancer.go:1065.2,1065.31 1 0
github.com/e2eterraformprovider/terraform-provider-e2e/e2e/loadbalancer/resource_loadbalancer.go:1069.56,1149.2 1 1
github.com/e2eterraformprovider/terraform-provider-e2e/e2e/loadbalancer/resource_loadbalancer.go:1153.149,1155.87 1 24
github.com/e2eterraformprovider/terraform-provider-e2e/e2e/loadbalancer/resource_loadbalancer.go:1155.87,1156.109 1 5
github.com/e2eterraformprovider/terraform-provider-e2e/e2e/loadbalancer/resource_loadbalancer.go:1156.109,1158.4 1 4
github.com/e2eterraformprovider/terraform-provider-e2e/e2e/loadbalancer/resource_loadbalancer.go:1163.2,1163.81 1 24
github.com/e2eterraformprovider/terraform-provider-e2e/e2e/loadbalancer/resource_loadbalancer.go:1163.81,1164.101 1 22
github.com/e2eterraformprovider/terraform-provider-e2e/e2e/loadbalancer/resource_loadbalancer.go:1164.101,1166.4 1 21
github.com/e2eterraformprovider/terraform-provider-e2e/e2e/loadbalancer/resource_loadbalancer.go:1171.2,1171.84 1 24
github.com/e2eterraformprovider/terraform-provider-e2e/e2e/loadbalancer/resource_loadbalancer.go:1171.84,1172.109 1 5
github.com/e2eterraformprovider/terraform-provider-e2e/e2e/loadbalancer/resource_loadbalancer.go:1172.109,1174.4 1 4
github.com/e2eterraformprovider/terraform-provider-e2e/e2e/loadbalancer/resource_loadbalancer.go:1179.2,1179.74 1 24
github.com/e2eterraformprovider/terraform-provider-e2e/e2e/loadbalancer/resource_loadbalancer.go:1179.74,1180.145 1 5
github.com/e2eterraformprovider/terraform-provider-e2e/e2e/loadbalancer/resource_loadbalancer.go:1180.145,1182.4 1 3
github.com/e2eterraformprovider/terraform-provider-e2e/e2e/loadbalancer/resource_loadbalancer.go:1187.2,1187.77 1 24
github.com/e2eterraformprovider/terraform-provider-e2e/e2e/loadbalancer/resource_loadbalancer.go:1187.77,1188.149 1 5
github.com/e2eterraformprovider/terraform-provider-e2e/e2e/loadbalancer/resource_loadbalancer.go:1188.149,1190.4 1 3
github.com/e2eterraformprovider/terraform-provider-e2e/e2e/loadbalancer/resource_loadbalancer.go:1195.2,1195.51 1 24
github.com/e2eterraformprovider/terraform-provider-e2e/e2e/loadbalancer/resource_loadbalancer.go:1195.51,1197.66 1 23
github.com/e2eterraformprovider/terraform-provider-e2e/e2e/loadbalancer/resource_loadbalancer.go:1197.66,1199.4 1 6
github.com/e2eterraformprovider/terraform-provider-e2e/e2e/loadbalancer/resource_loadbalancer.go:1199.9,1201.4 1 17
github.com/e2eterraformprovider/terraform-provider-e2e/e2e/loadbalancer/resource_loadbalancer.go:1204.2,1204.50 1 24
github.com/e2eterraformprovider/terraform-provider-e2e/e2e/loadbalancer/resource_loadbalancer.go:1204.50,1206.3 1 23
github.com/e2eterraformprovider/terraform-provider-e2e/e2e/loadbalancer/resource_loadbalancer.go:1208.2,1208.22 1 24
github.com/e2eterraformprovider/terraform-provider-e2e/e2e/loadbalancer/resource_loadbalancer.go:1212.55,1213.16 1 42
github.com/e2eterraformprovider/terraform-provider-e2e/e2e/loadbalancer/resource_loadbalancer.go:1214.73,1215.40 1 7
github.com/e2eterraformprovider/terraform-provider-e2e/e2e/loadbalancer/resource_loadbalancer.go:1216.38,1217.39 1 7
github.com/e2eterraformprovider/terraform-provider-e2e/e2e/loadbalancer/resource_loadbalancer.go:1218.41,1219.39 1 4
github.com/e2eterraformprovider/terraform-provider-e2e/e2e/loadbalancer/resource_loadbalancer.go:1220.40,1221.41 1 4
github.com/e2eterraformprovider/terraform-provider-e2e/e2e/loadbalancer/resource_loadbalancer.go:1222.46,1223.37 1 6
github.com/e2eterraformprovider/terraform-provider-e2e/e2e/loadbalancer/resource_loadbalancer.go:1224.10,1225.33 1 14
github.com/e2eterraformprovider/terraform-provider-e2e/e2e/node/datasource_node.go:14.40,91.2 1 8
github.com/e2eterraformprovider/terraform-provider-e2e/e2e/node/datasource_node.go:92.102,100.16 5 7
github.com/e2eterraformprovider/terraform-provider-e2e/e2e/node/datasource_node.go:100.16,102.3 1 1
github.com/e2eterraformprovider/terraform-provider-e2e/e2e/node/datasource_node.go:105.2,106.16 2 6
github.com/e2eterraformprovider/terraform-provider-e2e/e2e/node/datasource_node.go:106.16,108.3 1 1
github.com/e2eterraformprovider/terraform-provider-e2e/e2e/node/datasource_node.go:110.2,111.16 2 5
github.com/e2eterraformprovider/terraform-provider-e2e/e2e/node/datasource_node.go:111.16,113.3 1 0
github.com/e2eterraformprovider/terraform-provider-e2e/e2e/node/datasource_node.go:115.2,117.16 3 5
github.com/e2eterraformprovider/terraform-provider-e2e/e2e/node/datasource_node.go:117.16,118.49 1 3
github.com/e2eterraformprovider/terraform-provider-e2e/e2e/node/datasource_node.go:118.49,120.4 1 2
github.com/e2eterraformprovider/terraform-provider-e2e/e2e/node/datasource_node.go:121.3,121.71 1 1
github.com/e2eterraformprovider/terraform-provider-e2e/e2e/node/datasource_node.go:124.2,124.17 1 2
github.com/e2eterraformprovider/terraform-provider-e2e/e2e/node/datasource_node.go:124.17,126.3 1 1
github.com/e2eterraformprovider/terraform-provider-e2e/e2e/node/datasource_node.go:128.2,144.14 16 1
github.com/e2eterraformprovider/terraform-provider-e2e/e2e/node/datasource_nodes.go:15.41,74.2 1 1
github.com/e2eterraformprovider/terraform-provider-e2e/e2e/node/datasource_nodes.go:76.103,84.16 5 0
github.com/e2eterraformprovider/terraform-provider-e2e/e2e/node/datasource_nodes.go:84.16,86.3 1 0
github.com/e2eterraformprovider/terraform-provider-e2e/e2e/node/datasource_nodes.go:89.2,90.16 2 0
github.com/e2eterraformprovider/terraform-provider-e2e/e2e/node/datasource_nodes.go:90.16,92.3 1 0
github.com/e2eterraformprovider/terraform-provider-e2e/e2e/node/datasource_nodes.go:94.2,95.16 2 0
github.com/e2eterraformprovider/terraform-provider-e2e/e2e/node/datasource_nodes.go:95.16,97.3 1 0
github.com/e2eterraformprovider/terraform-provider-e2e/e2e/node/datasource_nodes.go:99.2,100.16 2 0
github.com/e2eterraformprovider/terraform-provider-e2e/e2e/node/datasource_nodes.go:100.16,102.3 1 0
github.com/e2eterraformprovider/terraform-provider-e2e/e2e/node/datasource_nodes.go:103.2,108.14 5 0
github.com/e2eterraformprovider/terraform-provider-e2e/e2e/node/datasource_nodes.go:111.53,113.18 1 10
github.com/e2eterraformprovider/terraform-provider-e2e/e2e/node/datasource_nodes.go:113.18,116.30 2 9
github.com/e2eterraformprovider/terraform-provider-e2e/e2e/node/datasource_nodes.go:116.30,119.62 2 9
github.com/e2eterraformprovider/terraform-provider-e2e/e2e/node/datasource_nodes.go:119.62,121.5 1 8
github.com/e2eterraformprovider/terraform-provider-e2e/e2e/node/datasource_nodes.go:121.10,123.5 1 1
github.com/e2eterraformprovider/terraform-provider-e2e/e2e/node/datasource_nodes.go:124.4,131.15 7 9
github.com/e2eterraformprovider/terraform-provider-e2e/e2e/node/datasource_nodes.go:134.3,134.13 1 9
github.com/e2eterraformprovider/terraform-provider-e2e/e2e/node/datasource_nodes.go:136.2,136.31 1 1
github.com/e2eterraformprovider/terraform-provider-e2e/e2e/node/helpers.go:14.136,18.16 4 0
github.com/e2eterraformprovider/terraform-provider-e2e/e2e/node/helpers.go:18.16,20.3 1 0
github.com/e2eterraformprovider/terraform-provider-e2e/e2e/node/helpers.go:22.2,23.42 2 0
github.com/e2eterraformprovider/terraform-provider-e2e/e2e/node/helpers.go:23.42,26.30 3 0
github.com/e2eterraformprovider/terraform-provider-e2e/e2e/node/helpers.go:26.30,29.18 3 0
github.com/e2eterraformprovider/terraform-provider-e2e/e2e/node/helpers.go:29.18,31.5 1 0
github.com/e2eterraformprovider/terraform-provider-e2e/e2e/node/helpers.go:32.4,32.54 1 0
github.com/e2eterraformprovider/terraform-provider-e2e/e2e/node/helpers.go:34.3,34.27 1 0
github.com/e2eterraformprovider/terraform-provider-e2e/e2e/node/helpers.go:36.2,36.17 1 0
github.com/e2eterraformprovider/terraform-provider-e2e/e2e/node/helpers.go:41.144,45.16 4 0
github.com/e2eterraformprovider/terraform-provider-e2e/e2e/node/helpers.go:45.16,47.3 1 0
github.com/e2eterraformprovider/terraform-provider-e2e/e2e/node/helpers.go:49.2,50.27 2 0
github.com/e2eterraformprovider/terraform-provider-e2e/e2e/node/helpers.go:50.27,52.3 1 0
github.com/e2eterraformprovider/terraform-provider-e2e/e2e/node/helpers.go:54.2,56.42 3 0
github.com/e2eterraformprovider/terraform-provider-e2e/e2e/node/helpers.go:56.42,61.17 3 0
github.com/e2eterraformprovider/terraform-provider-e2e/e2e/node/helpers.go:61.17,63.4 1 0
github.com/e2eterraformprovider/terraform-provider-e2e/e2e/node/helpers.go:66.3,66.26 1 0
github.com/e2eterraformprovider/terraform-provider-e2e/e2e/node/helpers.go:66.26,68.4 1 0
github.com/e2eterraformprovider/terraform-provider-e2e/e2e/node/helpers.go:71.3,72.57 2 0
github.com/e2eterraformprovider/terraform-provider-e2e/e2e/node/helpers.go:75.2,75.28 1 0
github.com/e2eterraformprovider/terraform-provider-e2e/e2e/node/helpers.go:78.102,82.16 4 0
github.com/e2eterraformprovider/terraform-provider-e2e/e2e/node/helpers.go:82.16,84.3 1 0
github.com/e2eterraformprovider/terraform-provider-e2e/e2e/node/helpers.go:86.2,88.16 3 0
github.com/e2eterraformprovider/terraform-provider-e2e/e2e/node/helpers.go:88.16,90.3 1 0
github.com/e2eterraformprovider/terraform-provider-e2e/e2e/node/helpers.go:92.2,92.71 1 0
github.com/e2eterraformprovider/terraform-provider-e2e/e2e/node/helpers.go:92.71,94.3 1 0
github.com/e2eterraformprovider/terraform-provider-e2e/e2e/node/helpers.go:95.2,95.12 1 0
github.com/e2eterraformprovider/terraform-provider-e2e/e2e/node/helpers.go:98.57,100.24 2 3
github.com/e2eterraformprovider/terraform-provider-e2e/e2e/node/helpers.go:100.24,102.3 1 2
github.com/e2eterraformprovider/terraform-provider-e2e/e2e/node/helpers.go:103.2,103.21 1 3
github.com/e2eterraformprovider/terraform-provider-e2e/e2e/node/helpers.go:112.79,113.22 1 5
github.com/e2eterraformprovider/terraform-provider-e2e/e2e/node/helpers.go:113.22,115.3 1 1
github.com/e2eterraformprovider/terraform-provider-e2e/e2e/node/helpers.go:117.2,120.44 3 4
github.com/e2eterraformprovider/terraform-provider-e2e/e2e/node/helpers.go:120.44,122.3 1 3
github.com/e2eterraformprovider/terraform-provider-e2e/e2e/node/helpers.go:124.2,125.53 2 4
github.com/e2eterraformprovider/terraform-provider-e2e/e2e/node/helpers.go:125.53,127.3 1 2
github.com/e2eterraformprovider/terraform-provider-e2e/e2e/node/helpers.go:129.2,130.49 2 4
github.com/e2eterraformprovider/terraform-provider-e2e/e2e/node/helpers.go:130.49,132.3 1 1
github.com/e2eterraformprovider/terraform-provider-e2e/e2e/node/helpers.go:134.2,135.67 2 4
github.com/e2eterraformprovider/terraform-provider-e2e/e2e/node/helpers.go:135.67,138.29 3 3
github.com/e2eterraformprovider/terraform-provider-e2e/e2e/node/helpers.go:138.29,140.4 1 4
github.com/e2eterraformprovider/terraform-provider-e2e/e2e/node/helpers.go:143.2,143.60 1 4
github.com/e2eterraformprovider/terraform-provider-e2e/e2e/node/helpers.go:147.119,150.17 2 4
github.com/e2eterraformprovider/terraform-provider-e2e/e2e/node/helpers.go:150.17,152.3 1 3
github.com/e2eterraformprovider/terraform-provider-e2e/e2e/node/helpers.go:155.2,160.31 3 4
github.com/e2eterraformprovider/terraform-provider-e2e/e2e/node/helpers.go:160.31,162.39 2 2
github.com/e2eterraformprovider/terraform-provider-e2e/e2e/node/helpers.go:162.39,164.4 1 3
github.com/e2eterraformprovider/terraform-provider-e2e/e2e/node/helpers.go:165.3,165.48 1 2
github.com/e2eterraformprovider/terraform-provider-e2e/e2e/node/helpers.go:168.2,168.26 1 4
github.com/e2eterraformprovider/terraform-provider-e2e/e2e/node/helpers.go:173.57,174.22 1 5
github.com/e2eterraformprovider/terraform-provider-e2e/e2e/node/helpers.go:174.22,176.3 1 1
github.com/e2eterraformprovider/terraform-provider-e2e/e2e/node/helpers.go:178.2,181.45 3 4
github.com/e2eterraformprovider/terraform-provider-e2e/e2e/node/helpers.go:181.45,183.3 1 2
github.com/e2eterraformprovider/terraform-provider-e2e/e2e/node/helpers.go:185.2,186.59 2 4
github.com/e2eterraformprovider/terraform-provider-e2e/e2e/node/helpers.go:186.59,188.3 1 2
github.com/e2eterraformprovider/terraform-provider-e2e/e2e/node/helpers.go:190.2,190.25 1 4
github.com/e2eterraformprovider/terraform-provider-e2e/e2e/node/helpers.go:194.70,205.2 4 3
github.com/e2eterraformprovider/terraform-provider-e2e/e2e/node/resource_node.go:44.38,515.2 1 10
github.com/e2eterraformprovider/terraform-provider-e2e/e2e/node/resource_node.go:517.70,522.9 4 16
github.com/e2eterraformprovider/terraform-provider-e2e/e2e/node/resource_node.go:522.9,525.3 2 2
github.com/e2eterraformprovider/terraform-provider-e2e/e2e/node/resource_node.go:526.2,526.21 1 14
github.com/e2eterraformprovider/terraform-provider-e2e/e2e/node/resource_node.go:526.21,529.3 2 1
github.com/e2eterraformprovider/terraform-provider-e2e/e2e/node/resource_node.go:530.2,531.43 2 13
github.com/e2eterraformprovider/terraform-provider-e2e/e2e/node/resource_node.go:531.43,534.3 2 5
github.com/e2eterraformprovider/terraform-provider-e2e/e2e/node/resource_node.go:535.2,535.20 1 8
github.com/e2eterraformprovider/terraform-provider-e2e/e2e/node/resource_node.go:538.98,540.51 1 0
github.com/e2eterraformprovider/terraform-provider-e2e/e2e/node/resource_node.go:540.51,542.3 1 0
github.com/e2eterraformprovider/terraform-provider-e2e/e2e/node/resource_node.go:544.2,544.53 1 0
github.com/e2eterraformprovider/terraform-provider-e2e/e2e/node/resource_node.go:544.53,546.3 1 0
github.com/e2eterraformprovider/terraform-provider-e2e/e2e/node/resource_node.go:548.2,548.61 1 0
github.com/e2eterraformprovider/terraform-provider-e2e/e2e/node/resource_node.go:548.61,549.47 1 0
github.com/e2eterraformprovider/terraform-provider-e2e/e2e/node/resource_node.go:549.47,551.4 1 0
github.com/e2eterraformprovider/terraform-provider-e2e/e2e/node/resource_node.go:555.2,555.51 1 0
github.com/e2eterraformprovider/terraform-provider-e2e/e2e/node/resource_node.go:555.51,557.70 2 0
github.com/e2eterraformprovider/terraform-provider-e2e/e2e/node/resource_node.go:557.70,559.63 1 0
github.com/e2eterraformprovider/terraform-provider-e2e/e2e/node/resource_node.go:559.63,560.49 1 0
github.com/e2eterraformprovider/terraform-provider-e2e/e2e/node/resource_node.go:560.49,562.6 1 0
github.com/e2eterraformprovider/terraform-provider-e2e/e2e/node/resource_node.go:567.2,567.12 1 0
github.com/e2eterraformprovider/terraform-provider-e2e/e2e/node/resource_node.go:570.102,576.16 4 0
github.com/e2eterraformprovider/terraform-provider-e2e/e2e/node/resource_node.go:576.16,578.3 1 0
github.com/e2eterraformprovider/terraform-provider-e2e/e2e/node/resource_node.go:581.2,582.16 2 0
github.com/e2eterraformprovider/terraform-provider-e2e/e2e/node/resource_node.go:582.16,584.3 1 0
github.com/e2eterraformprovider/terraform-provider-e2e/e2e/node/resource_node.go:587.2,590.61 3 0
github.com/e2eterraformprovider/terraform-provider-e2e/e2e/node/resource_node.go:590.61,599.17 4 0
github.com/e2eterraformprovider/terraform-provider-e2e/e2e/node/resource_node.go:599.17,601.4 1 0
github.com/e2eterraformprovider/terraform-provider-e2e/e2e/node/resource_node.go:602.3,603.91 2 0
github.com/e2eterraformprovider/terraform-provider-e2e/e2e/node/resource_node.go:604.8,604.69 1 0
github.com/e2eterraformprovider/terraform-provider-e2e/e2e/node/resource_node.go:604.69,610.17 4 0
github.com/e2eterraformprovider/terraform-provider-e2e/e2e/node/resource_node.go:610.17,612.4 1 0
github.com/e2eterraformprovider/terraform-provider-e2e/e2e/node/resource_node.go:613.3,614.31 2 0
github.com/e2eterraformprovider/terraform-provider-e2e/e2e/node/resource_node.go:618.2,619.30 2 0
github.com/e2eterraformprovider/terraform-provider-e2e/e2e/node/resource_node.go:619.30,621.3 1 0
github.com/e2eterraformprovider/terraform-provider-e2e/e2e/node/resource_node.go:623.2,623.30 1 0
github.com/e2eterraformprovider/terraform-provider-e2e/e2e/node/resource_node.go:623.30,625.3 1 0
github.com/e2eterraformprovider/terraform-provider-e2e/e2e/node/resource_node.go:626.2,627.31 2 0
github.com/e2eterraformprovider/terraform-provider-e2e/e2e/node/resource_node.go:627.31,632.17 3 0
github.com/e2eterraformprovider/terraform-provider-e2e/e2e/node/resource_node.go:632.17,634.4 1 0
github.com/e2eterraformprovider/terraform-provider-e2e/e2e/node/resource_node.go:635.3,637.19 3 0
github.com/e2eterraformprovider/terraform-provider-e2e/e2e/node/resource_node.go:637.19,639.4 1 0
github.com/e2eterraformprovider/terraform-provider-e2e/e2e/node/resource_node.go:642.2,644.16 3 0
github.com/e2eterraformprovider/terraform-provider-e2e/e2e/node/resource_node.go:644.16,646.3 1 0
github.com/e2eterraformprovider/terraform-provider-e2e/e2e/node/resource_node.go:648.2,651.16 3 0
github.com/e2eterraformprovider/terraform-provider-e2e/e2e/node/resource_node.go:651.16,654.3 2 0
github.com/e2eterraformprovider/terraform-provider-e2e/e2e/node/resource_node.go:655.2,659.77 4 0
github.com/e2eterraformprovider/terraform-provider-e2e/e2e/node/resource_node.go:659.77,660.32 1 0
github.com/e2eterraformprovider/terraform-provider-e2e/e2e/node/resource_node.go:660.32,661.95 1 0
github.com/e2eterraformprovider/terraform-provider-e2e/e2e/node/resource_node.go:661.95,663.32 2 0
github.com/e2eterraformprovider/terraform-provider-e2e/e2e/node/resource_node.go:663.32,666.6 2 0
github.com/e2eterraformprovider/terraform-provider-e2e/e2e/node/resource_node.go:672.2,673.65 2 0
github.com/e2eterraformprovider/terraform-provider-e2e/e2e/node/resource_node.go:673.65,676.3 1 0
github.com/e2eterraformprovider/terraform-provider-e2e/e2e/node/resource_node.go:676.8,676.71 1 0
github.com/e2eterraformprovider/terraform-provider-e2e/e2e/node/resource_node.go:676.71,680.3 2 0
github.com/e2eterraformprovider/terraform-provider-e2e/e2e/node/resource_node.go:684.2,687.65 4 0
github.com/e2eterraformprovider/terraform-provider-e2e/e2e/node/resource_node.go:687.65,696.3 2 0
github.com/e2eterraformprovider/terraform-provider-e2e/e2e/node/resource_node.go:699.2,700.57 2 0
github.com/e2eterraformprovider/terraform-provider-e2e/e2e/node/resource_node.go:700.57,702.17 2 0
github.com/e2eterraformprovider/terraform-provider-e2e/e2e/node/resource_node.go:702.17,705.4 2 0
github.com/e2eterraformprovider/terraform-provider-e2e/e2e/node/resource_node.go:709.2,710.19 2 0
github.com/e2eterraformprovider/terraform-provider-e2e/e2e/node/resource_node.go:710.19,712.3 1 0
github.com/e2eterraformprovider/terraform-provider-e2e/e2e/node/resource_node.go:714.2,715.18 2 0
github.com/e2eterraformprovider/terraform-provider-e2e/e2e/node/resource_node.go:715.18,717.3 1 0
github.com/e2eterraformprovider/terraform-provider-e2e/e2e/node/resource_node.go:720.2,721.36 2 0
github.com/e2eterraformprovider/terraform-provider-e2e/e2e/node/resource_node.go:721.36,722.37 1 0
github.com/e2eterraformprovider/terraform-provider-e2e/e2e/node/resource_node.go:722.37,724.4 1 0
github.com/e2eterraformprovider/terraform-provider-e2e/e2e/node/resource_node.go:728.2,729.92 2 0
github.com/e2eterraformprovider/terraform-provider-e2e/e2e/node/resource_node.go:729.92,730.52 1 0
github.com/e2eterraformprovider/terraform-provider-e2e/e2e/node/resource_node.go:730.52,732.4 1 0
github.com/e2eterraformprovider/terraform-provider-e2e/e2e/node/resource_node.go:736.2,757.17 2 0
github.com/e2eterraformprovider/terraform-provider-e2e/e2e/node/resource_node.go:757.17,759.17 2 0
github.com/e2eterraformprovider/terraform-provider-e2e/e2e/node/resource_node.go:759.17,761.4 1 0
github.com/e2eterraformprovider/terraform-provider-e2e/e2e/node/resource_node.go:762.3,762.28 1 0
github.com/e2eterraformprovider/terraform-provider-e2e/e2e/node/resource_node.go:762.28,764.4 1 0
github.com/e2eterraformprovider/terraform-provider-e2e/e2e/node/resource_node.go:767.2,768.16 2 0
github.com/e2eterraformprovider/terraform-provider-e2e/e2e/node/resource_node.go:768.16,770.3 1 0
github.com/e2eterraformprovider/terraform-provider-e2e/e2e/node/resource_node.go:777.2,777.48 1 0
github.com/e2eterraformprovider/terraform-provider-e2e/e2e/node/resource_node.go:777.48,783.36 4 0
github.com/e2eterraformprovider/terraform-provider-e2e/e2e/node/resource_node.go:783.36,790.25 7 0
github.com/e2eterraformprovider/terraform-provider-e2e/e2e/node/resource_node.go:790.25,792.5 1 0
github.com/e2eterraformprovider/terraform-provider-e2e/e2e/node/resource_node.go:794.8,798.3 1 0
github.com/e2eterraformprovider/terraform-provider-e2e/e2e/node/resource_node.go:801.2,801.28 1 0
github.com/e2eterraformprovider/terraform-provider-e2e/e2e/node/resource_node.go:801.28,802.54 1 0
github.com/e2eterraformprovider/terraform-provider-e2e/e2e/node/resource_node.go:802.54,804.4 1 0
github.com/e2eterraformprovider/terraform-provider-e2e/e2e/node/resource_node.go:804.9,806.4 1 0
github.com/e2eterraformprovider/terraform-provider-e2e/e2e/node/resource_node.go:808.2,808.14 1 0
github.com/e2eterraformprovider/terraform-provider-e2e/e2e/node/resource_node.go:811.100,821.16 7 0
github.com/e2eterraformprovider/terraform-provider-e2e/e2e/node/resource_node.go:821.16,823.3 1 0
github.com/e2eterraformprovider/terraform-provider-e2e/e2e/node/resource_node.go:826.2,827.16 2 0
github.com/e2eterraformprovider/terraform-provider-e2e/e2e/node/resource_node.go:827.16,829.3 1 0
github.com/e2eterraformprovider/terraform-provider-e2e/e2e/node/resource_node.go:831.2,832.16 2 0
github.com/e2eterraformprovider/terraform-provider-e2e/e2e/node/resource_node.go:832.16,834.3 1 0
github.com/e2eterraformprovider/terraform-provider-e2e/e2e/node/resource_node.go:836.2,837.16 2 0
github.com/e2eterraformprovider/terraform-provider-e2e/e2e/node/resource_node.go:837.16,838.49 1 0
github.com/e2eterraformprovider/terraform-provider-e2e/e2e/node/resource_node.go:838.49,841.4 2 0
github.com/e2eterraformprovider/terraform-provider-e2e/e2e/node/resource_node.go:841.9,843.4 1 0
github.com/e2eterraformprovider/terraform-provider-e2e/e2e/node/resource_node.go:845.2,845.17 1 0
github.com/e2eterraformprovider/terraform-provider-e2e/e2e/node/resource_node.go:845.17,848.3 2 0
github.com/e2eterraformprovider/terraform-provider-e2e/e2e/node/resource_node.go:849.2,865.28 14 0
github.com/e2eterraformprovider/terraform-provider-e2e/e2e/node/resource_node.go:865.28,867.3 1 0
github.com/e2eterraformprovider/terraform-provider-e2e/e2e/node/resource_node.go:869.2,873.53 2 0
github.com/e2eterraformprovider/terraform-provider-e2e/e2e/node/resource_node.go:873.54,875.3 0 0
github.com/e2eterraformprovider/terraform-provider-e2e/e2e/node/resource_node.go:875.8,878.3 1 0
github.com/e2eterraformprovider/terraform-provider-e2e/e2e/node/resource_node.go:881.2,881.19 1 0
github.com/e2eterraformprovider/terraform-provider-e2e/e2e/node/resource_node.go:881.19,883.3 1 0
github.com/e2eterraformprovider/terraform-provider-e2e/e2e/node/resource_node.go:885.2,886.105 2 0
github.com/e2eterraformprovider/terraform-provider-e2e/e2e/node/resource_node.go:886.105,888.3 1 0
github.com/e2eterraformprovider/terraform-provider-e2e/e2e/node/resource_node.go:889.2,889.56 1 0
github.com/e2eterraformprovider/terraform-provider-e2e/e2e/node/resource_node.go:889.56,891.3 1 0
github.com/e2eterraformprovider/terraform-provider-e2e/e2e/node/resource_node.go:892.2,893.16 2 0
github.com/e2eterraformprovider/terraform-provider-e2e/e2e/node/resource_node.go:893.16,896.3 2 0
github.com/e2eterraformprovider/terraform-provider-e2e/e2e/node/resource_node.go:897.2,900.14 3 0
github.com/e2eterraformprovider/terraform-provider-e2e/e2e/node/resource_node.go:904.102,911.16 4 0
github.com/e2eterraformprovider/terraform-provider-e2e/e2e/node/resource_node.go:911.16,913.3 1 0
github.com/e2eterraformprovider/terraform-provider-e2e/e2e/node/resource_node.go:916.2,917.16 2 0
github.com/e2eterraformprovider/terraform-provider-e2e/e2e/node/resource_node.go:917.16,919.3 1 0
github.com/e2eterraformprovider/terraform-provider-e2e/e2e/node/resource_node.go:921.2,922.16 2 0
github.com/e2eterraformprovider/terraform-provider-e2e/e2e/node/resource_node.go:922.16,924.3 1 0
github.com/e2eterraformprovider/terraform-provider-e2e/e2e/node/resource_node.go:926.2,927.47 2 0
github.com/e2eterraformprovider/terraform-provider-e2e/e2e/node/resource_node.go:927.47,930.3 2 0
github.com/e2eterraformprovider/terraform-provider-e2e/e2e/node/resource_node.go:931.2,932.16 2 0
github.com/e2eterraformprovider/terraform-provider-e2e/e2e/node/resource_node.go:932.16,934.3 1 0
github.com/e2eterraformprovider/terraform-provider-e2e/e2e/node/resource_node.go:936.2,936.33 1 0
github.com/e2eterraformprovider/terraform-provider-e2e/e2e/node/resource_node.go:936.33,940.3 3 0
github.com/e2eterraformprovider/terraform-provider-e2e/e2e/node/resource_node.go:942.2,942.25 1 0
github.com/e2eterraformprovider/terraform-provider-e2e/e2e/node/resource_node.go:942.25,948.17 4 0
github.com/e2eterraformprovider/terraform-provider-e2e/e2e/node/resource_node.go:948.17,950.4 1 0
github.com/e2eterraformprovider/terraform-provider-e2e/e2e/node/resource_node.go:953.2,953.46 1 0
github.com/e2eterraformprovider/terraform-provider-e2e/e2e/node/resource_node.go:953.46,955.109 2 0
github.com/e2eterraformprovider/terraform-provider-e2e/e2e/node/resource_node.go:955.109,959.4 3 0
github.com/e2eterraformprovider/terraform-provider-e2e/e2e/node/resource_node.go:960.3,960.45 1 0
github.com/e2eterraformprovider/terraform-provider-e2e/e2e/node/resource_node.go:960.45,962.4 1 0
github.com/e2eterraformprovider/terraform-provider-e2e/e2e/node/resource_node.go:963.3,965.54 3 0
github.com/e2eterraformprovider/terraform-provider-e2e/e2e/node/resource_node.go:965.54,967.4 1 0
github.com/e2eterraformprovider/terraform-provider-e2e/e2e/node/resource_node.go:967.9,967.62 1 0
github.com/e2eterraformprovider/terraform-provider-e2e/e2e/node/resource_node.go:967.62,969.4 1 0
github.com/e2eterraformprovider/terraform-provider-e2e/e2e/node/resource_node.go:969.9,971.4 1 0
github.com/e2eterraformprovider/terraform-provider-e2e/e2e/node/resource_node.go:972.3,972.17 1 0
github.com/e2eterraformprovider/terraform-provider-e2e/e2e/node/resource_node.go:972.17,974.4 1 0
github.com/e2eterraformprovider/terraform-provider-e2e/e2e/node/resource_node.go:977.2,977.43 1 0
github.com/e2eterraformprovider/terraform-provider-e2e/e2e/node/resource_node.go:977.43,978.165 1 0
github.com/e2eterraformprovider/terraform-provider-e2e/e2e/node/resource_node.go:978.165,980.4 1 0
github.com/e2eterraformprovider/terraform-provider-e2e/e2e/node/resource_node.go:981.3,981.45 1 0
github.com/e2eterraformprovider/terraform-provider-e2e/e2e/node/resource_node.go:981.45,983.18 2 0
github.com/e2eterraformprovider/terraform-provider-e2e/e2e/node/resource_node.go:983.18,985.5 1 0
github.com/e2eterraformprovider/terraform-provider-e2e/e2e/node/resource_node.go:987.3,987.46 1 0
github.com/e2eterraformprovider/terraform-provider-e2e/e2e/node/resource_node.go:987.46,989.18 2 0
github.com/e2eterraformprovider/terraform-provider-e2e/e2e/node/resource_node.go:989.18,991.5 1 0
github.com/e2eterraformprovider/terraform-provider-e2e/e2e/node/resource_node.go:995.2,995.45 1 0
github.com/e2eterraformprovider/terraform-provider-e2e/e2e/node/resource_node.go:995.45,997.47 1 0
github.com/e2eterraformprovider/terraform-provider-e2e/e2e/node/resource_node.go:997.47,999.166 2 0
github.com/e2eterraformprovider/terraform-provider-e2e/e2e/node/resource_node.go:999.166,1001.5 1 0
github.com/e2eterraformprovider/terraform-provider-e2e/e2e/node/resource_node.go:1002.4,1002.85 1 0
github.com/e2eterraformprovider/terraform-provider-e2e/e2e/node/resource_node.go:1002.85,1004.5 1 0
github.com/e2eterraformprovider/terraform-provider-e2e/e2e/node/resource_node.go:1005.4,1006.18 2 0
github.com/e2eterraformprovider/terraform-provider-e2e/e2e/node/resource_node.go:1006.18,1008.5 1 0
github.com/e2eterraformprovider/terraform-provider-e2e/e2e/node/resource_node.go:1011.2,1011.35 1 0
github.com/e2eterraformprovider/terraform-provider-e2e/e2e/node/resource_node.go:1011.35,1012.82 1 0
github.com/e2eterraformprovider/terraform-provider-e2e/e2e/node/resource_node.go:1012.82,1014.4 1 0
github.com/e2eterraformprovider/terraform-provider-e2e/e2e/node/resource_node.go:1015.3,1015.86 1 0
github.com/e2eterraformprovider/terraform-provider-e2e/e2e/node/resource_node.go:1015.86,1017.4 1 0
github.com/e2eterraformprovider/terraform-provider-e2e/e2e/node/resource_node.go:1018.3,1018.37 1 0
github.com/e2eterraformprovider/terraform-provider-e2e/e2e/node/resource_node.go:1018.37,1019.85 1 0
github.com/e2eterraformprovider/terraform-provider-e2e/e2e/node/resource_node.go:1019.85,1022.5 2 0
github.com/e2eterraformprovider/terraform-provider-e2e/e2e/node/resource_node.go:1023.4,1023.87 1 0
github.com/e2eterraformprovider/terraform-provider-e2e/e2e/node/resource_node.go:1023.87,1026.5 2 0
github.com/e2eterraformprovider/terraform-provider-e2e/e2e/node/resource_node.go:1027.4,1032.18 4 0
github.com/e2eterraformprovider/terraform-provider-e2e/e2e/node/resource_node.go:1032.18,1034.5 1 0
github.com/e2eterraformprovider/terraform-provider-e2e/e2e/node/resource_node.go:1038.2,1038.31 1 0
github.com/e2eterraformprovider/terraform-provider-e2e/e2e/node/resource_node.go:1038.31,1039.34 1 0
github.com/e2eterraformprovider/terraform-provider-e2e/e2e/node/resource_node.go:1039.34,1041.47 2 0
github.com/e2eterraformprovider/terraform-provider-e2e/e2e/node/resource_node.go:1041.47,1043.5 1 0
github.com/e2eterraformprovider/terraform-provider-e2e/e2e/node/resource_node.go:1045.4,1050.18 3 0
github.com/e2eterraformprovider/terraform-provider-e2e/e2e/node/resource_node.go:1050.18,1052.5 1 0
github.com/e2eterraformprovider/terraform-provider-e2e/e2e/node/resource_node.go:1056.2,1056.51 1 0
github.com/e2eterraformprovider/terraform-provider-e2e/e2e/node/resource_node.go:1056.51,1058.81 2 0
github.com/e2eterraformprovider/terraform-provider-e2e/e2e/node/resource_node.go:1058.81,1061.4 2 0
github.com/e2eterraformprovider/terraform-provider-e2e/e2e/node/resource_node.go:1062.3,1064.37 2 0
github.com/e2eterraformprovider/terraform-provider-e2e/e2e/node/resource_node.go:1064.37,1067.4 2 0
github.com/e2eterraformprovider/terraform-provider-e2e/e2e/node/resource_node.go:1068.3,1071.34 4 0
github.com/e2eterraformprovider/terraform-provider-e2e/e2e/node/resource_node.go:1071.34,1073.4 1 0
github.com/e2eterraformprovider/terraform-provider-e2e/e2e/node/resource_node.go:1074.3,1074.34 1 0
github.com/e2eterraformprovider/terraform-provider-e2e/e2e/node/resource_node.go:1074.34,1075.42 1 0
github.com/e2eterraformprovider/terraform-provider-e2e/e2e/node/resource_node.go:1075.42,1077.5 1 0
github.com/e2eterraformprovider/terraform-provider-e2e/e2e/node/resource_node.go:1077.10,1079.5 1 0
github.com/e2eterraformprovider/terraform-provider-e2e/e2e/node/resource_node.go:1081.3,1082.33 2 0
github.com/e2eterraformprovider/terraform-provider-e2e/e2e/node/resource_node.go:1082.33,1083.19 1 0
github.com/e2eterraformprovider/terraform-provider-e2e/e2e/node/resource_node.go:1083.19,1089.19 4 0
github.com/e2eterraformprovider/terraform-provider-e2e/e2e/node/resource_node.go:1089.19,1091.6 1 0
github.com/e2eterraformprovider/terraform-provider-e2e/e2e/node/resource_node.go:1092.5,1092.13 1 0
github.com/e2eterraformprovider/terraform-provider-e2e/e2e/node/resource_node.go:1094.4,1094.18 1 0
github.com/e2eterraformprovider/terraform-provider-e2e/e2e/node/resource_node.go:1094.18,1096.5 1 0
github.com/e2eterraformprovider/terraform-provider-e2e/e2e/node/resource_node.go:1098.3,1098.29 1 0
github.com/e2eterraformprovider/terraform-provider-e2e/e2e/node/resource_node.go:1098.29,1103.18 3 0
github.com/e2eterraformprovider/terraform-provider-e2e/e2e/node/resource_node.go:1103.18,1105.5 1 0
github.com/e2eterraformprovider/terraform-provider-e2e/e2e/node/resource_node.go:1109.2,1109.40 1 0
github.com/e2eterraformprovider/terraform-provider-e2e/e2e/node/resource_node.go:1109.40,1115.17 4 0
github.com/e2eterraformprovider/terraform-provider-e2e/e2e/node/resource_node.go:1115.17,1117.4 1 0
github.com/e2eterraformprovider/terraform-provider-e2e/e2e/node/resource_node.go:1120.2,1120.29 1 0
github.com/e2eterraformprovider/terraform-provider-e2e/e2e/node/resource_node.go:1120.29,1129.17 6 0
github.com/e2eterraformprovider/terraform-provider-e2e/e2e/node/resource_node.go:1129.17,1132.4 2 0
github.com/e2eterraformprovider/terraform-provider-e2e/e2e/node/resource_node.go:1133.3,1142.17 6 0
github.com/e2eterraformprovider/terraform-provider-e2e/e2e/node/resource_node.go:1142.17,1145.4 2 0
github.com/e2eterraformprovider/terraform-provider-e2e/e2e/node/resource_node.go:1148.2,1148.27 1 0
github.com/e2eterraformprovider/terraform-provider-e2e/e2e/node/resource_node.go:1148.27,1153.3 4 0
github.com/e2eterraformprovider/terraform-provider-e2e/e2e/node/resource_node.go:1154.2,1154.40 1 0
github.com/e2eterraformprovider/terraform-provider-e2e/e2e/node/resource_node.go:1154.40,1159.3 4 0
github.com/e2eterraformprovider/terraform-provider-e2e/e2e/node/resource_node.go:1160.2,1160.39 1 0
github.com/e2eterraformprovider/terraform-provider-e2e/e2e/node/resource_node.go:1160.39,1163.47 2 0
github.com/e2eterraformprovider/terraform-provider-e2e/e2e/node/resource_node.go:1163.47,1165.4 1 0
github.com/e2eterraformprovider/terraform-provider-e2e/e2e/node/resource_node.go:1167.3,1169.84 2 0
github.com/e2eterraformprovider/terraform-provider-e2e/e2e/node/resource_node.go:1169.84,1172.4 2 0
github.com/e2eterraformprovider/terraform-provider-e2e/e2e/node/resource_node.go:1173.3,1179.17 3 0
github.com/e2eterraformprovider/terraform-provider-e2e/e2e/node/resource_node.go:1179.17,1182.4 2 0
github.com/e2eterraformprovider/terraform-provider-e2e/e2e/node/resource_node.go:1185.2,1185.38 1 0
github.com/e2eterraformprovider/terraform-provider-e2e/e2e/node/resource_node.go:1185.38,1188.47 2 0
github.com/e2eterraformprovider/terraform-provider-e2e/e2e/node/resource_node.go:1188.47,1190.18 2 0
github.com/e2eterraformprovider/terraform-provider-e2e/e2e/node/resource_node.go:1190.18,1192.5 1 0
github.com/e2eterraformprovider/terraform-provider-e2e/e2e/node/resource_node.go:1195.3,1197.78 2 0
github.com/e2eterraformprovider/terraform-provider-e2e/e2e/node/resource_node.go:1197.78,1200.4 2 0
github.com/e2eterraformprovider/terraform-provider-e2e/e2e/node/resource_node.go:1202.3,1210.17 7 0
github.com/e2eterraformprovider/terraform-provider-e2e/e2e/node/resource_node.go:1210.17,1213.4 2 0
github.com/e2eterraformprovider/terraform-provider-e2e/e2e/node/resource_node.go:1215.3,1215.44 1 0
github.com/e2eterraformprovider/terraform-provider-e2e/e2e/node/resource_node.go:1215.44,1222.18 4 0
github.com/e2eterraformprovider/terraform-provider-e2e/e2e/node/resource_node.go:1222.18,1225.5 2 0
github.com/e2eterraformprovider/terraform-provider-e2e/e2e/node/resource_node.go:1226.4,1228.81 2 0
github.com/e2eterraformprovider/terraform-provider-e2e/e2e/node/resource_node.go:1228.81,1230.5 1 0
github.com/e2eterraformprovider/terraform-provider-e2e/e2e/node/resource_node.go:1231.4,1231.32 1 0
github.com/e2eterraformprovider/terraform-provider-e2e/e2e/node/resource_node.go:1231.32,1232.10 1 0
github.com/e2eterraformprovider/terraform-provider-e2e/e2e/node/resource_node.go:1235.3,1235.44 1 0
github.com/e2eterraformprovider/terraform-provider-e2e/e2e/node/resource_node.go:1235.44,1238.20 3 0
github.com/e2eterraformprovider/terraform-provider-e2e/e2e/node/resource_node.go:1238.20,1242.5 3 0
github.com/e2eterraformprovider/terraform-provider-e2e/e2e/node/resource_node.go:1243.4,1248.18 3 0
github.com/e2eterraformprovider/terraform-provider-e2e/e2e/node/resource_node.go:1248.18,1252.5 3 0
github.com/e2eterraformprovider/terraform-provider-e2e/e2e/node/resource_node.go:1253.4,1255.32 2 0
github.com/e2eterraformprovider/terraform-provider-e2e/e2e/node/resource_node.go:1255.32,1256.10 1 0
github.com/e2eterraformprovider/terraform-provider-e2e/e2e/node/resource_node.go:1258.4,1258.81 1 0
github.com/e2eterraformprovider/terraform-provider-e2e/e2e/node/resource_node.go:1258.81,1260.5 1 0
github.com/e2eterraformprovider/terraform-provider-e2e/e2e/node/resource_node.go:1265.2,1265.41 1 0
github.com/e2eterraformprovider/terraform-provider-e2e/e2e/node/resource_node.go:1265.41,1275.30 7 0
github.com/e2eterraformprovider/terraform-provider-e2e/e2e/node/resource_node.go:1275.30,1277.4 1 0
github.com/e2eterraformprovider/terraform-provider-e2e/e2e/node/resource_node.go:1278.3,1278.30 1 0
github.com/e2eterraformprovider/terraform-provider-e2e/e2e/node/resource_node.go:1278.30,1280.4 1 0
github.com/e2eterraformprovider/terraform-provider-e2e/e2e/node/resource_node.go:1283.3,1283.30 1 0
github.com/e2eterraformprovider/terraform-provider-e2e/e2e/node/resource_node.go:1283.30,1285.22 2 0
github.com/e2eterraformprovider/terraform-provider-e2e/e2e/node/resource_node.go:1285.22,1287.5 1 0
github.com/e2eterraformprovider/terraform-provider-e2e/e2e/node/resource_node.go:1291.3,1291.30 1 0
github.com/e2eterraformprovider/terraform-provider-e2e/e2e/node/resource_node.go:1291.30,1293.22 2 0
github.com/e2eterraformprovider/terraform-provider-e2e/e2e/node/resource_node.go:1293.22,1295.5 1 0
github.com/e2eterraformprovider/terraform-provider-e2e/e2e/node/resource_node.go:1298.3,1304.45 2 0
github.com/e2eterraformprovider/terraform-provider-e2e/e2e/node/resource_node.go:1304.45,1307.4 1 0
github.com/e2eterraformprovider/terraform-provider-e2e/e2e/node/resource_node.go:1310.2,1310.36 1 0
github.com/e2eterraformprovider/terraform-provider-e2e/e2e/node/resource_node.go:1314.102,1321.16 5 0
github.com/e2eterraformprovider/terraform-provider-e2e/e2e/node/resource_node.go:1321.16,1323.3 1 0
github.com/e2eterraformprovider/terraform-provider-e2e/e2e/node/resource_node.go:1326.2,1327.16 2 0
github.com/e2eterraformprovider/terraform-provider-e2e/e2e/node/resource_node.go:1327.16,1329.3 1 0
github.com/e2eterraformprovider/terraform-provider-e2e/e2e/node/resource_node.go:1331.2,1332.104 2 0
github.com/e2eterraformprovider/terraform-provider-e2e/e2e/node/resource_node.go:1332.104,1334.3 1 0
github.com/e2eterraformprovider/terraform-provider-e2e/e2e/node/resource_node.go:1336.2,1337.16 2 0
github.com/e2eterraformprovider/terraform-provider-e2e/e2e/node/resource_node.go:1337.16,1339.3 1 0
github.com/e2eterraformprovider/terraform-provider-e2e/e2e/node/resource_node.go:1341.2,1342.16 2 0
github.com/e2eterraformprovider/terraform-provider-e2e/e2e/node/resource_node.go:1342.16,1344.3 1 0
github.com/e2eterraformprovider/terraform-provider-e2e/e2e/node/resource_node.go:1345.2,1346.14 2 0
github.com/e2eterraformprovider/terraform-provider-e2e/e2e/node/resource_node.go:1349.78,1355.16 4 0
github.com/e2eterraformprovider/terraform-provider-e2e/e2e/node/resource_node.go:1355.16,1357.3 1 0
github.com/e2eterraformprovider/terraform-provider-e2e/e2e/node/resource_node.go:1360.2,1361.16 2 0
github.com/e2eterraformprovider/terraform-provider-e2e/e2e/node/resource_node.go:1361.16,1363.3 1 0
github.com/e2eterraformprovider/terraform-provider-e2e/e2e/node/resource_node.go:1365.2,1366.16 2 0
github.com/e2eterraformprovider/terraform-provider-e2e/e2e/node/resource_node.go:1366.16,1368.3 1 0
github.com/e2eterraformprovider/terraform-provider-e2e/e2e/node/resource_node.go:1370.2,1373.16 3 0
github.com/e2eterraformprovider/terraform-provider-e2e/e2e/node/resource_node.go:1373.16,1374.49 1 0
github.com/e2eterraformprovider/terraform-provider-e2e/e2e/node/resource_node.go:1374.49,1376.4 1 0
github.com/e2eterraformprovider/terraform-provider-e2e/e2e/node/resource_node.go:1376.9,1378.4 1 0
github.com/e2eterraformprovider/terraform-provider-e2e/e2e/node/resource_node.go:1380.2,1380.18 1 0
github.com/e2eterraformprovider/terraform-provider-e2e/e2e/node/resource_node.go:1383.99,1385.21 2 9
github.com/e2eterraformprovider/terraform-provider-e2e/e2e/node/resource_node.go:1385.21,1387.3 1 5
github.com/e2eterraformprovider/terraform-provider-e2e/e2e/node/resource_node.go:1389.2,1400.39 7 4
github.com/e2eterraformprovider/terraform-provider-e2e/e2e/node/resource_node.go:1403.50,1405.16 2 10
github.com/e2eterraformprovider/terraform-provider-e2e/e2e/node/resource_node.go:1405.16,1407.3 1 5
github.com/e2eterraformprovider/terraform-provider-e2e/e2e/node/resource_node.go:1408.2,1408.15 1 5
github.com/e2eterraformprovider/terraform-provider-e2e/e2e/node/resource_node.go:1411.73,1412.36 1 9
github.com/e2eterraformprovider/terraform-provider-e2e/e2e/node/resource_node.go:1412.36,1413.19 1 12
github.com/e2eterraformprovider/terraform-provider-e2e/e2e/node/resource_node.go:1413.19,1416.4 2 5
github.com/e2eterraformprovider/terraform-provider-e2e/e2e/node/resource_node.go:1418.2,1418.10 1 4
github.com/e2eterraformprovider/terraform-provider-e2e/e2e/node/resource_node.go:1421.80,1423.25 2 9
github.com/e2eterraformprovider/terraform-provider-e2e/e2e/node/resource_node.go:1423.25,1424.27 1 23
github.com/e2eterraformprovider/terraform-provider-e2e/e2e/node/resource_node.go:1424.27,1426.4 1 12
github.com/e2eterraformprovider/terraform-provider-e2e/e2e/node/resource_node.go:1428.2,1428.12 1 9
github.com/e2eterraformprovider/terraform-provider-e2e/e2e/node/resource_node.go:1431.58,1432.24 1 48
github.com/e2eterraformprovider/terraform-provider-e2e/e2e/node/resource_node.go:1432.24,1433.15 1 80
github.com/e2eterraformprovider/terraform-provider-e2e/e2e/node/resource_node.go:1433.15,1435.4 1 22
github.com/e2eterraformprovider/terraform-provider-e2e/e2e/node/resource_node.go:1437.2,1437.14 1 26
github.com/e2eterraformprovider/terraform-provider-e2e/e2e/node/resource_node.go:1440.80,1442.25 2 9
github.com/e2eterraformprovider/terraform-provider-e2e/e2e/node/resource_node.go:1442.25,1443.26 1 25
github.com/e2eterraformprovider/terraform-provider-e2e/e2e/node/resource_node.go:1443.26,1445.4 1 11
github.com/e2eterraformprovider/terraform-provider-e2e/e2e/node/resource_node.go:1447.2,1447.12 1 9
github.com/e2eterraformprovider/terraform-provider-e2e/e2e/node/resource_node.go:1450.75,1452.24 2 9
github.com/e2eterraformprovider/terraform-provider-e2e/e2e/node/resource_node.go:1452.24,1453.15 1 25
github.com/e2eterraformprovider/terraform-provider-e2e/e2e/node/resource_node.go:1453.15,1455.4 1 16
github.com/e2eterraformprovider/terraform-provider-e2e/e2e/node/resource_node.go:1457.2,1457.12 1 9
github.com/e2eterraformprovider/terraform-provider-e2e/e2e/node/resource_node.go:1460.74,1465.9 4 12
github.com/e2eterraformprovider/terraform-provider-e2e/e2e/node/resource_node.go:1465.9,1468.3 2 2
github.com/e2eterraformprovider/terraform-provider-e2e/e2e/node/resource_node.go:1469.2,1469.17 1 10
github.com/e2eterraformprovider/terraform-provider-e2e/e2e/node/resource_node.go:1469.17,1472.3 2 1
github.com/e2eterraformprovider/terraform-provider-e2e/e2e/node/resource_node.go:1474.2,1475.37 2 9
github.com/e2eterraformprovider/terraform-provider-e2e/e2e/node/resource_node.go:1475.37,1478.3 2 5
github.com/e2eterraformprovider/terraform-provider-e2e/e2e/node/resource_node.go:1479.2,1479.20 1 4
github.com/e2eterraformprovider/terraform-provider-e2e/e2e/node/resource_node.go:1482.71,1487.9 4 13
github.com/e2eterraformprovider/terraform-provider-e2e/e2e/node/resource_node.go:1487.9,1490.3 2 3
github.com/e2eterraformprovider/terraform-provider-e2e/e2e/node/resource_node.go:1491.2,1492.20 2 10
github.com/e2eterraformprovider/terraform-provider-e2e/e2e/node/resource_node.go:1492.20,1495.3 2 7
github.com/e2eterraformprovider/terraform-provider-e2e/e2e/node/resource_node.go:1496.2,1496.20 1 3
github.com/e2eterraformprovider/terraform-provider-e2e/e2e/node/resource_node.go:1499.73,1504.9 4 15
github.com/e2eterraformprovider/terraform-provider-e2e/e2e/node/resource_node.go:1504.9,1507.3 2 2
github.com/e2eterraformprovider/terraform-provider-e2e/e2e/node/resource_node.go:1509.2,1510.16 2 13
github.com/e2eterraformprovider/terraform-provider-e2e/e2e/node/resource_node.go:1510.16,1513.3 2 8
github.com/e2eterraformprovider/terraform-provider-e2e/e2e/node/resource_node.go:1514.2,1514.20 1 5
github.com/e2eterraformprovider/terraform-provider-e2e/e2e/node/resource_node.go:1517.46,1566.2 46 0
github.com/e2eterraformprovider/terraform-provider-e2e/e2e/node/sweep.go:15.13,23.2 1 1
github.com/e2eterraformprovider/terraform-provider-e2e/e2e/node/sweep.go:25.38,27.16 2 0
github.com/e2eterraformprovider/terraform-provider-e2e/e2e/node/sweep.go:27.16,30.3 2 0
github.com/e2eterraformprovider/terraform-provider-e2e/e2e/node/sweep.go:32.2,35.16 3 0
github.com/e2eterraformprovider/terraform-provider-e2e/e2e/node/sweep.go:35.16,37.3 1 0
github.com/e2eterraformprovider/terraform-provider-e2e/e2e/node/sweep.go:39.2,39.21 1 0
github.com/e2eterraformprovider/terraform-provider-e2e/e2e/node/sweep.go:39.21,42.3 2 0
github.com/e2eterraformprovider/terraform-provider-e2e/e2e/node/sweep.go:44.2,47.29 3 0
github.com/e2eterraformprovider/terraform-provider-e2e/e2e/node/sweep.go:47.29,49.51 2 0
github.com/e2eterraformprovider/terraform-provider-e2e/e2e/node/sweep.go:49.51,51.12 2 0
github.com/e2eterraformprovider/terraform-provider-e2e/e2e/node/sweep.go:54.3,59.17 5 0
github.com/e2eterraformprovider/terraform-provider-e2e/e2e/node/sweep.go:59.17,61.12 2 0
github.com/e2eterraformprovider/terraform-provider-e2e/e2e/node/sweep.go:64.3,65.63 2 0
github.com/e2eterraformprovider/terraform-provider-e2e/e2e/node/sweep.go:68.2,69.12 2 0
github.com/e2eterraformprovider/terraform-provider-e2e/e2e/objectstore/datasource_objectstores.go:13.48,73.2 1 4
github.com/e2eterraformprovider/terraform-provider-e2e/e2e/objectstore/datasource_objectstores.go:75.136,82.16 5 3
github.com/e2eterraformprovider/terraform-provider-e2e/e2e/objectstore/datasource_objectstores.go:82.16,84.3 1 0
github.com/e2eterraformprovider/terraform-provider-e2e/e2e/objectstore/datasource_objectstores.go:87.2,88.16 2 3
github.com/e2eterraformprovider/terraform-provider-e2e/e2e/objectstore/datasource_objectstores.go:88.16,90.3 1 0
github.com/e2eterraformprovider/terraform-provider-e2e/e2e/objectstore/datasource_objectstores.go:93.2,94.16 2 3
github.com/e2eterraformprovider/terraform-provider-e2e/e2e/objectstore/datasource_objectstores.go:94.16,96.3 1 0
github.com/e2eterraformprovider/terraform-provider-e2e/e2e/objectstore/datasource_objectstores.go:99.2,100.16 2 3
github.com/e2eterraformprovider/terraform-provider-e2e/e2e/objectstore/datasource_objectstores.go:100.16,102.3 1 1
github.com/e2eterraformprovider/terraform-provider-e2e/e2e/objectstore/datasource_objectstores.go:103.2,106.28 3 2
github.com/e2eterraformprovider/terraform-provider-e2e/e2e/objectstore/datasource_objectstores.go:106.28,118.3 2 2
github.com/e2eterraformprovider/terraform-provider-e2e/e2e/objectstore/datasource_objectstores.go:119.2,122.14 4 2
github.com/e2eterraformprovider/terraform-provider-e2e/e2e/objectstore/datasource_objectstores.go:127.56,128.20 1 7
github.com/e2eterraformprovider/terraform-provider-e2e/e2e/objectstore/datasource_objectstores.go:128.20,130.3 1 1
github.com/e2eterraformprovider/terraform-provider-e2e/e2e/objectstore/datasource_objectstores.go:133.2,134.9 2 6
github.com/e2eterraformprovider/terraform-provider-e2e/e2e/objectstore/datasource_objectstores.go:134.9,137.3 2 1
github.com/e2eterraformprovider/terraform-provider-e2e/e2e/objectstore/datasource_objectstores.go:139.2,141.37 2 5
github.com/e2eterraformprovider/terraform-provider-e2e/e2e/objectstore/datasource_objectstores.go:141.37,143.56 1 5
github.com/e2eterraformprovider/terraform-provider-e2e/e2e/objectstore/datasource_objectstores.go:143.56,155.4 10 5
github.com/e2eterraformprovider/terraform-provider-e2e/e2e/objectstore/datasource_objectstores.go:157.2,157.15 1 5
github.com/e2eterraformprovider/terraform-provider-e2e/e2e/objectstore/resource_objectstore.go:17.45,174.2 1 22
github.com/e2eterraformprovider/terraform-provider-e2e/e2e/objectstore/resource_objectstore.go:177.55,211.2 1 22
github.com/e2eterraformprovider/terraform-provider-e2e/e2e/objectstore/resource_objectstore.go:213.129,218.16 4 0
github.com/e2eterraformprovider/terraform-provider-e2e/e2e/objectstore/resource_objectstore.go:218.16,220.3 1 0
github.com/e2eterraformprovider/terraform-provider-e2e/e2e/objectstore/resource_objectstore.go:222.2,223.16 2 0
github.com/e2eterraformprovider/terraform-provider-e2e/e2e/objectstore/resource_objectstore.go:223.16,225.3 1 0
github.com/e2eterraformprovider/terraform-provider-e2e/e2e/objectstore/resource_objectstore.go:227.2,228.16 2 0
github.com/e2eterraformprovider/terraform-provider-e2e/e2e/objectstore/resource_objectstore.go:228.16,230.3 1 0
github.com/e2eterraformprovider/terraform-provider-e2e/e2e/objectstore/resource_objectstore.go:232.2,236.106 3 0
github.com/e2eterraformprovider/terraform-provider-e2e/e2e/objectstore/resource_objectstore.go:236.106,238.3 1 0
github.com/e2eterraformprovider/terraform-provider-e2e/e2e/objectstore/resource_objectstore.go:241.2,242.74 2 0
github.com/e2eterraformprovider/terraform-provider-e2e/e2e/objectstore/resource_objectstore.go:242.74,244.3 1 0
github.com/e2eterraformprovider/terraform-provider-e2e/e2e/objectstore/resource_objectstore.go:246.2,251.16 3 0
github.com/e2eterraformprovider/terraform-provider-e2e/e2e/objectstore/resource_objectstore.go:251.16,253.3 1 0
github.com/e2eterraformprovider/terraform-provider-e2e/e2e/objectstore/resource_objectstore.go:255.2,261.14 4 0
github.com/e2eterraformprovider/terraform-provider-e2e/e2e/objectstore/resource_objectstore.go:264.127,271.16 5 0
github.com/e2eterraformprovider/terraform-provider-e2e/e2e/objectstore/resource_objectstore.go:271.16,273.3 1 0
github.com/e2eterraformprovider/terraform-provider-e2e/e2e/objectstore/resource_objectstore.go:275.2,276.16 2 0
github.com/e2eterraformprovider/terraform-provider-e2e/e2e/objectstore/resource_objectstore.go:276.16,278.3 1 0
github.com/e2eterraformprovider/terraform-provider-e2e/e2e/objectstore/resource_objectstore.go:280.2,281.16 2 0
github.com/e2eterraformprovider/terraform-provider-e2e/e2e/objectstore/resource_objectstore.go:281.16,283.3 1 0
github.com/e2eterraformprovider/terraform-provider-e2e/e2e/objectstore/resource_objectstore.go:285.2,288.16 3 0
github.com/e2eterraformprovider/terraform-provider-e2e/e2e/objectstore/resource_objectstore.go:288.16,290.3 1 0
github.com/e2eterraformprovider/terraform-provider-e2e/e2e/objectstore/resource_objectstore.go:292.2,292.19 1 0
github.com/e2eterraformprovider/terraform-provider-e2e/e2e/objectstore/resource_objectstore.go:292.19,296.3 3 0
github.com/e2eterraformprovider/terraform-provider-e2e/e2e/objectstore/resource_objectstore.go:298.2,309.14 6 0
github.com/e2eterraformprovider/terraform-provider-e2e/e2e/objectstore/resource_objectstore.go:313.129,318.16 3 0
github.com/e2eterraformprovider/terraform-provider-e2e/e2e/objectstore/resource_objectstore.go:318.16,320.3 1 0
github.com/e2eterraformprovider/terraform-provider-e2e/e2e/objectstore/resource_objectstore.go:322.2,323.16 2 0
github.com/e2eterraformprovider/terraform-provider-e2e/e2e/objectstore/resource_objectstore.go:323.16,325.3 1 0
github.com/e2eterraformprovider/terraform-provider-e2e/e2e/objectstore/resource_objectstore.go:327.2,328.16 2 0
github.com/e2eterraformprovider/terraform-provider-e2e/e2e/objectstore/resource_objectstore.go:328.16,330.3 1 0
github.com/e2eterraformprovider/terraform-provider-e2e/e2e/objectstore/resource_objectstore.go:332.2,335.99 2 0
github.com/e2eterraformprovider/terraform-provider-e2e/e2e/objectstore/resource_objectstore.go:335.99,341.75 4 0
github.com/e2eterraformprovider/terraform-provider-e2e/e2e/objectstore/resource_objectstore.go:341.75,343.4 1 0
github.com/e2eterraformprovider/terraform-provider-e2e/e2e/objectstore/resource_objectstore.go:345.3,346.24 2 0
github.com/e2eterraformprovider/terraform-provider-e2e/e2e/objectstore/resource_objectstore.go:346.24,348.4 1 0
github.com/e2eterraformprovider/terraform-provider-e2e/e2e/objectstore/resource_objectstore.go:348.9,350.4 1 0
github.com/e2eterraformprovider/terraform-provider-e2e/e2e/objectstore/resource_objectstore.go:352.3,358.17 3 0
github.com/e2eterraformprovider/terraform-provider-e2e/e2e/objectstore/resource_objectstore.go:358.17,360.4 1 0
github.com/e2eterraformprovider/terraform-provider-e2e/e2e/objectstore/resource_objectstore.go:361.3,363.61 3 0
github.com/e2eterraformprovider/terraform-provider-e2e/e2e/objectstore/resource_objectstore.go:367.2,367.36 1 0
github.com/e2eterraformprovider/terraform-provider-e2e/e2e/objectstore/resource_objectstore.go:367.36,372.3 3 0
github.com/e2eterraformprovider/terraform-provider-e2e/e2e/objectstore/resource_objectstore.go:374.2,374.63 1 0
github.com/e2eterraformprovider/terraform-provider-e2e/e2e/objectstore/resource_objectstore.go:378.129,383.16 4 0
github.com/e2eterraformprovider/terraform-provider-e2e/e2e/objectstore/resource_objectstore.go:383.16,385.3 1 0
github.com/e2eterraformprovider/terraform-provider-e2e/e2e/objectstore/resource_objectstore.go:387.2,388.16 2 0
github.com/e2eterraformprovider/terraform-provider-e2e/e2e/objectstore/resource_objectstore.go:388.16,390.3 1 0
github.com/e2eterraformprovider/terraform-provider-e2e/e2e/objectstore/resource_objectstore.go:392.2,393.16 2 0
github.com/e2eterraformprovider/terraform-provider-e2e/e2e/objectstore/resource_objectstore.go:393.16,395.3 1 0
github.com/e2eterraformprovider/terraform-provider-e2e/e2e/objectstore/resource_objectstore.go:397.2,400.88 2 0
github.com/e2eterraformprovider/terraform-provider-e2e/e2e/objectstore/resource_objectstore.go:400.88,402.3 1 0
github.com/e2eterraformprovider/terraform-provider-e2e/e2e/objectstore/resource_objectstore.go:404.2,406.16 3 0
github.com/e2eterraformprovider/terraform-provider-e2e/e2e/objectstore/resource_objectstore.go:406.16,408.3 1 0
github.com/e2eterraformprovider/terraform-provider-e2e/e2e/objectstore/resource_objectstore.go:410.2,412.14 3 0
github.com/e2eterraformprovider/terraform-provider-e2e/e2e/objectstore/resource_objectstore.go:416.119,418.28 1 9
github.com/e2eterraformprovider/terraform-provider-e2e/e2e/objectstore/resource_objectstore.go:418.28,420.3 1 2
github.com/e2eterraformprovider/terraform-provider-e2e/e2e/objectstore/resource_objectstore.go:421.2,421.25 1 9
github.com/e2eterraformprovider/terraform-provider-e2e/e2e/objectstore/resource_objectstore.go:421.25,423.3 1 2
github.com/e2eterraformprovider/terraform-provider-e2e/e2e/objectstore/resource_objectstore.go:424.2,424.35 1 9
github.com/e2eterraformprovider/terraform-provider-e2e/e2e/objectstore/resource_objectstore.go:424.35,426.3 1 5
github.com/e2eterraformprovider/terraform-provider-e2e/e2e/objectstore/resource_objectstore.go:427.2,427.47 1 9
github.com/e2eterraformprovider/terraform-provider-e2e/e2e/objectstore/resource_objectstore.go:427.47,429.3 1 2
github.com/e2eterraformprovider/terraform-provider-e2e/e2e/objectstore/resource_objectstore.go:432.2,432.29 1 9
github.com/e2eterraformprovider/terraform-provider-e2e/e2e/objectstore/resource_objectstore.go:432.29,434.3 1 2
github.com/e2eterraformprovider/terraform-provider-e2e/e2e/objectstore/resource_objectstore.go:437.2,440.12 3 9
github.com/e2eterraformprovider/terraform-provider-e2e/e2e/objectstore/resource_objectstore.go:443.127,450.21 3 5
github.com/e2eterraformprovider/terraform-provider-e2e/e2e/objectstore/resource_objectstore.go:450.21,456.17 5 2
github.com/e2eterraformprovider/terraform-provider-e2e/e2e/objectstore/resource_objectstore.go:456.17,458.4 1 1
github.com/e2eterraformprovider/terraform-provider-e2e/e2e/objectstore/resource_objectstore.go:459.3,461.17 3 1
github.com/e2eterraformprovider/terraform-provider-e2e/e2e/objectstore/resource_objectstore.go:461.17,463.4 1 0
github.com/e2eterraformprovider/terraform-provider-e2e/e2e/objectstore/resource_objectstore.go:464.3,464.27 1 1
github.com/e2eterraformprovider/terraform-provider-e2e/e2e/objectstore/resource_objectstore.go:465.8,465.28 1 3
github.com/e2eterraformprovider/terraform-provider-e2e/e2e/objectstore/resource_objectstore.go:465.28,470.3 3 1
github.com/e2eterraformprovider/terraform-provider-e2e/e2e/objectstore/resource_objectstore.go:470.8,472.3 1 2
github.com/e2eterraformprovider/terraform-provider-e2e/e2e/objectstore/resource_objectstore.go:474.2,474.68 1 2
github.com/e2eterraformprovider/terraform-provider-e2e/e2e/objectstore/resource_objectstore.go:474.68,476.3 1 0
github.com/e2eterraformprovider/terraform-provider-e2e/e2e/objectstore/resource_objectstore.go:477.2,477.62 1 2
github.com/e2eterraformprovider/terraform-provider-e2e/e2e/objectstore/resource_objectstore.go:477.62,479.3 1 0
github.com/e2eterraformprovider/terraform-provider-e2e/e2e/objectstore/resource_objectstore.go:480.2,480.64 1 2
github.com/e2eterraformprovider/terraform-provider-e2e/e2e/objectstore/resource_objectstore.go:480.64,482.3 1 0
github.com/e2eterraformprovider/terraform-provider-e2e/e2e/objectstore/resource_objectstore.go:485.2,487.39 2 2
github.com/e2eterraformprovider/terraform-provider-e2e/e2e/objectstore/resource_objectstore.go:491.108,493.79 1 0
github.com/e2eterraformprovider/terraform-provider-e2e/e2e/objectstore/resource_objectstore.go:493.79,495.58 2 0
github.com/e2eterraformprovider/terraform-provider-e2e/e2e/objectstore/resource_objectstore.go:495.58,497.4 1 0
github.com/e2eterraformprovider/terraform-provider-e2e/e2e/objectstore/resource_objectstore.go:501.2,504.45 3 0
github.com/e2eterraformprovider/terraform-provider-e2e/e2e/objectstore/resource_objectstore.go:504.45,506.3 1 0
github.com/e2eterraformprovider/terraform-provider-e2e/e2e/objectstore/resource_objectstore.go:508.2,508.12 1 0
github.com/e2eterraformprovider/terraform-provider-e2e/e2e/objectstore/resource_objectstore.go:512.148,517.96 2 6
github.com/e2eterraformprovider/terraform-provider-e2e/e2e/objectstore/resource_objectstore.go:517.96,519.3 1 3
github.com/e2eterraformprovider/terraform-provider-e2e/e2e/objectstore/resource_objectstore.go:519.8,521.3 1 3
github.com/e2eterraformprovider/terraform-provider-e2e/e2e/objectstore/resource_objectstore.go:524.2,524.50 1 6
github.com/e2eterraformprovider/terraform-provider-e2e/e2e/objectstore/resource_objectstore.go:524.50,526.3 1 6
github.com/e2eterraformprovider/terraform-provider-e2e/e2e/objectstore/resource_objectstore.go:527.2,527.44 1 6
github.com/e2eterraformprovider/terraform-provider-e2e/e2e/objectstore/resource_objectstore.go:527.44,529.3 1 6
github.com/e2eterraformprovider/terraform-provider-e2e/e2e/objectstore/resource_objectstore.go:530.2,530.53 1 6
github.com/e2eterraformprovider/terraform-provider-e2e/e2e/objectstore/resource_objectstore.go:530.53,532.3 1 6
github.com/e2eterraformprovider/terraform-provider-e2e/e2e/objectstore/resource_objectstore.go:533.2,533.36 1 6
github.com/e2eterraformprovider/terraform-provider-e2e/e2e/objectstore/resource_objectstore.go:533.36,535.3 1 6
github.com/e2eterraformprovider/terraform-provider-e2e/e2e/objectstore/resource_objectstore.go:538.2,538.42 1 6
github.com/e2eterraformprovider/terraform-provider-e2e/e2e/objectstore/resource_objectstore.go:538.42,540.3 1 6
github.com/e2eterraformprovider/terraform-provider-e2e/e2e/objectstore/resource_objectstore.go:541.2,541.42 1 6
github.com/e2eterraformprovider/terraform-provider-e2e/e2e/objectstore/resource_objectstore.go:541.42,543.3 1 6
github.com/e2eterraformprovider/terraform-provider-e2e/e2e/objectstore/resource_objectstore.go:544.2,544.43 1 6
github.com/e2eterraformprovider/terraform-provider-e2e/e2e/objectstore/resource_objectstore.go:544.43,546.3 1 6
github.com/e2eterraformprovider/terraform-provider-e2e/e2e/objectstore/resource_objectstore.go:547.2,547.47 1 6
github.com/e2eterraformprovider/terraform-provider-e2e/e2e/objectstore/resource_objectstore.go:547.47,549.3 1 6
github.com/e2eterraformprovider/terraform-provider-e2e/e2e/objectstore/resource_objectstore.go:550.2,550.53 1 6
github.com/e2eterraformprovider/terraform-provider-e2e/e2e/objectstore/resource_objectstore.go:550.53,552.3 1 6
github.com/e2eterraformprovider/terraform-provider-e2e/e2e/objectstore/resource_objectstore.go:553.2,553.47 1 6
github.com/e2eterraformprovider/terraform-provider-e2e/e2e/objectstore/resource_objectstore.go:553.47,555.3 1 6
github.com/e2eterraformprovider/terraform-provider-e2e/e2e/objectstore/resource_objectstore.go:556.2,556.56 1 6
github.com/e2eterraformprovider/terraform-provider-e2e/e2e/objectstore/resource_objectstore.go:556.56,558.3 1 6
github.com/e2eterraformprovider/terraform-provider-e2e/e2e/objectstore/resource_objectstore.go:560.2,561.22 2 6
github.com/e2eterraformprovider/terraform-provider-e2e/e2e/objectstore/sweep.go:15.13,20.2 1 1
github.com/e2eterraformprovider/terraform-provider-e2e/e2e/objectstore/sweep.go:22.45,24.16 2 0
github.com/e2eterraformprovider/terraform-provider-e2e/e2e/objectstore/sweep.go:24.16,27.3 2 0
github.com/e2eterraformprovider/terraform-provider-e2e/e2e/objectstore/sweep.go:29.2,31.16 3 0
github.com/e2eterraformprovider/terraform-provider-e2e/e2e/objectstore/sweep.go:31.16,33.3 1 0
github.com/e2eterraformprovider/terraform-provider-e2e/e2e/objectstore/sweep.go:35.2,38.33 3 0
github.com/e2eterraformprovider/terraform-provider-e2e/e2e/objectstore/sweep.go:38.33,39.54 1 0
github.com/e2eterraformprovider/terraform-provider-e2e/e2e/objectstore/sweep.go:39.54,41.12 2 0
github.com/e2eterraformprovider/terraform-provider-e2e/e2e/objectstore/sweep.go:44.3,47.17 3 0
github.com/e2eterraformprovider/terraform-provider-e2e/e2e/objectstore/sweep.go:47.17,49.12 2 0
github.com/e2eterraformprovider/terraform-provider-e2e/e2e/objectstore/sweep.go:52.3,53.81 2 0
github.com/e2eterraformprovider/terraform-provider-e2e/e2e/objectstore/sweep.go:56.2,58.12 2 0
github.com/e2eterraformprovider/terraform-provider-e2e/e2e/reserve_ip/datasource_reserve_ips.go:14.46,78.2 1 4
github.com/e2eterraformprovider/terraform-provider-e2e/e2e/reserve_ip/datasource_reserve_ips.go:80.108,87.16 4 3
github.com/e2eterraformprovider/terraform-provider-e2e/e2e/reserve_ip/datasource_reserve_ips.go:87.16,89.3 1 0
github.com/e2eterraformprovider/terraform-provider-e2e/e2e/reserve_ip/datasource_reserve_ips.go:92.2,93.16 2 3
github.com/e2eterraformprovider/terraform-provider-e2e/e2e/reserve_ip/datasource_reserve_ips.go:93.16,95.3 1 0
github.com/e2eterraformprovider/terraform-provider-e2e/e2e/reserve_ip/datasource_reserve_ips.go:97.2,98.16 2 3
github.com/e2eterraformprovider/terraform-provider-e2e/e2e/reserve_ip/datasource_reserve_ips.go:98.16,100.3 1 0
github.com/e2eterraformprovider/terraform-provider-e2e/e2e/reserve_ip/datasource_reserve_ips.go:102.2,103.16 2 3
github.com/e2eterraformprovider/terraform-provider-e2e/e2e/reserve_ip/datasource_reserve_ips.go:103.16,105.3 1 1
github.com/e2eterraformprovider/terraform-provider-e2e/e2e/reserve_ip/datasource_reserve_ips.go:107.2,110.14 4 2
github.com/e2eterraformprovider/terraform-provider-e2e/e2e/reserve_ip/datasource_reserve_ips.go:112.61,113.19 1 7
github.com/e2eterraformprovider/terraform-provider-e2e/e2e/reserve_ip/datasource_reserve_ips.go:113.19,115.3 1 3
github.com/e2eterraformprovider/terraform-provider-e2e/e2e/reserve_ip/datasource_reserve_ips.go:117.2,118.25 2 4
github.com/e2eterraformprovider/terraform-provider-e2e/e2e/reserve_ip/datasource_reserve_ips.go:118.25,131.3 10 6
github.com/e2eterraformprovider/terraform-provider-e2e/e2e/reserve_ip/datasource_reserve_ips.go:133.2,133.12 1 4
github.com/e2eterraformprovider/terraform-provider-e2e/e2e/reserve_ip/helpers.go:25.60,27.2 1 26
github.com/e2eterraformprovider/terraform-provider-e2e/e2e/reserve_ip/helpers.go:32.89,34.21 2 24
github.com/e2eterraformprovider/terraform-provider-e2e/e2e/reserve_ip/helpers.go:34.21,36.3 1 9
github.com/e2eterraformprovider/terraform-provider-e2e/e2e/reserve_ip/helpers.go:37.2,37.42 1 15
github.com/e2eterraformprovider/terraform-provider-e2e/e2e/reserve_ip/helpers.go:42.100,43.18 1 16
github.com/e2eterraformprovider/terraform-provider-e2e/e2e/reserve_ip/helpers.go:43.18,45.3 1 3
github.com/e2eterraformprovider/terraform-provider-e2e/e2e/reserve_ip/helpers.go:47.2,48.29 2 13
github.com/e2eterraformprovider/terraform-provider-e2e/e2e/reserve_ip/helpers.go:48.29,58.3 1 12
github.com/e2eterraformprovider/terraform-provider-e2e/e2e/reserve_ip/helpers.go:59.2,59.15 1 13
github.com/e2eterraformprovider/terraform-provider-e2e/e2e/reserve_ip/resource_reserve_ip.go:18.43,156.2 1 5
github.com/e2eterraformprovider/terraform-provider-e2e/e2e/reserve_ip/resource_reserve_ip.go:158.122,161.16 2 0
github.com/e2eterraformprovider/terraform-provider-e2e/e2e/reserve_ip/resource_reserve_ip.go:161.16,163.3 1 0
github.com/e2eterraformprovider/terraform-provider-e2e/e2e/reserve_ip/resource_reserve_ip.go:165.2,172.16 6 0
github.com/e2eterraformprovider/terraform-provider-e2e/e2e/reserve_ip/resource_reserve_ip.go:172.16,174.3 1 0
github.com/e2eterraformprovider/terraform-provider-e2e/e2e/reserve_ip/resource_reserve_ip.go:176.2,177.16 2 0
github.com/e2eterraformprovider/terraform-provider-e2e/e2e/reserve_ip/resource_reserve_ip.go:177.16,179.3 1 0
github.com/e2eterraformprovider/terraform-provider-e2e/e2e/reserve_ip/resource_reserve_ip.go:182.2,183.28 2 0
github.com/e2eterraformprovider/terraform-provider-e2e/e2e/reserve_ip/resource_reserve_ip.go:183.28,184.34 1 0
github.com/e2eterraformprovider/terraform-provider-e2e/e2e/reserve_ip/resource_reserve_ip.go:184.34,186.9 2 0
github.com/e2eterraformprovider/terraform-provider-e2e/e2e/reserve_ip/resource_reserve_ip.go:190.2,190.12 1 0
github.com/e2eterraformprovider/terraform-provider-e2e/e2e/reserve_ip/resource_reserve_ip.go:190.12,192.3 1 0
github.com/e2eterraformprovider/terraform-provider-e2e/e2e/reserve_ip/resource_reserve_ip.go:195.2,197.39 2 0
github.com/e2eterraformprovider/terraform-provider-e2e/e2e/reserve_ip/resource_reserve_ip.go:200.107,207.16 5 0
github.com/e2eterraformprovider/terraform-provider-e2e/e2e/reserve_ip/resource_reserve_ip.go:207.16,209.3 1 0
github.com/e2eterraformprovider/terraform-provider-e2e/e2e/reserve_ip/resource_reserve_ip.go:211.2,212.16 2 0
github.com/e2eterraformprovider/terraform-provider-e2e/e2e/reserve_ip/resource_reserve_ip.go:212.16,214.3 1 0
github.com/e2eterraformprovider/terraform-provider-e2e/e2e/reserve_ip/resource_reserve_ip.go:217.2,220.16 3 0
github.com/e2eterraformprovider/terraform-provider-e2e/e2e/reserve_ip/resource_reserve_ip.go:220.16,222.3 1 0
github.com/e2eterraformprovider/terraform-provider-e2e/e2e/reserve_ip/resource_reserve_ip.go:224.2,227.39 2 0
github.com/e2eterraformprovider/terraform-provider-e2e/e2e/reserve_ip/resource_reserve_ip.go:227.39,229.3 1 0
github.com/e2eterraformprovider/terraform-provider-e2e/e2e/reserve_ip/resource_reserve_ip.go:232.2,251.104 14 0
github.com/e2eterraformprovider/terraform-provider-e2e/e2e/reserve_ip/resource_reserve_ip.go:251.104,253.3 1 0
github.com/e2eterraformprovider/terraform-provider-e2e/e2e/reserve_ip/resource_reserve_ip.go:255.2,255.14 1 0
github.com/e2eterraformprovider/terraform-provider-e2e/e2e/reserve_ip/resource_reserve_ip.go:258.105,263.16 4 0
github.com/e2eterraformprovider/terraform-provider-e2e/e2e/reserve_ip/resource_reserve_ip.go:263.16,265.3 1 0
github.com/e2eterraformprovider/terraform-provider-e2e/e2e/reserve_ip/resource_reserve_ip.go:267.2,268.16 2 0
github.com/e2eterraformprovider/terraform-provider-e2e/e2e/reserve_ip/resource_reserve_ip.go:268.16,270.3 1 0
github.com/e2eterraformprovider/terraform-provider-e2e/e2e/reserve_ip/resource_reserve_ip.go:273.2,279.16 4 0
github.com/e2eterraformprovider/terraform-provider-e2e/e2e/reserve_ip/resource_reserve_ip.go:279.16,281.3 1 0
github.com/e2eterraformprovider/terraform-provider-e2e/e2e/reserve_ip/resource_reserve_ip.go:283.2,287.22 3 0
github.com/e2eterraformprovider/terraform-provider-e2e/e2e/reserve_ip/resource_reserve_ip.go:287.22,288.37 1 0
github.com/e2eterraformprovider/terraform-provider-e2e/e2e/reserve_ip/resource_reserve_ip.go:288.37,290.9 2 0
github.com/e2eterraformprovider/terraform-provider-e2e/e2e/reserve_ip/resource_reserve_ip.go:294.2,296.41 2 0
github.com/e2eterraformprovider/terraform-provider-e2e/e2e/reserve_ip/resource_reserve_ip.go:296.41,300.3 3 0
github.com/e2eterraformprovider/terraform-provider-e2e/e2e/reserve_ip/resource_reserve_ip.go:303.2,320.106 14 0
github.com/e2eterraformprovider/terraform-provider-e2e/e2e/reserve_ip/resource_reserve_ip.go:320.106,322.3 1 0
github.com/e2eterraformprovider/terraform-provider-e2e/e2e/reserve_ip/resource_reserve_ip.go:322.8,324.3 1 0
github.com/e2eterraformprovider/terraform-provider-e2e/e2e/reserve_ip/resource_reserve_ip.go:326.2,326.14 1 0
github.com/e2eterraformprovider/terraform-provider-e2e/e2e/reserve_ip/resource_reserve_ip.go:331.107,336.16 4 0
github.com/e2eterraformprovider/terraform-provider-e2e/e2e/reserve_ip/resource_reserve_ip.go:336.16,338.3 1 0
github.com/e2eterraformprovider/terraform-provider-e2e/e2e/reserve_ip/resource_reserve_ip.go:340.2,341.16 2 0
github.com/e2eterraformprovider/terraform-provider-e2e/e2e/reserve_ip/resource_reserve_ip.go:341.16,343.3 1 0
github.com/e2eterraformprovider/terraform-provider-e2e/e2e/reserve_ip/resource_reserve_ip.go:346.2,350.16 3 0
github.com/e2eterraformprovider/terraform-provider-e2e/e2e/reserve_ip/resource_reserve_ip.go:350.16,352.3 1 0
github.com/e2eterraformprovider/terraform-provider-e2e/e2e/reserve_ip/resource_reserve_ip.go:355.2,356.16 2 0
github.com/e2eterraformprovider/terraform-provider-e2e/e2e/reserve_ip/resource_reserve_ip.go:356.16,357.28 1 0
github.com/e2eterraformprovider/terraform-provider-e2e/e2e/reserve_ip/resource_reserve_ip.go:357.28,358.34 1 0
github.com/e2eterraformprovider/terraform-provider-e2e/e2e/reserve_ip/resource_reserve_ip.go:358.34,359.101 1 0
github.com/e2eterraformprovider/terraform-provider-e2e/e2e/reserve_ip/resource_reserve_ip.go:359.101,361.6 1 0
github.com/e2eterraformprovider/terraform-provider-e2e/e2e/reserve_ip/resource_reserve_ip.go:362.5,362.10 1 0
github.com/e2eterraformprovider/terraform-provider-e2e/e2e/reserve_ip/resource_reserve_ip.go:367.2,368.16 2 0
github.com/e2eterraformprovider/terraform-provider-e2e/e2e/reserve_ip/resource_reserve_ip.go:368.16,370.3 1 0
github.com/e2eterraformprovider/terraform-provider-e2e/e2e/reserve_ip/resource_reserve_ip.go:372.2,373.14 2 0
github.com/e2eterraformprovider/terraform-provider-e2e/e2e/reserve_ip/sweep.go:15.13,20.2 1 1
github.com/e2eterraformprovider/terraform-provider-e2e/e2e/reserve_ip/sweep.go:22.43,24.16 2 0
github.com/e2eterraformprovider/terraform-provider-e2e/e2e/reserve_ip/sweep.go:24.16,27.3 2 0
github.com/e2eterraformprovider/terraform-provider-e2e/e2e/reserve_ip/sweep.go:29.2,33.16 3 0
github.com/e2eterraformprovider/terraform-provider-e2e/e2e/reserve_ip/sweep.go:33.16,35.3 1 0
github.com/e2eterraformprovider/terraform-provider-e2e/e2e/reserve_ip/sweep.go:37.2,37.26 1 0
github.com/e2eterraformprovider/terraform-provider-e2e/e2e/reserve_ip/sweep.go:37.26,40.3 2 0
github.com/e2eterraformprovider/terraform-provider-e2e/e2e/reserve_ip/sweep.go:42.2,45.32 3 0
github.com/e2eterraformprovider/terraform-provider-e2e/e2e/reserve_ip/sweep.go:45.32,51.64 1 0
github.com/e2eterraformprovider/terraform-provider-e2e/e2e/reserve_ip/sweep.go:51.64,53.12 2 0
github.com/e2eterraformprovider/terraform-provider-e2e/e2e/reserve_ip/sweep.go:56.3,59.17 3 0
github.com/e2eterraformprovider/terraform-provider-e2e/e2e/reserve_ip/sweep.go:59.17,61.12 2 0
github.com/e2eterraformprovider/terraform-provider-e2e/e2e/reserve_ip/sweep.go:64.3,65.74 2 0
github.com/e2eterraformprovider/terraform-provider-e2e/e2e/reserve_ip/sweep.go:68.2,69.12 2 0
github.com/e2eterraformprovider/terraform-provider-e2e/e2e/security_group/datasource_security_group.go:14.49,83.2 1 6
github.com/e2eterraformprovider/terraform-provider-e2e/e2e/security_group/datasource_security_group.go:85.111,96.16 7 5
github.com/e2eterraformprovider/terraform-provider-e2e/e2e/security_group/datasource_security_group.go:96.16,98.3 1 1
github.com/e2eterraformprovider/terraform-provider-e2e/e2e/security_group/datasource_security_group.go:101.2,102.30 2 4
github.com/e2eterraformprovider/terraform-provider-e2e/e2e/security_group/datasource_security_group.go:102.30,103.24 1 3
github.com/e2eterraformprovider/terraform-provider-e2e/e2e/security_group/datasource_security_group.go:103.24,105.9 2 2
github.com/e2eterraformprovider/terraform-provider-e2e/e2e/security_group/datasource_security_group.go:109.2,109.15 1 4
github.com/e2eterraformprovider/terraform-provider-e2e/e2e/security_group/datasource_security_group.go:109.15,111.3 1 2
github.com/e2eterraformprovider/terraform-provider-e2e/e2e/security_group/datasource_security_group.go:114.2,124.14 6 2
github.com/e2eterraformprovider/terraform-provider-e2e/e2e/security_group/resource_security_group.go:25.47,183.2 1 1
github.com/e2eterraformprovider/terraform-provider-e2e/e2e/security_group/resource_security_group.go:186.124,188.21 2 0
github.com/e2eterraformprovider/terraform-provider-e2e/e2e/security_group/resource_security_group.go:188.21,190.3 1 0
github.com/e2eterraformprovider/terraform-provider-e2e/e2e/security_group/resource_security_group.go:192.2,197.68 4 0
github.com/e2eterraformprovider/terraform-provider-e2e/e2e/security_group/resource_security_group.go:197.68,199.3 1 0
github.com/e2eterraformprovider/terraform-provider-e2e/e2e/security_group/resource_security_group.go:200.2,200.62 1 0
github.com/e2eterraformprovider/terraform-provider-e2e/e2e/security_group/resource_security_group.go:200.62,202.3 1 0
github.com/e2eterraformprovider/terraform-provider-e2e/e2e/security_group/resource_security_group.go:203.2,203.60 1 0
github.com/e2eterraformprovider/terraform-provider-e2e/e2e/security_group/resource_security_group.go:203.60,205.3 1 0
github.com/e2eterraformprovider/terraform-provider-e2e/e2e/security_group/resource_security_group.go:208.2,209.22 2 0
github.com/e2eterraformprovider/terraform-provider-e2e/e2e/security_group/resource_security_group.go:209.22,211.3 1 0
github.com/e2eterraformprovider/terraform-provider-e2e/e2e/security_group/resource_security_group.go:213.2,213.39 1 0
github.com/e2eterraformprovider/terraform-provider-e2e/e2e/security_group/resource_security_group.go:216.109,227.16 7 0
github.com/e2eterraformprovider/terraform-provider-e2e/e2e/security_group/resource_security_group.go:227.16,229.3 1 0
github.com/e2eterraformprovider/terraform-provider-e2e/e2e/security_group/resource_security_group.go:232.2,233.30 2 0
github.com/e2eterraformprovider/terraform-provider-e2e/e2e/security_group/resource_security_group.go:233.30,234.24 1 0
github.com/e2eterraformprovider/terraform-provider-e2e/e2e/security_group/resource_security_group.go:234.24,236.9 2 0
github.com/e2eterraformprovider/terraform-provider-e2e/e2e/security_group/resource_security_group.go:240.2,240.15 1 0
github.com/e2eterraformprovider/terraform-provider-e2e/e2e/security_group/resource_security_group.go:240.15,245.3 3 0
github.com/e2eterraformprovider/terraform-provider-e2e/e2e/security_group/resource_security_group.go:248.2,251.43 2 0
github.com/e2eterraformprovider/terraform-provider-e2e/e2e/security_group/resource_security_group.go:251.43,253.3 1 0
github.com/e2eterraformprovider/terraform-provider-e2e/e2e/security_group/resource_security_group.go:254.2,254.61 1 0
github.com/e2eterraformprovider/terraform-provider-e2e/e2e/security_group/resource_security_group.go:254.61,256.3 1 0
github.com/e2eterraformprovider/terraform-provider-e2e/e2e/security_group/resource_security_group.go:259.2,259.40 1 0
github.com/e2eterraformprovider/terraform-provider-e2e/e2e/security_group/resource_security_group.go:259.40,260.59 1 0
github.com/e2eterraformprovider/terraform-provider-e2e/e2e/security_group/resource_security_group.go:260.59,262.4 1 0
github.com/e2eterraformprovider/terraform-provider-e2e/e2e/security_group/resource_security_group.go:263.8,265.56 1 0
github.com/e2eterraformprovider/terraform-provider-e2e/e2e/security_group/resource_security_group.go:265.56,267.4 1 0
github.com/e2eterraformprovider/terraform-provider-e2e/e2e/security_group/resource_security_group.go:271.2,271.60 1 0
github.com/e2eterraformprovider/terraform-provider-e2e/e2e/security_group/resource_security_group.go:271.60,273.3 1 0
github.com/e2eterraformprovider/terraform-provider-e2e/e2e/security_group/resource_security_group.go:276.2,277.49 2 0
github.com/e2eterraformprovider/terraform-provider-e2e/e2e/security_group/resource_security_group.go:277.49,279.3 1 0
github.com/e2eterraformprovider/terraform-provider-e2e/e2e/security_group/resource_security_group.go:284.2,284.14 1 0
github.com/e2eterraformprovider/terraform-provider-e2e/e2e/security_group/resource_security_group.go:287.111,294.67 4 0
github.com/e2eterraformprovider/terraform-provider-e2e/e2e/security_group/resource_security_group.go:294.67,298.3 1 0
github.com/e2eterraformprovider/terraform-provider-e2e/e2e/security_group/resource_security_group.go:301.2,305.40 3 0
github.com/e2eterraformprovider/terraform-provider-e2e/e2e/security_group/resource_security_group.go:305.40,307.3 1 0
github.com/e2eterraformprovider/terraform-provider-e2e/e2e/security_group/resource_security_group.go:307.8,307.44 1 0
github.com/e2eterraformprovider/terraform-provider-e2e/e2e/security_group/resource_security_group.go:307.44,309.3 1 0
github.com/e2eterraformprovider/terraform-provider-e2e/e2e/security_group/resource_security_group.go:311.2,322.16 4 0
github.com/e2eterraformprovider/terraform-provider-e2e/e2e/security_group/resource_security_group.go:322.16,324.3 1 0
github.com/e2eterraformprovider/terraform-provider-e2e/e2e/security_group/resource_security_group.go:327.2,330.45 2 0
github.com/e2eterraformprovider/terraform-provider-e2e/e2e/security_group/resource_security_group.go:333.111,344.40 7 0
github.com/e2eterraformprovider/terraform-provider-e2e/e2e/security_group/resource_security_group.go:344.40,346.3 1 0
github.com/e2eterraformprovider/terraform-provider-e2e/e2e/security_group/resource_security_group.go:346.8,346.44 1 0
github.com/e2eterraformprovider/terraform-provider-e2e/e2e/security_group/resource_security_group.go:346.44,348.3 1 0
github.com/e2eterraformprovider/terraform-provider-e2e/e2e/security_group/resource_security_group.go:350.2,350.15 1 0
github.com/e2eterraformprovider/terraform-provider-e2e/e2e/security_group/resource_security_group.go:350.15,353.3 1 0
github.com/e2eterraformprovider/terraform-provider-e2e/e2e/security_group/resource_security_group.go:356.2,357.16 2 0
github.com/e2eterraformprovider/terraform-provider-e2e/e2e/security_group/resource_security_group.go:357.16,359.3 1 0
github.com/e2eterraformprovider/terraform-provider-e2e/e2e/security_group/resource_security_group.go:361.2,362.12 2 0
github.com/e2eterraformprovider/terraform-provider-e2e/e2e/security_group/resource_security_group.go:365.111,370.25 3 0
github.com/e2eterraformprovider/terraform-provider-e2e/e2e/security_group/resource_security_group.go:370.25,372.3 1 0
github.com/e2eterraformprovider/terraform-provider-e2e/e2e/security_group/resource_security_group.go:374.2,378.56 3 0
github.com/e2eterraformprovider/terraform-provider-e2e/e2e/security_group/resource_security_group.go:378.56,382.27 2 0
github.com/e2eterraformprovider/terraform-provider-e2e/e2e/security_group/resource_security_group.go:382.27,386.4 1 0
github.com/e2eterraformprovider/terraform-provider-e2e/e2e/security_group/resource_security_group.go:389.3,398.17 4 0
github.com/e2eterraformprovider/terraform-provider-e2e/e2e/security_group/resource_security_group.go:398.17,400.4 1 0
github.com/e2eterraformprovider/terraform-provider-e2e/e2e/security_group/resource_security_group.go:404.2,404.57 1 0
github.com/e2eterraformprovider/terraform-provider-e2e/e2e/security_group/resource_security_group.go:404.57,409.41 3 0
github.com/e2eterraformprovider/terraform-provider-e2e/e2e/security_group/resource_security_group.go:409.41,411.4 1 0
github.com/e2eterraformprovider/terraform-provider-e2e/e2e/security_group/resource_security_group.go:411.9,411.45 1 0
github.com/e2eterraformprovider/terraform-provider-e2e/e2e/security_group/resource_security_group.go:411.45,413.4 1 0
github.com/e2eterraformprovider/terraform-provider-e2e/e2e/security_group/resource_security_group.go:415.3,415.16 1 0
github.com/e2eterraformprovider/terraform-provider-e2e/e2e/security_group/resource_security_group.go:415.16,417.18 2 0
github.com/e2eterraformprovider/terraform-provider-e2e/e2e/security_group/resource_security_group.go:417.18,419.5 1 0
github.com/e2eterraformprovider/terraform-provider-e2e/e2e/security_group/resource_security_group.go:420.9,423.4 1 0
github.com/e2eterraformprovider/terraform-provider-e2e/e2e/security_group/resource_security_group.go:428.2,428.45 1 0
github.com/e2eterraformprovider/terraform-provider-e2e/e2e/security_group/resource_security_group.go:434.64,435.21 1 13
github.com/e2eterraformprovider/terraform-provider-e2e/e2e/security_group/resource_security_group.go:435.21,437.3 1 2
github.com/e2eterraformprovider/terraform-provider-e2e/e2e/security_group/resource_security_group.go:439.2,440.29 2 11
github.com/e2eterraformprovider/terraform-provider-e2e/e2e/security_group/resource_security_group.go:440.29,442.30 2 20
github.com/e2eterraformprovider/terraform-provider-e2e/e2e/security_group/resource_security_group.go:442.30,444.4 1 10
github.com/e2eterraformprovider/terraform-provider-e2e/e2e/security_group/resource_security_group.go:446.3,455.4 1 20
github.com/e2eterraformprovider/terraform-provider-e2e/e2e/security_group/resource_security_group.go:458.2,458.17 1 11
github.com/e2eterraformprovider/terraform-provider-e2e/e2e/security_group/resource_security_group.go:462.55,463.24 1 10
github.com/e2eterraformprovider/terraform-provider-e2e/e2e/security_group/resource_security_group.go:463.24,465.3 1 1
github.com/e2eterraformprovider/terraform-provider-e2e/e2e/security_group/resource_security_group.go:467.2,468.31 2 9
github.com/e2eterraformprovider/terraform-provider-e2e/e2e/security_group/resource_security_group.go:468.31,473.38 4 20
github.com/e2eterraformprovider/terraform-provider-e2e/e2e/security_group/resource_security_group.go:473.38,476.4 2 3
github.com/e2eterraformprovider/terraform-provider-e2e/e2e/security_group/resource_security_group.go:476.9,476.58 1 17
github.com/e2eterraformprovider/terraform-provider-e2e/e2e/security_group/resource_security_group.go:476.58,478.4 1 4
github.com/e2eterraformprovider/terraform-provider-e2e/e2e/security_group/resource_security_group.go:480.3,488.4 1 20
github.com/e2eterraformprovider/terraform-provider-e2e/e2e/security_group/resource_security_group.go:491.2,491.14 1 9
github.com/e2eterraformprovider/terraform-provider-e2e/e2e/security_group/resource_security_group.go:495.62,496.24 1 8
github.com/e2eterraformprovider/terraform-provider-e2e/e2e/security_group/resource_security_group.go:496.24,498.3 1 1
github.com/e2eterraformprovider/terraform-provider-e2e/e2e/security_group/resource_security_group.go:500.2,501.31 2 7
github.com/e2eterraformprovider/terraform-provider-e2e/e2e/security_group/resource_security_group.go:501.31,507.54 4 8
github.com/e2eterraformprovider/terraform-provider-e2e/e2e/security_group/resource_security_group.go:507.54,509.4 1 5
github.com/e2eterraformprovider/terraform-provider-e2e/e2e/security_group/resource_security_group.go:511.3,512.38 2 8
github.com/e2eterraformprovider/terraform-provider-e2e/e2e/security_group/resource_security_group.go:512.38,515.4 2 1
github.com/e2eterraformprovider/terraform-provider-e2e/e2e/security_group/resource_security_group.go:515.9,515.58 1 7
github.com/e2eterraformprovider/terraform-provider-e2e/e2e/security_group/resource_security_group.go:515.58,517.4 1 4
github.com/e2eterraformprovider/terraform-provider-e2e/e2e/security_group/resource_security_group.go:519.3,528.4 1 8
github.com/e2eterraformprovider/terraform-provider-e2e/e2e/security_group/resource_security_group.go:531.2,531.14 1 7
github.com/e2eterraformprovider/terraform-provider-e2e/e2e/security_group/resource_security_group.go:536.57,604.2 1 1
github.com/e2eterraformprovider/terraform-provider-e2e/e2e/security_group/resource_security_group.go:616.35,618.44 1 5
github.com/e2eterraformprovider/terraform-provider-e2e/e2e/security_group/resource_security_group.go:618.44,620.3 1 4
github.com/e2eterraformprovider/terraform-provider-e2e/e2e/security_group/resource_security_group.go:629.2,630.22 2 5
github.com/e2eterraformprovider/terraform-provider-e2e/e2e/security_group/sweep.go:12.13,17.2 1 1
github.com/e2eterraformprovider/terraform-provider-e2e/e2e/security_group/sweep.go:19.47,21.16 2 0
github.com/e2eterraformprovider/terraform-provider-e2e/e2e/security_group/sweep.go:21.16,24.3 2 0
github.com/e2eterraformprovider/terraform-provider-e2e/e2e/security_group/sweep.go:29.2,52.12 3 0
github.com/e2eterraformprovider/terraform-provider-e2e/e2e/sfs/datasource_sfss.go:17.39,96.2 1 4
github.com/e2eterraformprovider/terraform-provider-e2e/e2e/sfs/datasource_sfss.go:98.101,106.16 5 0
github.com/e2eterraformprovider/terraform-provider-e2e/e2e/sfs/datasource_sfss.go:106.16,108.3 1 0
github.com/e2eterraformprovider/terraform-provider-e2e/e2e/sfs/datasource_sfss.go:111.2,112.16 2 0
github.com/e2eterraformprovider/terraform-provider-e2e/e2e/sfs/datasource_sfss.go:112.16,114.3 1 0
github.com/e2eterraformprovider/terraform-provider-e2e/e2e/sfs/datasource_sfss.go:117.2,118.16 2 0
github.com/e2eterraformprovider/terraform-provider-e2e/e2e/sfs/datasource_sfss.go:118.16,120.3 1 0
github.com/e2eterraformprovider/terraform-provider-e2e/e2e/sfs/datasource_sfss.go:123.2,124.16 2 0
github.com/e2eterraformprovider/terraform-provider-e2e/e2e/sfs/datasource_sfss.go:124.16,126.3 1 0
github.com/e2eterraformprovider/terraform-provider-e2e/e2e/sfs/datasource_sfss.go:128.2,130.67 2 0
github.com/e2eterraformprovider/terraform-provider-e2e/e2e/sfs/datasource_sfss.go:130.67,132.3 1 0
github.com/e2eterraformprovider/terraform-provider-e2e/e2e/sfs/datasource_sfss.go:134.2,136.14 2 0
github.com/e2eterraformprovider/terraform-provider-e2e/e2e/sfs/datasource_sfss.go:140.56,141.23 1 16
github.com/e2eterraformprovider/terraform-provider-e2e/e2e/sfs/datasource_sfss.go:141.23,143.3 1 2
github.com/e2eterraformprovider/terraform-provider-e2e/e2e/sfs/datasource_sfss.go:145.2,147.30 2 14
github.com/e2eterraformprovider/terraform-provider-e2e/e2e/sfs/datasource_sfss.go:147.30,161.25 12 16
github.com/e2eterraformprovider/terraform-provider-e2e/e2e/sfs/datasource_sfss.go:161.25,163.61 2 14
github.com/e2eterraformprovider/terraform-provider-e2e/e2e/sfs/datasource_sfss.go:163.61,165.5 1 13
github.com/e2eterraformprovider/terraform-provider-e2e/e2e/sfs/datasource_sfss.go:168.3,168.14 1 16
github.com/e2eterraformprovider/terraform-provider-e2e/e2e/sfs/datasource_sfss.go:171.2,171.12 1 14
github.com/e2eterraformprovider/terraform-provider-e2e/e2e/sfs/helpers.go:21.46,22.33 1 65
github.com/e2eterraformprovider/terraform-provider-e2e/e2e/sfs/helpers.go:23.57,24.41 1 13
github.com/e2eterraformprovider/terraform-provider-e2e/e2e/sfs/helpers.go:25.55,26.39 1 25
github.com/e2eterraformprovider/terraform-provider-e2e/e2e/sfs/helpers.go:27.57,28.41 1 5
github.com/e2eterraformprovider/terraform-provider-e2e/e2e/sfs/helpers.go:29.56,30.40 1 5
github.com/e2eterraformprovider/terraform-provider-e2e/e2e/sfs/helpers.go:31.54,32.38 1 9
github.com/e2eterraformprovider/terraform-provider-e2e/e2e/sfs/helpers.go:33.10,34.33 1 8
github.com/e2eterraformprovider/terraform-provider-e2e/e2e/sfs/helpers.go:39.131,41.38 1 21
github.com/e2eterraformprovider/terraform-provider-e2e/e2e/sfs/helpers.go:41.38,42.41 1 25
github.com/e2eterraformprovider/terraform-provider-e2e/e2e/sfs/helpers.go:42.41,44.4 1 0
github.com/e2eterraformprovider/terraform-provider-e2e/e2e/sfs/helpers.go:45.3,46.17 2 25
github.com/e2eterraformprovider/terraform-provider-e2e/e2e/sfs/helpers.go:46.17,48.133 1 5
github.com/e2eterraformprovider/terraform-provider-e2e/e2e/sfs/helpers.go:48.133,49.119 1 4
github.com/e2eterraformprovider/terraform-provider-e2e/e2e/sfs/helpers.go:49.119,51.6 1 3
github.com/e2eterraformprovider/terraform-provider-e2e/e2e/sfs/helpers.go:52.5,52.64 1 1
github.com/e2eterraformprovider/terraform-provider-e2e/e2e/sfs/helpers.go:55.4,56.21 2 1
github.com/e2eterraformprovider/terraform-provider-e2e/e2e/sfs/helpers.go:59.3,59.17 1 20
github.com/e2eterraformprovider/terraform-provider-e2e/e2e/sfs/helpers.go:59.17,60.118 1 1
github.com/e2eterraformprovider/terraform-provider-e2e/e2e/sfs/helpers.go:60.118,62.5 1 1
github.com/e2eterraformprovider/terraform-provider-e2e/e2e/sfs/helpers.go:63.4,63.63 1 0
github.com/e2eterraformprovider/terraform-provider-e2e/e2e/sfs/helpers.go:66.3,70.74 3 19
github.com/e2eterraformprovider/terraform-provider-e2e/e2e/sfs/helpers.go:70.74,73.4 2 11
github.com/e2eterraformprovider/terraform-provider-e2e/e2e/sfs/helpers.go:76.3,76.55 1 8
github.com/e2eterraformprovider/terraform-provider-e2e/e2e/sfs/helpers.go:76.55,78.4 1 2
github.com/e2eterraformprovider/terraform-provider-e2e/e2e/sfs/helpers.go:80.3,81.20 2 6
github.com/e2eterraformprovider/terraform-provider-e2e/e2e/sfs/helpers.go:85.2,85.9 1 21
github.com/e2eterraformprovider/terraform-provider-e2e/e2e/sfs/helpers.go:86.20,87.19 1 1
github.com/e2eterraformprovider/terraform-provider-e2e/e2e/sfs/helpers.go:88.10,88.10 0 20
github.com/e2eterraformprovider/terraform-provider-e2e/e2e/sfs/helpers.go:92.2,93.10 2 20
github.com/e2eterraformprovider/terraform-provider-e2e/e2e/sfs/helpers.go:93.10,95.3 1 10
github.com/e2eterraformprovider/terraform-provider-e2e/e2e/sfs/helpers.go:96.2,96.16 1 10
github.com/e2eterraformprovider/terraform-provider-e2e/e2e/sfs/helpers.go:96.16,98.3 1 3
github.com/e2eterraformprovider/terraform-provider-e2e/e2e/sfs/helpers.go:100.2,105.6 4 7
github.com/e2eterraformprovider/terraform-provider-e2e/e2e/sfs/helpers.go:105.6,106.10 1 7
github.com/e2eterraformprovider/terraform-provider-e2e/e2e/sfs/helpers.go:107.21,108.20 1 1
github.com/e2eterraformprovider/terraform-provider-e2e/e2e/sfs/helpers.go:110.22,111.86 1 1
github.com/e2eterraformprovider/terraform-provider-e2e/e2e/sfs/helpers.go:113.19,115.12 2 5
github.com/e2eterraformprovider/terraform-provider-e2e/e2e/sfs/helpers.go:115.12,117.5 1 5
github.com/e2eterraformprovider/terraform-provider-e2e/e2e/sfs/helpers.go:118.4,118.18 1 0
github.com/e2eterraformprovider/terraform-provider-e2e/e2e/sfs/helpers.go:118.18,120.5 1 0
github.com/e2eterraformprovider/terraform-provider-e2e/e2e/sfs/helpers.go:126.86,128.2 1 3
github.com/e2eterraformprovider/terraform-provider-e2e/e2e/sfs/helpers.go:134.79,137.20 2 14
github.com/e2eterraformprovider/terraform-provider-e2e/e2e/sfs/helpers.go:138.9,141.28 2 6
github.com/e2eterraformprovider/terraform-provider-e2e/e2e/sfs/helpers.go:143.9,148.53 4 5
github.com/e2eterraformprovider/terraform-provider-e2e/e2e/sfs/helpers.go:148.53,150.4 1 3
github.com/e2eterraformprovider/terraform-provider-e2e/e2e/sfs/helpers.go:151.3,151.39 1 2
github.com/e2eterraformprovider/terraform-provider-e2e/e2e/sfs/helpers.go:153.10,154.59 1 3
github.com/e2eterraformprovider/terraform-provider-e2e/e2e/sfs/helpers.go:160.95,166.29 2 14
github.com/e2eterraformprovider/terraform-provider-e2e/e2e/sfs/helpers.go:166.29,168.53 1 13
github.com/e2eterraformprovider/terraform-provider-e2e/e2e/sfs/helpers.go:168.53,169.39 1 12
github.com/e2eterraformprovider/terraform-provider-e2e/e2e/sfs/helpers.go:169.39,171.5 1 6
github.com/e2eterraformprovider/terraform-provider-e2e/e2e/sfs/helpers.go:174.3,174.55 1 7
github.com/e2eterraformprovider/terraform-provider-e2e/e2e/sfs/helpers.go:174.55,175.39 1 4
github.com/e2eterraformprovider/terraform-provider-e2e/e2e/sfs/helpers.go:175.39,177.5 1 3
github.com/e2eterraformprovider/terraform-provider-e2e/e2e/sfs/helpers.go:181.2,181.21 1 5
github.com/e2eterraformprovider/terraform-provider-e2e/e2e/sfs/helpers.go:185.91,191.29 2 7
github.com/e2eterraformprovider/terraform-provider-e2e/e2e/sfs/helpers.go:191.29,193.51 1 7
github.com/e2eterraformprovider/terraform-provider-e2e/e2e/sfs/helpers.go:193.51,194.39 1 6
github.com/e2eterraformprovider/terraform-provider-e2e/e2e/sfs/helpers.go:194.39,196.5 1 3
github.com/e2eterraformprovider/terraform-provider-e2e/e2e/sfs/helpers.go:199.3,199.55 1 4
github.com/e2eterraformprovider/terraform-provider-e2e/e2e/sfs/helpers.go:199.55,200.39 1 3
github.com/e2eterraformprovider/terraform-provider-e2e/e2e/sfs/helpers.go:200.39,202.5 1 2
github.com/e2eterraformprovider/terraform-provider-e2e/e2e/sfs/helpers.go:206.2,206.21 1 2
github.com/e2eterraformprovider/terraform-provider-e2e/e2e/sfs/helpers.go:210.111,216.29 2 11
github.com/e2eterraformprovider/terraform-provider-e2e/e2e/sfs/helpers.go:216.29,218.52 1 9
github.com/e2eterraformprovider/terraform-provider-e2e/e2e/sfs/helpers.go:218.52,219.31 1 9
github.com/e2eterraformprovider/terraform-provider-e2e/e2e/sfs/helpers.go:219.31,221.5 1 6
github.com/e2eterraformprovider/terraform-provider-e2e/e2e/sfs/helpers.go:224.3,224.54 1 3
github.com/e2eterraformprovider/terraform-provider-e2e/e2e/sfs/helpers.go:224.54,225.31 1 2
github.com/e2eterraformprovider/terraform-provider-e2e/e2e/sfs/helpers.go:225.31,227.5 1 1
github.com/e2eterraformprovider/terraform-provider-e2e/e2e/sfs/helpers.go:231.2,231.14 1 4
github.com/e2eterraformprovider/terraform-provider-e2e/e2e/sfs/helpers.go:235.55,237.2 1 5
github.com/e2eterraformprovider/terraform-provider-e2e/e2e/sfs/resource_sfs.go:20.37,175.2 1 11
github.com/e2eterraformprovider/terraform-provider-e2e/e2e/sfs/resource_sfs.go:177.70,182.9 4 10
github.com/e2eterraformprovider/terraform-provider-e2e/e2e/sfs/resource_sfs.go:182.9,185.3 2 1
github.com/e2eterraformprovider/terraform-provider-e2e/e2e/sfs/resource_sfs.go:186.2,187.37 2 9
github.com/e2eterraformprovider/terraform-provider-e2e/e2e/sfs/resource_sfs.go:187.37,190.3 2 5
github.com/e2eterraformprovider/terraform-provider-e2e/e2e/sfs/resource_sfs.go:191.2,191.20 1 4
github.com/e2eterraformprovider/terraform-provider-e2e/e2e/sfs/resource_sfs.go:194.101,199.16 4 0
github.com/e2eterraformprovider/terraform-provider-e2e/e2e/sfs/resource_sfs.go:199.16,201.3 1 0
github.com/e2eterraformprovider/terraform-provider-e2e/e2e/sfs/resource_sfs.go:203.2,204.16 2 0
github.com/e2eterraformprovider/terraform-provider-e2e/e2e/sfs/resource_sfs.go:204.16,206.3 1 0
github.com/e2eterraformprovider/terraform-provider-e2e/e2e/sfs/resource_sfs.go:209.2,210.16 2 0
github.com/e2eterraformprovider/terraform-provider-e2e/e2e/sfs/resource_sfs.go:210.16,212.3 1 0
github.com/e2eterraformprovider/terraform-provider-e2e/e2e/sfs/resource_sfs.go:214.2,222.17 6 0
github.com/e2eterraformprovider/terraform-provider-e2e/e2e/sfs/resource_sfs.go:222.17,224.3 1 0
github.com/e2eterraformprovider/terraform-provider-e2e/e2e/sfs/resource_sfs.go:227.2,227.95 1 0
github.com/e2eterraformprovider/terraform-provider-e2e/e2e/sfs/resource_sfs.go:227.95,228.54 1 0
github.com/e2eterraformprovider/terraform-provider-e2e/e2e/sfs/resource_sfs.go:228.54,230.4 1 0
github.com/e2eterraformprovider/terraform-provider-e2e/e2e/sfs/resource_sfs.go:234.2,235.15 2 0
github.com/e2eterraformprovider/terraform-provider-e2e/e2e/sfs/resource_sfs.go:235.15,237.3 1 0
github.com/e2eterraformprovider/terraform-provider-e2e/e2e/sfs/resource_sfs.go:240.2,240.95 1 0
github.com/e2eterraformprovider/terraform-provider-e2e/e2e/sfs/resource_sfs.go:240.95,241.52 1 0
github.com/e2eterraformprovider/terraform-provider-e2e/e2e/sfs/resource_sfs.go:241.52,243.4 1 0
github.com/e2eterraformprovider/terraform-provider-e2e/e2e/sfs/resource_sfs.go:247.2,250.117 2 0
github.com/e2eterraformprovider/terraform-provider-e2e/e2e/sfs/resource_sfs.go:250.117,251.65 1 0
github.com/e2eterraformprovider/terraform-provider-e2e/e2e/sfs/resource_sfs.go:251.65,253.4 1 0
github.com/e2eterraformprovider/terraform-provider-e2e/e2e/sfs/resource_sfs.go:256.2,265.67 2 0
github.com/e2eterraformprovider/terraform-provider-e2e/e2e/sfs/resource_sfs.go:265.67,267.3 1 0
github.com/e2eterraformprovider/terraform-provider-e2e/e2e/sfs/resource_sfs.go:269.2,270.16 2 0
github.com/e2eterraformprovider/terraform-provider-e2e/e2e/sfs/resource_sfs.go:270.16,272.3 1 0
github.com/e2eterraformprovider/terraform-provider-e2e/e2e/sfs/resource_sfs.go:274.2,276.32 2 0
github.com/e2eterraformprovider/terraform-provider-e2e/e2e/sfs/resource_sfs.go:276.32,278.3 1 0
github.com/e2eterraformprovider/terraform-provider-e2e/e2e/sfs/resource_sfs.go:280.2,283.51 2 0
github.com/e2eterraformprovider/terraform-provider-e2e/e2e/sfs/resource_sfs.go:283.51,284.59 1 0
github.com/e2eterraformprovider/terraform-provider-e2e/e2e/sfs/resource_sfs.go:284.59,286.4 1 0
github.com/e2eterraformprovider/terraform-provider-e2e/e2e/sfs/resource_sfs.go:290.2,290.62 1 0
github.com/e2eterraformprovider/terraform-provider-e2e/e2e/sfs/resource_sfs.go:290.62,292.3 1 0
github.com/e2eterraformprovider/terraform-provider-e2e/e2e/sfs/resource_sfs.go:294.2,294.14 1 0
github.com/e2eterraformprovider/terraform-provider-e2e/e2e/sfs/resource_sfs.go:297.99,305.16 6 0
github.com/e2eterraformprovider/terraform-provider-e2e/e2e/sfs/resource_sfs.go:305.16,307.3 1 0
github.com/e2eterraformprovider/terraform-provider-e2e/e2e/sfs/resource_sfs.go:309.2,310.16 2 0
github.com/e2eterraformprovider/terraform-provider-e2e/e2e/sfs/resource_sfs.go:310.16,312.3 1 0
github.com/e2eterraformprovider/terraform-provider-e2e/e2e/sfs/resource_sfs.go:315.2,316.16 2 0
github.com/e2eterraformprovider/terraform-provider-e2e/e2e/sfs/resource_sfs.go:316.16,318.3 1 0
github.com/e2eterraformprovider/terraform-provider-e2e/e2e/sfs/resource_sfs.go:320.2,321.16 2 0
github.com/e2eterraformprovider/terraform-provider-e2e/e2e/sfs/resource_sfs.go:321.16,322.132 1 0
github.com/e2eterraformprovider/terraform-provider-e2e/e2e/sfs/resource_sfs.go:322.132,326.4 3 0
github.com/e2eterraformprovider/terraform-provider-e2e/e2e/sfs/resource_sfs.go:327.3,327.147 1 0
github.com/e2eterraformprovider/terraform-provider-e2e/e2e/sfs/resource_sfs.go:330.2,330.16 1 0
github.com/e2eterraformprovider/terraform-provider-e2e/e2e/sfs/resource_sfs.go:330.16,334.3 3 0
github.com/e2eterraformprovider/terraform-provider-e2e/e2e/sfs/resource_sfs.go:337.2,337.62 1 0
github.com/e2eterraformprovider/terraform-provider-e2e/e2e/sfs/resource_sfs.go:337.62,339.3 1 0
github.com/e2eterraformprovider/terraform-provider-e2e/e2e/sfs/resource_sfs.go:340.2,340.66 1 0
github.com/e2eterraformprovider/terraform-provider-e2e/e2e/sfs/resource_sfs.go:340.66,342.3 1 0
github.com/e2eterraformprovider/terraform-provider-e2e/e2e/sfs/resource_sfs.go:343.2,343.64 1 0
github.com/e2eterraformprovider/terraform-provider-e2e/e2e/sfs/resource_sfs.go:343.64,345.3 1 0
github.com/e2eterraformprovider/terraform-provider-e2e/e2e/sfs/resource_sfs.go:348.2,348.24 1 0
github.com/e2eterraformprovider/terraform-provider-e2e/e2e/sfs/resource_sfs.go:348.24,350.60 2 0
github.com/e2eterraformprovider/terraform-provider-e2e/e2e/sfs/resource_sfs.go:350.60,352.65 1 0
github.com/e2eterraformprovider/terraform-provider-e2e/e2e/sfs/resource_sfs.go:352.65,354.5 1 0
github.com/e2eterraformprovider/terraform-provider-e2e/e2e/sfs/resource_sfs.go:355.4,355.67 1 0
github.com/e2eterraformprovider/terraform-provider-e2e/e2e/sfs/resource_sfs.go:355.67,357.5 1 0
github.com/e2eterraformprovider/terraform-provider-e2e/e2e/sfs/resource_sfs.go:362.2,362.66 1 0
github.com/e2eterraformprovider/terraform-provider-e2e/e2e/sfs/resource_sfs.go:362.66,364.3 1 0
github.com/e2eterraformprovider/terraform-provider-e2e/e2e/sfs/resource_sfs.go:365.2,365.70 1 0
github.com/e2eterraformprovider/terraform-provider-e2e/e2e/sfs/resource_sfs.go:365.70,367.3 1 0
github.com/e2eterraformprovider/terraform-provider-e2e/e2e/sfs/resource_sfs.go:370.2,370.90 1 0
github.com/e2eterraformprovider/terraform-provider-e2e/e2e/sfs/resource_sfs.go:370.90,372.3 1 0
github.com/e2eterraformprovider/terraform-provider-e2e/e2e/sfs/resource_sfs.go:373.2,373.92 1 0
github.com/e2eterraformprovider/terraform-provider-e2e/e2e/sfs/resource_sfs.go:373.92,375.3 1 0
github.com/e2eterraformprovider/terraform-provider-e2e/e2e/sfs/resource_sfs.go:378.2,378.66 1 0
github.com/e2eterraformprovider/terraform-provider-e2e/e2e/sfs/resource_sfs.go:378.66,380.3 1 0
github.com/e2eterraformprovider/terraform-provider-e2e/e2e/sfs/resource_sfs.go:383.2,384.70 2 0
github.com/e2eterraformprovider/terraform-provider-e2e/e2e/sfs/resource_sfs.go:384.70,386.3 1 0
github.com/e2eterraformprovider/terraform-provider-e2e/e2e/sfs/resource_sfs.go:389.2,389.85 1 0
github.com/e2eterraformprovider/terraform-provider-e2e/e2e/sfs/resource_sfs.go:389.85,391.3 1 0
github.com/e2eterraformprovider/terraform-provider-e2e/e2e/sfs/resource_sfs.go:392.2,392.83 1 0
github.com/e2eterraformprovider/terraform-provider-e2e/e2e/sfs/resource_sfs.go:392.83,394.3 1 0
github.com/e2eterraformprovider/terraform-provider-e2e/e2e/sfs/resource_sfs.go:397.2,397.84 1 0
github.com/e2eterraformprovider/terraform-provider-e2e/e2e/sfs/resource_sfs.go:397.84,399.3 1 0
github.com/e2eterraformprovider/terraform-provider-e2e/e2e/sfs/resource_sfs.go:401.2,401.14 1 0
github.com/e2eterraformprovider/terraform-provider-e2e/e2e/sfs/resource_sfs.go:404.101,410.16 5 0
github.com/e2eterraformprovider/terraform-provider-e2e/e2e/sfs/resource_sfs.go:410.16,412.3 1 0
github.com/e2eterraformprovider/terraform-provider-e2e/e2e/sfs/resource_sfs.go:414.2,415.16 2 0
github.com/e2eterraformprovider/terraform-provider-e2e/e2e/sfs/resource_sfs.go:415.16,417.3 1 0
github.com/e2eterraformprovider/terraform-provider-e2e/e2e/sfs/resource_sfs.go:420.2,421.48 2 0
github.com/e2eterraformprovider/terraform-provider-e2e/e2e/sfs/resource_sfs.go:421.48,423.3 1 0
github.com/e2eterraformprovider/terraform-provider-e2e/e2e/sfs/resource_sfs.go:426.2,427.16 2 0
github.com/e2eterraformprovider/terraform-provider-e2e/e2e/sfs/resource_sfs.go:427.16,429.3 1 0
github.com/e2eterraformprovider/terraform-provider-e2e/e2e/sfs/resource_sfs.go:431.2,432.16 2 0
github.com/e2eterraformprovider/terraform-provider-e2e/e2e/sfs/resource_sfs.go:432.16,434.3 1 0
github.com/e2eterraformprovider/terraform-provider-e2e/e2e/sfs/resource_sfs.go:436.2,437.14 2 0
github.com/e2eterraformprovider/terraform-provider-e2e/e2e/sfs/resource_sfs_state_upgrade.go:13.47,66.2 1 12
github.com/e2eterraformprovider/terraform-provider-e2e/e2e/sfs/resource_sfs_state_upgrade.go:69.140,73.21 2 38
github.com/e2eterraformprovider/terraform-provider-e2e/e2e/sfs/resource_sfs_state_upgrade.go:73.21,75.3 1 1
github.com/e2eterraformprovider/terraform-provider-e2e/e2e/sfs/resource_sfs_state_upgrade.go:78.2,78.92 1 38
github.com/e2eterraformprovider/terraform-provider-e2e/e2e/sfs/resource_sfs_state_upgrade.go:78.92,81.3 2 17
github.com/e2eterraformprovider/terraform-provider-e2e/e2e/sfs/resource_sfs_state_upgrade.go:84.2,84.92 1 38
github.com/e2eterraformprovider/terraform-provider-e2e/e2e/sfs/resource_sfs_state_upgrade.go:84.92,87.3 2 17
github.com/e2eterraformprovider/terraform-provider-e2e/e2e/sfs/resource_sfs_state_upgrade.go:90.2,90.111 1 38
github.com/e2eterraformprovider/terraform-provider-e2e/e2e/sfs/resource_sfs_state_upgrade.go:90.111,93.3 2 11
github.com/e2eterraformprovider/terraform-provider-e2e/e2e/sfs/resource_sfs_state_upgrade.go:97.2,97.51 1 38
github.com/e2eterraformprovider/terraform-provider-e2e/e2e/sfs/resource_sfs_state_upgrade.go:97.51,99.3 1 38
github.com/e2eterraformprovider/terraform-provider-e2e/e2e/sfs/resource_sfs_state_upgrade.go:102.2,102.100 1 38
github.com/e2eterraformprovider/terraform-provider-e2e/e2e/sfs/resource_sfs_state_upgrade.go:102.100,104.3 1 2
github.com/e2eterraformprovider/terraform-provider-e2e/e2e/sfs/resource_sfs_state_upgrade.go:104.8,104.66 1 36
github.com/e2eterraformprovider/terraform-provider-e2e/e2e/sfs/resource_sfs_state_upgrade.go:104.66,106.3 1 36
github.com/e2eterraformprovider/terraform-provider-e2e/e2e/sfs/resource_sfs_state_upgrade.go:109.2,109.50 1 38
github.com/e2eterraformprovider/terraform-provider-e2e/e2e/sfs/resource_sfs_state_upgrade.go:109.50,111.3 1 38
github.com/e2eterraformprovider/terraform-provider-e2e/e2e/sfs/resource_sfs_state_upgrade.go:114.2,114.61 1 38
github.com/e2eterraformprovider/terraform-provider-e2e/e2e/sfs/resource_sfs_state_upgrade.go:114.61,116.3 1 37
github.com/e2eterraformprovider/terraform-provider-e2e/e2e/sfs/resource_sfs_state_upgrade.go:119.2,119.55 1 38
github.com/e2eterraformprovider/terraform-provider-e2e/e2e/sfs/resource_sfs_state_upgrade.go:119.55,121.3 1 37
github.com/e2eterraformprovider/terraform-provider-e2e/e2e/sfs/resource_sfs_state_upgrade.go:124.2,124.61 1 38
github.com/e2eterraformprovider/terraform-provider-e2e/e2e/sfs/resource_sfs_state_upgrade.go:124.61,126.3 1 36
github.com/e2eterraformprovider/terraform-provider-e2e/e2e/sfs/resource_sfs_state_upgrade.go:128.2,129.22 2 38
github.com/e2eterraformprovider/terraform-provider-e2e/e2e/sfs/sweep.go:15.13,20.2 1 1
github.com/e2eterraformprovider/terraform-provider-e2e/e2e/sfs/sweep.go:22.36,24.16 2 0
github.com/e2eterraformprovider/terraform-provider-e2e/e2e/sfs/sweep.go:24.16,26.3 1 0
github.com/e2eterraformprovider/terraform-provider-e2e/e2e/sfs/sweep.go:28.2,29.16 2 0
github.com/e2eterraformprovider/terraform-provider-e2e/e2e/sfs/sweep.go:29.16,31.3 1 0
github.com/e2eterraformprovider/terraform-provider-e2e/e2e/sfs/sweep.go:33.2,36.16 3 0
github.com/e2eterraformprovider/terraform-provider-e2e/e2e/sfs/sweep.go:36.16,38.3 1 0
github.com/e2eterraformprovider/terraform-provider-e2e/e2e/sfs/sweep.go:40.2,43.30 3 0
github.com/e2eterraformprovider/terraform-provider-e2e/e2e/sfs/sweep.go:43.30,44.51 1 0
github.com/e2eterraformprovider/terraform-provider-e2e/e2e/sfs/sweep.go:44.51,46.12 2 0
github.com/e2eterraformprovider/terraform-provider-e2e/e2e/sfs/sweep.go:49.3,52.17 3 0
github.com/e2eterraformprovider/terraform-provider-e2e/e2e/sfs/sweep.go:52.17,54.12 2 0
github.com/e2eterraformprovider/terraform-provider-e2e/e2e/sfs/sweep.go:57.3,58.62 2 0
github.com/e2eterraformprovider/terraform-provider-e2e/e2e/sfs/sweep.go:61.2,63.12 2 0
github.com/e2eterraformprovider/terraform-provider-e2e/e2e/ssh_key/datasource_ssh_key.go:15.42,59.2 1 5
github.com/e2eterraformprovider/terraform-provider-e2e/e2e/ssh_key/datasource_ssh_key.go:62.104,68.17 5 4
github.com/e2eterraformprovider/terraform-provider-e2e/e2e/ssh_key/datasource_ssh_key.go:68.17,70.3 1 1
github.com/e2eterraformprovider/terraform-provider-e2e/e2e/ssh_key/datasource_ssh_key.go:72.2,76.16 3 3
github.com/e2eterraformprovider/terraform-provider-e2e/e2e/ssh_key/datasource_ssh_key.go:76.16,78.3 1 2
github.com/e2eterraformprovider/terraform-provider-e2e/e2e/ssh_key/datasource_ssh_key.go:81.2,81.19 1 1
github.com/e2eterraformprovider/terraform-provider-e2e/e2e/ssh_key/datasource_ssh_key.go:81.19,83.3 1 0
github.com/e2eterraformprovider/terraform-provider-e2e/e2e/ssh_key/datasource_ssh_key.go:85.2,91.52 3 1
github.com/e2eterraformprovider/terraform-provider-e2e/e2e/ssh_key/datasource_ssh_key.go:91.52,93.3 1 0
github.com/e2eterraformprovider/terraform-provider-e2e/e2e/ssh_key/datasource_ssh_key.go:94.2,94.55 1 1
github.com/e2eterraformprovider/terraform-provider-e2e/e2e/ssh_key/datasource_ssh_key.go:94.55,96.3 1 0
github.com/e2eterraformprovider/terraform-provider-e2e/e2e/ssh_key/datasource_ssh_key.go:97.2,97.75 1 1
github.com/e2eterraformprovider/terraform-provider-e2e/e2e/ssh_key/datasource_ssh_key.go:97.75,99.3 1 0
github.com/e2eterraformprovider/terraform-provider-e2e/e2e/ssh_key/datasource_ssh_key.go:103.2,103.63 1 1
github.com/e2eterraformprovider/terraform-provider-e2e/e2e/ssh_key/datasource_ssh_key.go:103.63,105.3 1 0
github.com/e2eterraformprovider/terraform-provider-e2e/e2e/ssh_key/datasource_ssh_key.go:107.2,108.14 2 1
github.com/e2eterraformprovider/terraform-provider-e2e/e2e/ssh_key/datasource_ssh_keys.go:14.43,58.2 1 4
github.com/e2eterraformprovider/terraform-provider-e2e/e2e/ssh_key/datasource_ssh_keys.go:60.105,68.16 5 3
github.com/e2eterraformprovider/terraform-provider-e2e/e2e/ssh_key/datasource_ssh_keys.go:68.16,70.3 1 0
github.com/e2eterraformprovider/terraform-provider-e2e/e2e/ssh_key/datasource_ssh_keys.go:73.2,74.16 2 3
github.com/e2eterraformprovider/terraform-provider-e2e/e2e/ssh_key/datasource_ssh_keys.go:74.16,76.3 1 0
github.com/e2eterraformprovider/terraform-provider-e2e/e2e/ssh_key/datasource_ssh_keys.go:78.2,79.16 2 3
github.com/e2eterraformprovider/terraform-provider-e2e/e2e/ssh_key/datasource_ssh_keys.go:79.16,81.3 1 0
github.com/e2eterraformprovider/terraform-provider-e2e/e2e/ssh_key/datasource_ssh_keys.go:83.2,84.16 2 3
github.com/e2eterraformprovider/terraform-provider-e2e/e2e/ssh_key/datasource_ssh_keys.go:84.16,86.3 1 1
github.com/e2eterraformprovider/terraform-provider-e2e/e2e/ssh_key/datasource_ssh_keys.go:87.2,90.14 3 2
github.com/e2eterraformprovider/terraform-provider-e2e/e2e/ssh_key/datasource_ssh_keys.go:93.62,95.25 1 7
github.com/e2eterraformprovider/terraform-provider-e2e/e2e/ssh_key/datasource_ssh_keys.go:95.25,98.37 2 4
github.com/e2eterraformprovider/terraform-provider-e2e/e2e/ssh_key/datasource_ssh_keys.go:98.37,106.4 6 6
github.com/e2eterraformprovider/terraform-provider-e2e/e2e/ssh_key/datasource_ssh_keys.go:108.3,108.13 1 4
github.com/e2eterraformprovider/terraform-provider-e2e/e2e/ssh_key/datasource_ssh_keys.go:110.2,110.31 1 3
github.com/e2eterraformprovider/terraform-provider-e2e/e2e/ssh_key/resource_ssh_key.go:25.50,50.2 1 53
github.com/e2eterraformprovider/terraform-provider-e2e/e2e/ssh_key/resource_ssh_key.go:63.35,65.21 1 10
github.com/e2eterraformprovider/terraform-provider-e2e/e2e/ssh_key/resource_ssh_key.go:65.21,67.3 1 1
github.com/e2eterraformprovider/terraform-provider-e2e/e2e/ssh_key/resource_ssh_key.go:73.2,73.44 1 10
github.com/e2eterraformprovider/terraform-provider-e2e/e2e/ssh_key/resource_ssh_key.go:73.44,75.3 1 9
github.com/e2eterraformprovider/terraform-provider-e2e/e2e/ssh_key/resource_ssh_key.go:79.2,79.69 1 10
github.com/e2eterraformprovider/terraform-provider-e2e/e2e/ssh_key/resource_ssh_key.go:79.69,83.3 1 8
github.com/e2eterraformprovider/terraform-provider-e2e/e2e/ssh_key/resource_ssh_key.go:85.2,85.22 1 10
github.com/e2eterraformprovider/terraform-provider-e2e/e2e/ssh_key/resource_ssh_key.go:88.40,207.2 1 52
github.com/e2eterraformprovider/terraform-provider-e2e/e2e/ssh_key/resource_ssh_key.go:213.48,214.51 1 7
github.com/e2eterraformprovider/terraform-provider-e2e/e2e/ssh_key/resource_ssh_key.go:214.51,216.3 1 5
github.com/e2eterraformprovider/terraform-provider-e2e/e2e/ssh_key/resource_ssh_key.go:217.2,217.46 1 2
github.com/e2eterraformprovider/terraform-provider-e2e/e2e/ssh_key/resource_ssh_key.go:224.50,225.54 1 7
github.com/e2eterraformprovider/terraform-provider-e2e/e2e/ssh_key/resource_ssh_key.go:225.54,227.3 1 5
github.com/e2eterraformprovider/terraform-provider-e2e/e2e/ssh_key/resource_ssh_key.go:228.2,228.47 1 2
github.com/e2eterraformprovider/terraform-provider-e2e/e2e/ssh_key/resource_ssh_key.go:235.60,237.58 1 8
github.com/e2eterraformprovider/terraform-provider-e2e/e2e/ssh_key/resource_ssh_key.go:237.58,239.3 1 0
github.com/e2eterraformprovider/terraform-provider-e2e/e2e/ssh_key/resource_ssh_key.go:241.2,241.43 1 8
github.com/e2eterraformprovider/terraform-provider-e2e/e2e/ssh_key/resource_ssh_key.go:248.67,250.68 1 8
github.com/e2eterraformprovider/terraform-provider-e2e/e2e/ssh_key/resource_ssh_key.go:250.68,252.3 1 0
github.com/e2eterraformprovider/terraform-provider-e2e/e2e/ssh_key/resource_ssh_key.go:254.2,254.49 1 8
github.com/e2eterraformprovider/terraform-provider-e2e/e2e/ssh_key/resource_ssh_key.go:257.104,266.16 6 5
github.com/e2eterraformprovider/terraform-provider-e2e/e2e/ssh_key/resource_ssh_key.go:266.16,268.3 1 1
github.com/e2eterraformprovider/terraform-provider-e2e/e2e/ssh_key/resource_ssh_key.go:271.2,284.16 6 4
github.com/e2eterraformprovider/terraform-provider-e2e/e2e/ssh_key/resource_ssh_key.go:284.16,286.3 1 1
github.com/e2eterraformprovider/terraform-provider-e2e/e2e/ssh_key/resource_ssh_key.go:289.2,293.52 2 3
github.com/e2eterraformprovider/terraform-provider-e2e/e2e/ssh_key/resource_ssh_key.go:293.52,295.3 1 0
github.com/e2eterraformprovider/terraform-provider-e2e/e2e/ssh_key/resource_ssh_key.go:296.2,296.55 1 3
github.com/e2eterraformprovider/terraform-provider-e2e/e2e/ssh_key/resource_ssh_key.go:296.55,298.3 1 0
github.com/e2eterraformprovider/terraform-provider-e2e/e2e/ssh_key/resource_ssh_key.go:301.2,301.75 1 3
github.com/e2eterraformprovider/terraform-provider-e2e/e2e/ssh_key/resource_ssh_key.go:301.75,303.3 1 0
github.com/e2eterraformprovider/terraform-provider-e2e/e2e/ssh_key/resource_ssh_key.go:306.2,306.62 1 3
github.com/e2eterraformprovider/terraform-provider-e2e/e2e/ssh_key/resource_ssh_key.go:306.62,308.3 1 0
github.com/e2eterraformprovider/terraform-provider-e2e/e2e/ssh_key/resource_ssh_key.go:309.2,309.64 1 3
github.com/e2eterraformprovider/terraform-provider-e2e/e2e/ssh_key/resource_ssh_key.go:309.64,311.3 1 0
github.com/e2eterraformprovider/terraform-provider-e2e/e2e/ssh_key/resource_ssh_key.go:315.2,315.49 1 3
github.com/e2eterraformprovider/terraform-provider-e2e/e2e/ssh_key/resource_ssh_key.go:315.49,316.83 1 2
github.com/e2eterraformprovider/terraform-provider-e2e/e2e/ssh_key/resource_ssh_key.go:316.83,318.4 1 0
github.com/e2eterraformprovider/terraform-provider-e2e/e2e/ssh_key/resource_ssh_key.go:321.2,322.14 2 3
github.com/e2eterraformprovider/terraform-provider-e2e/e2e/ssh_key/resource_ssh_key.go:325.102,331.14 5 3
github.com/e2eterraformprovider/terraform-provider-e2e/e2e/ssh_key/resource_ssh_key.go:331.14,333.3 1 1
github.com/e2eterraformprovider/terraform-provider-e2e/e2e/ssh_key/resource_ssh_key.go:335.2,339.16 3 2
github.com/e2eterraformprovider/terraform-provider-e2e/e2e/ssh_key/resource_ssh_key.go:339.16,341.70 1 1
github.com/e2eterraformprovider/terraform-provider-e2e/e2e/ssh_key/resource_ssh_key.go:341.70,349.4 3 1
github.com/e2eterraformprovider/terraform-provider-e2e/e2e/ssh_key/resource_ssh_key.go:350.3,350.82 1 0
github.com/e2eterraformprovider/terraform-provider-e2e/e2e/ssh_key/resource_ssh_key.go:353.2,353.19 1 1
github.com/e2eterraformprovider/terraform-provider-e2e/e2e/ssh_key/resource_ssh_key.go:353.19,361.3 3 0
github.com/e2eterraformprovider/terraform-provider-e2e/e2e/ssh_key/resource_ssh_key.go:364.2,364.52 1 1
github.com/e2eterraformprovider/terraform-provider-e2e/e2e/ssh_key/resource_ssh_key.go:364.52,366.3 1 0
github.com/e2eterraformprovider/terraform-provider-e2e/e2e/ssh_key/resource_ssh_key.go:367.2,367.55 1 1
github.com/e2eterraformprovider/terraform-provider-e2e/e2e/ssh_key/resource_ssh_key.go:367.55,369.3 1 0
github.com/e2eterraformprovider/terraform-provider-e2e/e2e/ssh_key/resource_ssh_key.go:370.2,370.75 1 1
github.com/e2eterraformprovider/terraform-provider-e2e/e2e/ssh_key/resource_ssh_key.go:370.75,372.3 1 0
github.com/e2eterraformprovider/terraform-provider-e2e/e2e/ssh_key/resource_ssh_key.go:375.2,376.62 2 1
github.com/e2eterraformprovider/terraform-provider-e2e/e2e/ssh_key/resource_ssh_key.go:376.62,378.3 1 0
github.com/e2eterraformprovider/terraform-provider-e2e/e2e/ssh_key/resource_ssh_key.go:379.2,379.64 1 1
github.com/e2eterraformprovider/terraform-provider-e2e/e2e/ssh_key/resource_ssh_key.go:379.64,381.3 1 0
github.com/e2eterraformprovider/terraform-provider-e2e/e2e/ssh_key/resource_ssh_key.go:384.2,384.51 1 1
github.com/e2eterraformprovider/terraform-provider-e2e/e2e/ssh_key/resource_ssh_key.go:384.51,385.59 1 0
github.com/e2eterraformprovider/terraform-provider-e2e/e2e/ssh_key/resource_ssh_key.go:385.59,387.4 1 0
github.com/e2eterraformprovider/terraform-provider-e2e/e2e/ssh_key/resource_ssh_key.go:390.2,391.14 2 1
github.com/e2eterraformprovider/terraform-provider-e2e/e2e/ssh_key/resource_ssh_key.go:396.104,403.39 4 1
github.com/e2eterraformprovider/terraform-provider-e2e/e2e/ssh_key/resource_ssh_key.go:403.39,407.62 3 1
github.com/e2eterraformprovider/terraform-provider-e2e/e2e/ssh_key/resource_ssh_key.go:407.62,409.4 1 0
github.com/e2eterraformprovider/terraform-provider-e2e/e2e/ssh_key/resource_ssh_key.go:415.2,416.14 2 1
github.com/e2eterraformprovider/terraform-provider-e2e/e2e/ssh_key/resource_ssh_key.go:419.104,425.14 5 4
github.com/e2eterraformprovider/terraform-provider-e2e/e2e/ssh_key/resource_ssh_key.go:425.14,427.3 1 1
github.com/e2eterraformprovider/terraform-provider-e2e/e2e/ssh_key/resource_ssh_key.go:429.2,432.16 3 3
github.com/e2eterraformprovider/terraform-provider-e2e/e2e/ssh_key/resource_ssh_key.go:432.16,434.70 1 2
github.com/e2eterraformprovider/terraform-provider-e2e/e2e/ssh_key/resource_ssh_key.go:434.70,438.4 3 1
github.com/e2eterraformprovider/terraform-provider-e2e/e2e/ssh_key/resource_ssh_key.go:439.3,439.84 1 1
github.com/e2eterraformprovider/terraform-provider-e2e/e2e/ssh_key/resource_ssh_key.go:442.2,444.14 3 1
github.com/e2eterraformprovider/terraform-provider-e2e/e2e/ssh_key/resource_ssh_key.go:447.119,456.21 5 6
github.com/e2eterraformprovider/terraform-provider-e2e/e2e/ssh_key/resource_ssh_key.go:456.21,461.19 4 3
github.com/e2eterraformprovider/terraform-provider-e2e/e2e/ssh_key/resource_ssh_key.go:461.19,463.4 1 1
github.com/e2eterraformprovider/terraform-provider-e2e/e2e/ssh_key/resource_ssh_key.go:464.8,464.28 1 3
github.com/e2eterraformprovider/terraform-provider-e2e/e2e/ssh_key/resource_ssh_key.go:464.28,468.3 3 1
github.com/e2eterraformprovider/terraform-provider-e2e/e2e/ssh_key/resource_ssh_key.go:468.8,470.3 1 2
github.com/e2eterraformprovider/terraform-provider-e2e/e2e/ssh_key/resource_ssh_key.go:473.2,474.16 2 3
github.com/e2eterraformprovider/terraform-provider-e2e/e2e/ssh_key/resource_ssh_key.go:474.16,476.3 1 1
github.com/e2eterraformprovider/terraform-provider-e2e/e2e/ssh_key/resource_ssh_key.go:478.2,478.19 1 2
github.com/e2eterraformprovider/terraform-provider-e2e/e2e/ssh_key/resource_ssh_key.go:478.19,480.3 1 0
github.com/e2eterraformprovider/terraform-provider-e2e/e2e/ssh_key/resource_ssh_key.go:483.2,486.52 2 2
github.com/e2eterraformprovider/terraform-provider-e2e/e2e/ssh_key/resource_ssh_key.go:486.52,488.3 1 0
github.com/e2eterraformprovider/terraform-provider-e2e/e2e/ssh_key/resource_ssh_key.go:489.2,489.55 1 2
github.com/e2eterraformprovider/terraform-provider-e2e/e2e/ssh_key/resource_ssh_key.go:489.55,491.3 1 0
github.com/e2eterraformprovider/terraform-provider-e2e/e2e/ssh_key/resource_ssh_key.go:494.2,494.68 1 2
github.com/e2eterraformprovider/terraform-provider-e2e/e2e/ssh_key/resource_ssh_key.go:494.68,496.3 1 0
github.com/e2eterraformprovider/terraform-provider-e2e/e2e/ssh_key/resource_ssh_key.go:497.2,497.62 1 2
github.com/e2eterraformprovider/terraform-provider-e2e/e2e/ssh_key/resource_ssh_key.go:497.62,499.3 1 0
github.com/e2eterraformprovider/terraform-provider-e2e/e2e/ssh_key/resource_ssh_key.go:500.2,500.64 1 2
github.com/e2eterraformprovider/terraform-provider-e2e/e2e/ssh_key/resource_ssh_key.go:500.64,502.3 1 0
github.com/e2eterraformprovider/terraform-provider-e2e/e2e/ssh_key/resource_ssh_key.go:505.2,505.75 1 2
github.com/e2eterraformprovider/terraform-provider-e2e/e2e/ssh_key/resource_ssh_key.go:505.75,507.3 1 0
github.com/e2eterraformprovider/terraform-provider-e2e/e2e/ssh_key/resource_ssh_key.go:510.2,510.68 1 2
github.com/e2eterraformprovider/terraform-provider-e2e/e2e/ssh_key/resource_ssh_key.go:510.68,512.3 1 0
github.com/e2eterraformprovider/terraform-provider-e2e/e2e/ssh_key/resource_ssh_key.go:514.2,515.39 2 2
github.com/e2eterraformprovider/terraform-provider-e2e/e2e/ssh_key/sweep.go:15.13,20.2 1 1
github.com/e2eterraformprovider/terraform-provider-e2e/e2e/ssh_key/sweep.go:22.40,24.16 2 0
github.com/e2eterraformprovider/terraform-provider-e2e/e2e/ssh_key/sweep.go:24.16,27.3 2 0
github.com/e2eterraformprovider/terraform-provider-e2e/e2e/ssh_key/sweep.go:29.2,33.16 3 0
github.com/e2eterraformprovider/terraform-provider-e2e/e2e/ssh_key/sweep.go:33.16,35.3 1 0
github.com/e2eterraformprovider/terraform-provider-e2e/e2e/ssh_key/sweep.go:37.2,37.23 1 0
github.com/e2eterraformprovider/terraform-provider-e2e/e2e/ssh_key/sweep.go:37.23,40.3 2 0
github.com/e2eterraformprovider/terraform-provider-e2e/e2e/ssh_key/sweep.go:42.2,45.33 3 0
github.com/e2eterraformprovider/terraform-provider-e2e/e2e/ssh_key/sweep.go:45.33,47.50 2 0
github.com/e2eterraformprovider/terraform-provider-e2e/e2e/ssh_key/sweep.go:47.50,49.12 2 0
github.com/e2eterraformprovider/terraform-provider-e2e/e2e/ssh_key/sweep.go:52.3,56.17 4 0
github.com/e2eterraformprovider/terraform-provider-e2e/e2e/ssh_key/sweep.go:56.17,58.12 2 0
github.com/e2eterraformprovider/terraform-provider-e2e/e2e/ssh_key/sweep.go:61.3,62.63 2 0
github.com/e2eterraformprovider/terraform-provider-e2e/e2e/ssh_key/sweep.go:65.2,66.12 2 0
github.com/e2eterraformprovider/terraform-provider-e2e/e2e/tag/resource_tag.go:26.37,64.2 1 41
github.com/e2eterraformprovider/terraform-provider-e2e/e2e/tag/resource_tag.go:66.101,72.16 4 6
github.com/e2eterraformprovider/terraform-provider-e2e/e2e/tag/resource_tag.go:72.16,74.3 1 1
github.com/e2eterraformprovider/terraform-provider-e2e/e2e/tag/resource_tag.go:76.2,77.16 2 5
github.com/e2eterraformprovider/terraform-provider-e2e/e2e/tag/resource_tag.go:77.16,79.3 1 1
github.com/e2eterraformprovider/terraform-provider-e2e/e2e/tag/resource_tag.go:82.2,94.16 6 4
github.com/e2eterraformprovider/terraform-provider-e2e/e2e/tag/resource_tag.go:94.16,96.3 1 1
github.com/e2eterraformprovider/terraform-provider-e2e/e2e/tag/resource_tag.go:99.2,107.35 7 3
github.com/e2eterraformprovider/terraform-provider-e2e/e2e/tag/resource_tag.go:110.99,122.16 8 10
github.com/e2eterraformprovider/terraform-provider-e2e/e2e/tag/resource_tag.go:122.16,123.27 1 4
github.com/e2eterraformprovider/terraform-provider-e2e/e2e/tag/resource_tag.go:123.27,127.4 3 2
github.com/e2eterraformprovider/terraform-provider-e2e/e2e/tag/resource_tag.go:128.3,128.61 1 2
github.com/e2eterraformprovider/terraform-provider-e2e/e2e/tag/resource_tag.go:132.2,136.12 4 6
github.com/e2eterraformprovider/terraform-provider-e2e/e2e/tag/resource_tag.go:139.101,143.2 1 1
github.com/e2eterraformprovider/terraform-provider-e2e/e2e/tag/resource_tag.go:145.101,157.16 8 3
github.com/e2eterraformprovider/terraform-provider-e2e/e2e/tag/resource_tag.go:157.16,158.27 1 2
github.com/e2eterraformprovider/terraform-provider-e2e/e2e/tag/resource_tag.go:158.27,162.4 3 1
github.com/e2eterraformprovider/terraform-provider-e2e/e2e/tag/resource_tag.go:163.3,163.62 1 1
github.com/e2eterraformprovider/terraform-provider-e2e/e2e/tag/resource_tag.go:166.2,169.12 3 1
github.com/e2eterraformprovider/terraform-provider-e2e/e2e/tag/resource_tag.go:172.116,178.21 3 6
github.com/e2eterraformprovider/terraform-provider-e2e/e2e/tag/resource_tag.go:178.21,182.3 3 2
github.com/e2eterraformprovider/terraform-provider-e2e/e2e/tag/resource_tag.go:182.8,182.28 1 4
github.com/e2eterraformprovider/terraform-provider-e2e/e2e/tag/resource_tag.go:182.28,184.33 1 2
github.com/e2eterraformprovider/terraform-provider-e2e/e2e/tag/resource_tag.go:184.33,186.4 1 1
github.com/e2eterraformprovider/terraform-provider-e2e/e2e/tag/resource_tag.go:186.9,188.4 1 1
github.com/e2eterraformprovider/terraform-provider-e2e/e2e/tag/resource_tag.go:189.3,189.30 1 1
github.com/e2eterraformprovider/terraform-provider-e2e/e2e/tag/resource_tag.go:189.30,191.4 1 1
github.com/e2eterraformprovider/terraform-provider-e2e/e2e/tag/resource_tag.go:191.9,193.4 1 0
github.com/e2eterraformprovider/terraform-provider-e2e/e2e/tag/resource_tag.go:194.3,194.20 1 1
github.com/e2eterraformprovider/terraform-provider-e2e/e2e/tag/resource_tag.go:195.8,197.3 1 2
github.com/e2eterraformprovider/terraform-provider-e2e/e2e/tag/resource_tag.go:200.2,201.22 2 3
github.com/e2eterraformprovider/terraform-provider-e2e/e2e/tag/resource_tag.go:201.22,203.3 1 1
github.com/e2eterraformprovider/terraform-provider-e2e/e2e/tag/resource_tag.go:205.2,205.39 1 2
github.com/e2eterraformprovider/terraform-provider-e2e/e2e/tag/resource_tag.go:209.38,210.16 1 11
github.com/e2eterraformprovider/terraform-provider-e2e/e2e/tag/resource_tag.go:210.16,212.3 1 1
github.com/e2eterraformprovider/terraform-provider-e2e/e2e/tag/resource_tag.go:213.2,215.56 2 10
github.com/e2eterraformprovider/terraform-provider-e2e/e2e/volume_attachment/resource_volume_attachment.go:19.50,80.2 1 1
github.com/e2eterraformprovider/terraform-provider-e2e/e2e/volume_attachment/resource_volume_attachment.go:82.114,87.16 3 0
github.com/e2eterraformprovider/terraform-provider-e2e/e2e/volume_attachment/resource_volume_attachment.go:87.16,89.3 1 0
github.com/e2eterraformprovider/terraform-provider-e2e/e2e/volume_attachment/resource_volume_attachment.go:92.2,93.16 2 0
github.com/e2eterraformprovider/terraform-provider-e2e/e2e/volume_attachment/resource_volume_attachment.go:93.16,95.3 1 0
github.com/e2eterraformprovider/terraform-provider-e2e/e2e/volume_attachment/resource_volume_attachment.go:97.2,98.16 2 0
github.com/e2eterraformprovider/terraform-provider-e2e/e2e/volume_attachment/resource_volume_attachment.go:98.16,100.3 1 0
github.com/e2eterraformprovider/terraform-provider-e2e/e2e/volume_attachment/resource_volume_attachment.go:102.2,109.16 5 0
github.com/e2eterraformprovider/terraform-provider-e2e/e2e/volume_attachment/resource_volume_attachment.go:109.16,111.3 1 0
github.com/e2eterraformprovider/terraform-provider-e2e/e2e/volume_attachment/resource_volume_attachment.go:113.2,113.17 1 0
github.com/e2eterraformprovider/terraform-provider-e2e/e2e/volume_attachment/resource_volume_attachment.go:113.17,115.3 1 0
github.com/e2eterraformprovider/terraform-provider-e2e/e2e/volume_attachment/resource_volume_attachment.go:117.2,120.73 2 0
github.com/e2eterraformprovider/terraform-provider-e2e/e2e/volume_attachment/resource_volume_attachment.go:120.73,122.3 1 0
github.com/e2eterraformprovider/terraform-provider-e2e/e2e/volume_attachment/resource_volume_attachment.go:125.2,134.16 4 0
github.com/e2eterraformprovider/terraform-provider-e2e/e2e/volume_attachment/resource_volume_attachment.go:134.16,136.3 1 0
github.com/e2eterraformprovider/terraform-provider-e2e/e2e/volume_attachment/resource_volume_attachment.go:139.2,145.109 5 0
github.com/e2eterraformprovider/terraform-provider-e2e/e2e/volume_attachment/resource_volume_attachment.go:145.109,147.3 1 0
github.com/e2eterraformprovider/terraform-provider-e2e/e2e/volume_attachment/resource_volume_attachment.go:149.2,151.48 2 0
github.com/e2eterraformprovider/terraform-provider-e2e/e2e/volume_attachment/resource_volume_attachment.go:154.112,160.16 4 0
github.com/e2eterraformprovider/terraform-provider-e2e/e2e/volume_attachment/resource_volume_attachment.go:160.16,162.3 1 0
github.com/e2eterraformprovider/terraform-provider-e2e/e2e/volume_attachment/resource_volume_attachment.go:165.2,166.16 2 0
github.com/e2eterraformprovider/terraform-provider-e2e/e2e/volume_attachment/resource_volume_attachment.go:166.16,168.3 1 0
github.com/e2eterraformprovider/terraform-provider-e2e/e2e/volume_attachment/resource_volume_attachment.go:170.2,171.16 2 0
github.com/e2eterraformprovider/terraform-provider-e2e/e2e/volume_attachment/resource_volume_attachment.go:171.16,173.3 1 0
github.com/e2eterraformprovider/terraform-provider-e2e/e2e/volume_attachment/resource_volume_attachment.go:176.2,177.16 2 0
github.com/e2eterraformprovider/terraform-provider-e2e/e2e/volume_attachment/resource_volume_attachment.go:177.16,179.3 1 0
github.com/e2eterraformprovider/terraform-provider-e2e/e2e/volume_attachment/resource_volume_attachment.go:181.2,185.16 3 0
github.com/e2eterraformprovider/terraform-provider-e2e/e2e/volume_attachment/resource_volume_attachment.go:185.16,189.3 3 0
github.com/e2eterraformprovider/terraform-provider-e2e/e2e/volume_attachment/resource_volume_attachment.go:192.2,194.86 3 0
github.com/e2eterraformprovider/terraform-provider-e2e/e2e/volume_attachment/resource_volume_attachment.go:194.86,195.43 1 0
github.com/e2eterraformprovider/terraform-provider-e2e/e2e/volume_attachment/resource_volume_attachment.go:195.43,197.4 1 0
github.com/e2eterraformprovider/terraform-provider-e2e/e2e/volume_attachment/resource_volume_attachment.go:197.9,197.53 1 0
github.com/e2eterraformprovider/terraform-provider-e2e/e2e/volume_attachment/resource_volume_attachment.go:197.53,199.4 1 0
github.com/e2eterraformprovider/terraform-provider-e2e/e2e/volume_attachment/resource_volume_attachment.go:201.2,201.88 1 0
github.com/e2eterraformprovider/terraform-provider-e2e/e2e/volume_attachment/resource_volume_attachment.go:201.88,202.45 1 0
github.com/e2eterraformprovider/terraform-provider-e2e/e2e/volume_attachment/resource_volume_attachment.go:202.45,204.4 1 0
github.com/e2eterraformprovider/terraform-provider-e2e/e2e/volume_attachment/resource_volume_attachment.go:208.2,209.16 2 0
github.com/e2eterraformprovider/terraform-provider-e2e/e2e/volume_attachment/resource_volume_attachment.go:209.16,213.3 3 0
github.com/e2eterraformprovider/terraform-provider-e2e/e2e/volume_attachment/resource_volume_attachment.go:214.2,214.17 1 0
github.com/e2eterraformprovider/terraform-provider-e2e/e2e/volume_attachment/resource_volume_attachment.go:214.17,218.3 3 0
github.com/e2eterraformprovider/terraform-provider-e2e/e2e/volume_attachment/resource_volume_attachment.go:220.2,223.58 2 0
github.com/e2eterraformprovider/terraform-provider-e2e/e2e/volume_attachment/resource_volume_attachment.go:223.58,227.3 3 0
github.com/e2eterraformprovider/terraform-provider-e2e/e2e/volume_attachment/resource_volume_attachment.go:230.2,238.24 7 0
github.com/e2eterraformprovider/terraform-provider-e2e/e2e/volume_attachment/resource_volume_attachment.go:238.24,240.3 1 0
github.com/e2eterraformprovider/terraform-provider-e2e/e2e/volume_attachment/resource_volume_attachment.go:242.2,244.14 2 0
github.com/e2eterraformprovider/terraform-provider-e2e/e2e/volume_attachment/resource_volume_attachment.go:247.114,253.16 4 0
github.com/e2eterraformprovider/terraform-provider-e2e/e2e/volume_attachment/resource_volume_attachment.go:253.16,255.3 1 0
github.com/e2eterraformprovider/terraform-provider-e2e/e2e/volume_attachment/resource_volume_attachment.go:258.2,259.16 2 0
github.com/e2eterraformprovider/terraform-provider-e2e/e2e/volume_attachment/resource_volume_attachment.go:259.16,261.3 1 0
github.com/e2eterraformprovider/terraform-provider-e2e/e2e/volume_attachment/resource_volume_attachment.go:263.2,264.16 2 0
github.com/e2eterraformprovider/terraform-provider-e2e/e2e/volume_attachment/resource_volume_attachment.go:264.16,266.3 1 0
github.com/e2eterraformprovider/terraform-provider-e2e/e2e/volume_attachment/resource_volume_attachment.go:269.2,270.16 2 0
github.com/e2eterraformprovider/terraform-provider-e2e/e2e/volume_attachment/resource_volume_attachment.go:270.16,272.3 1 0
github.com/e2eterraformprovider/terraform-provider-e2e/e2e/volume_attachment/resource_volume_attachment.go:274.2,278.16 3 0
github.com/e2eterraformprovider/terraform-provider-e2e/e2e/volume_attachment/resource_volume_attachment.go:278.16,282.3 2 0
github.com/e2eterraformprovider/terraform-provider-e2e/e2e/volume_attachment/resource_volume_attachment.go:285.2,292.16 3 0
github.com/e2eterraformprovider/terraform-provider-e2e/e2e/volume_attachment/resource_volume_attachment.go:292.16,294.3 1 0
github.com/e2eterraformprovider/terraform-provider-e2e/e2e/volume_attachment/resource_volume_attachment.go:297.2,297.110 1 0
github.com/e2eterraformprovider/terraform-provider-e2e/e2e/volume_attachment/resource_volume_attachment.go:297.110,299.3 1 0
github.com/e2eterraformprovider/terraform-provider-e2e/e2e/volume_attachment/resource_volume_attachment.go:301.2,304.14 3 0
github.com/e2eterraformprovider/terraform-provider-e2e/e2e/volume_attachment/resource_volume_attachment.go:307.129,313.20 3 0
github.com/e2eterraformprovider/terraform-provider-e2e/e2e/volume_attachment/resource_volume_attachment.go:314.31,317.22 2 0
github.com/e2eterraformprovider/terraform-provider-e2e/e2e/volume_attachment/resource_volume_attachment.go:318.30,327.40 6 0
github.com/e2eterraformprovider/terraform-provider-e2e/e2e/volume_attachment/resource_volume_attachment.go:328.10,329.145 1 0
github.com/e2eterraformprovider/terraform-provider-e2e/e2e/volume_attachment/resource_volume_attachment.go:333.2,339.22 5 0
github.com/e2eterraformprovider/terraform-provider-e2e/e2e/volume_attachment/resource_volume_attachment.go:339.22,341.3 1 0
github.com/e2eterraformprovider/terraform-provider-e2e/e2e/volume_attachment/resource_volume_attachment.go:343.2,343.39 1 0
github.com/e2eterraformprovider/terraform-provider-e2e/e2e/volume_attachment/resource_volume_attachment.go:347.78,349.43 2 10
github.com/e2eterraformprovider/terraform-provider-e2e/e2e/volume_attachment/resource_volume_attachment.go:349.43,351.3 1 5
github.com/e2eterraformprovider/terraform-provider-e2e/e2e/volume_attachment/resource_volume_attachment.go:352.2,352.32 1 5
github.com/e2eterraformprovider/terraform-provider-e2e/e2e/volume_attachment/resource_volume_attachment.go:356.151,364.23 5 0
github.com/e2eterraformprovider/terraform-provider-e2e/e2e/volume_attachment/resource_volume_attachment.go:364.23,366.3 1 0
github.com/e2eterraformprovider/terraform-provider-e2e/e2e/volume_attachment/resource_volume_attachment.go:368.2,368.6 1 0
github.com/e2eterraformprovider/terraform-provider-e2e/e2e/volume_attachment/resource_volume_attachment.go:368.6,369.10 1 0
github.com/e2eterraformprovider/terraform-provider-e2e/e2e/volume_attachment/resource_volume_attachment.go:370.21,371.64 1 0
github.com/e2eterraformprovider/terraform-provider-e2e/e2e/volume_attachment/resource_volume_attachment.go:372.18,373.73 1 0
github.com/e2eterraformprovider/terraform-provider-e2e/e2e/volume_attachment/resource_volume_attachment.go:374.19,376.18 2 0
github.com/e2eterraformprovider/terraform-provider-e2e/e2e/volume_attachment/resource_volume_attachment.go:376.18,378.13 2 0
github.com/e2eterraformprovider/terraform-provider-e2e/e2e/volume_attachment/resource_volume_attachment.go:381.4,382.88 2 0
github.com/e2eterraformprovider/terraform-provider-e2e/e2e/volume_attachment/resource_volume_attachment.go:382.88,383.45 1 0
github.com/e2eterraformprovider/terraform-provider-e2e/e2e/volume_attachment/resource_volume_attachment.go:383.45,385.6 1 0
github.com/e2eterraformprovider/terraform-provider-e2e/e2e/volume_attachment/resource_volume_attachment.go:385.11,385.55 1 0
github.com/e2eterraformprovider/terraform-provider-e2e/e2e/volume_attachment/resource_volume_attachment.go:385.55,387.6 1 0
github.com/e2eterraformprovider/terraform-provider-e2e/e2e/volume_attachment/resource_volume_attachment.go:390.4,390.24 1 0
github.com/e2eterraformprovider/terraform-provider-e2e/e2e/volume_attachment/resource_volume_attachment.go:390.24,392.84 1 0
github.com/e2eterraformprovider/terraform-provider-e2e/e2e/volume_attachment/resource_volume_attachment.go:392.84,395.20 2 0
github.com/e2eterraformprovider/terraform-provider-e2e/e2e/volume_attachment/resource_volume_attachment.go:395.20,397.15 2 0
github.com/e2eterraformprovider/terraform-provider-e2e/e2e/volume_attachment/resource_volume_attachment.go:400.6,400.62 1 0
github.com/e2eterraformprovider/terraform-provider-e2e/e2e/volume_attachment/resource_volume_attachment.go:400.62,403.7 2 0
github.com/e2eterraformprovider/terraform-provider-e2e/e2e/volume_attachment/resource_volume_attachment.go:405.10,407.84 1 0
github.com/e2eterraformprovider/terraform-provider-e2e/e2e/volume_attachment/resource_volume_attachment.go:407.84,410.6 2 0
github.com/e2eterraformprovider/terraform-provider-e2e/e2e/volume_attachment/sweep.go:15.13,24.2 1 1
github.com/e2eterraformprovider/terraform-provider-e2e/e2e/volume_attachment/sweep.go:26.50,28.16 2 0
github.com/e2eterraformprovider/terraform-provider-e2e/e2e/volume_attachment/sweep.go:28.16,31.3 2 0
github.com/e2eterraformprovider/terraform-provider-e2e/e2e/volume_attachment/sweep.go:33.2,37.16 3 0
github.com/e2eterraformprovider/terraform-provider-e2e/e2e/volume_attachment/sweep.go:37.16,39.3 1 0
github.com/e2eterraformprovider/terraform-provider-e2e/e2e/volume_attachment/sweep.go:41.2,41.21 1 0
github.com/e2eterraformprovider/terraform-provider-e2e/e2e/volume_attachment/sweep.go:41.21,44.3 2 0
github.com/e2eterraformprovider/terraform-provider-e2e/e2e/volume_attachment/sweep.go:46.2,49.29 3 0
github.com/e2eterraformprovider/terraform-provider-e2e/e2e/volume_attachment/sweep.go:49.29,52.57 2 0
github.com/e2eterraformprovider/terraform-provider-e2e/e2e/volume_attachment/sweep.go:52.57,54.12 2 0
github.com/e2eterraformprovider/terraform-provider-e2e/e2e/volume_attachment/sweep.go:57.3,62.17 4 0
github.com/e2eterraformprovider/terraform-provider-e2e/e2e/volume_attachment/sweep.go:62.17,64.12 2 0
github.com/e2eterraformprovider/terraform-provider-e2e/e2e/volume_attachment/sweep.go:67.3,67.25 1 0
github.com/e2eterraformprovider/terraform-provider-e2e/e2e/volume_attachment/sweep.go:67.25,69.12 2 0
github.com/e2eterraformprovider/terraform-provider-e2e/e2e/volume_attachment/sweep.go:89.3,91.110 3 0
github.com/e2eterraformprovider/terraform-provider-e2e/e2e/volume_attachment/sweep.go:94.2,95.12 2 0
github.com/e2eterraformprovider/terraform-provider-e2e/e2e/vpc/datasource_vpcs.go:14.40,78.2 1 4
github.com/e2eterraformprovider/terraform-provider-e2e/e2e/vpc/datasource_vpcs.go:80.102,88.16 6 3
github.com/e2eterraformprovider/terraform-provider-e2e/e2e/vpc/datasource_vpcs.go:88.16,90.3 1 1
github.com/e2eterraformprovider/terraform-provider-e2e/e2e/vpc/datasource_vpcs.go:91.2,92.19 2 2
github.com/e2eterraformprovider/terraform-provider-e2e/e2e/vpc/datasource_vpcs.go:92.19,95.3 2 1
github.com/e2eterraformprovider/terraform-provider-e2e/e2e/vpc/datasource_vpcs.go:95.8,97.3 1 1
github.com/e2eterraformprovider/terraform-provider-e2e/e2e/vpc/datasource_vpcs.go:98.2,98.14 1 2
github.com/e2eterraformprovider/terraform-provider-e2e/e2e/vpc/datasource_vpcs.go:101.53,103.22 1 6
github.com/e2eterraformprovider/terraform-provider-e2e/e2e/vpc/datasource_vpcs.go:103.22,106.31 2 4
github.com/e2eterraformprovider/terraform-provider-e2e/e2e/vpc/datasource_vpcs.go:106.31,117.4 10 6
github.com/e2eterraformprovider/terraform-provider-e2e/e2e/vpc/datasource_vpcs.go:119.3,119.13 1 4
github.com/e2eterraformprovider/terraform-provider-e2e/e2e/vpc/datasource_vpcs.go:121.2,121.31 1 2
github.com/e2eterraformprovider/terraform-provider-e2e/e2e/vpc/resource_vpc.go:24.37,113.115 1 25
github.com/e2eterraformprovider/terraform-provider-e2e/e2e/vpc/resource_vpc.go:113.115,117.24 2 3
github.com/e2eterraformprovider/terraform-provider-e2e/e2e/vpc/resource_vpc.go:117.24,121.6 2 1
github.com/e2eterraformprovider/terraform-provider-e2e/e2e/vpc/resource_vpc.go:121.11,121.31 1 2
github.com/e2eterraformprovider/terraform-provider-e2e/e2e/vpc/resource_vpc.go:121.31,123.6 1 1
github.com/e2eterraformprovider/terraform-provider-e2e/e2e/vpc/resource_vpc.go:126.5,126.42 1 2
github.com/e2eterraformprovider/terraform-provider-e2e/e2e/vpc/resource_vpc.go:132.99,141.16 6 4
github.com/e2eterraformprovider/terraform-provider-e2e/e2e/vpc/resource_vpc.go:141.16,143.3 1 0
github.com/e2eterraformprovider/terraform-provider-e2e/e2e/vpc/resource_vpc.go:146.2,147.16 2 4
github.com/e2eterraformprovider/terraform-provider-e2e/e2e/vpc/resource_vpc.go:147.16,149.3 1 0
github.com/e2eterraformprovider/terraform-provider-e2e/e2e/vpc/resource_vpc.go:151.2,153.16 3 4
github.com/e2eterraformprovider/terraform-provider-e2e/e2e/vpc/resource_vpc.go:153.16,155.3 1 1
github.com/e2eterraformprovider/terraform-provider-e2e/e2e/vpc/resource_vpc.go:157.2,166.14 9 3
github.com/e2eterraformprovider/terraform-provider-e2e/e2e/vpc/resource_vpc.go:168.101,174.16 4 5
github.com/e2eterraformprovider/terraform-provider-e2e/e2e/vpc/resource_vpc.go:174.16,176.3 1 1
github.com/e2eterraformprovider/terraform-provider-e2e/e2e/vpc/resource_vpc.go:179.2,180.16 2 4
github.com/e2eterraformprovider/terraform-provider-e2e/e2e/vpc/resource_vpc.go:180.16,182.3 1 1
github.com/e2eterraformprovider/terraform-provider-e2e/e2e/vpc/resource_vpc.go:184.2,192.16 4 3
github.com/e2eterraformprovider/terraform-provider-e2e/e2e/vpc/resource_vpc.go:192.16,194.3 1 1
github.com/e2eterraformprovider/terraform-provider-e2e/e2e/vpc/resource_vpc.go:196.2,202.35 5 2
github.com/e2eterraformprovider/terraform-provider-e2e/e2e/vpc/resource_vpc.go:205.101,214.16 6 2
github.com/e2eterraformprovider/terraform-provider-e2e/e2e/vpc/resource_vpc.go:214.16,216.3 1 0
github.com/e2eterraformprovider/terraform-provider-e2e/e2e/vpc/resource_vpc.go:219.2,220.16 2 2
github.com/e2eterraformprovider/terraform-provider-e2e/e2e/vpc/resource_vpc.go:220.16,222.3 1 0
github.com/e2eterraformprovider/terraform-provider-e2e/e2e/vpc/resource_vpc.go:224.2,225.16 2 2
github.com/e2eterraformprovider/terraform-provider-e2e/e2e/vpc/resource_vpc.go:225.16,227.3 1 1
github.com/e2eterraformprovider/terraform-provider-e2e/e2e/vpc/resource_vpc.go:229.2,230.14 2 1
github.com/e2eterraformprovider/terraform-provider-e2e/e2e/vpc/sweep.go:16.13,25.2 1 1
github.com/e2eterraformprovider/terraform-provider-e2e/e2e/vpc/sweep.go:27.37,29.16 2 0
github.com/e2eterraformprovider/terraform-provider-e2e/e2e/vpc/sweep.go:29.16,32.3 2 0
github.com/e2eterraformprovider/terraform-provider-e2e/e2e/vpc/sweep.go:34.2,37.16 3 0
github.com/e2eterraformprovider/terraform-provider-e2e/e2e/vpc/sweep.go:37.16,39.3 1 0
github.com/e2eterraformprovider/terraform-provider-e2e/e2e/vpc/sweep.go:41.2,41.20 1 0
github.com/e2eterraformprovider/terraform-provider-e2e/e2e/vpc/sweep.go:41.20,44.3 2 0
github.com/e2eterraformprovider/terraform-provider-e2e/e2e/vpc/sweep.go:46.2,49.27 3 0
github.com/e2eterraformprovider/terraform-provider-e2e/e2e/vpc/sweep.go:49.27,51.49 2 0
github.com/e2eterraformprovider/terraform-provider-e2e/e2e/vpc/sweep.go:51.49,53.12 2 0
github.com/e2eterraformprovider/terraform-provider-e2e/e2e/vpc/sweep.go:57.3,62.17 5 0
github.com/e2eterraformprovider/terraform-provider-e2e/e2e/vpc/sweep.go:62.17,64.12 2 0
github.com/e2eterraformprovider/terraform-provider-e2e/e2e/vpc/sweep.go:67.3,68.61 2 0
github.com/e2eterraformprovider/terraform-provider-e2e/e2e/vpc/sweep.go:71.2,72.12 2 0
github.com/e2eterraformprovider/terraform-provider-e2e/goe2e/autoscaling.go:246.141,247.22 1 0
github.com/e2eterraformprovider/terraform-provider-e2e/goe2e/autoscaling.go:247.22,249.3 1 0
github.com/e2eterraformprovider/terraform-provider-e2e/goe2e/autoscaling.go:250.2,250.26 1 0
github.com/e2eterraformprovider/terraform-provider-e2e/goe2e/autoscaling.go:250.26,252.3 1 0
github.com/e2eterraformprovider/terraform-provider-e2e/goe2e/autoscaling.go:254.2,255.16 2 0
github.com/e2eterraformprovider/terraform-provider-e2e/goe2e/autoscaling.go:255.16,257.3 1 0
github.com/e2eterraformprovider/terraform-provider-e2e/goe2e/autoscaling.go:259.2,261.16 3 0
github.com/e2eterraformprovider/terraform-provider-e2e/goe2e/autoscaling.go:261.16,263.3 1 0
github.com/e2eterraformprovider/terraform-provider-e2e/goe2e/autoscaling.go:266.2,279.31 2 0
github.com/e2eterraformprovider/terraform-provider-e2e/goe2e/autoscaling.go:283.115,284.17 1 0
github.com/e2eterraformprovider/terraform-provider-e2e/goe2e/autoscaling.go:284.17,286.3 1 0
github.com/e2eterraformprovider/terraform-provider-e2e/goe2e/autoscaling.go:288.2,291.16 3 0
github.com/e2eterraformprovider/terraform-provider-e2e/goe2e/autoscaling.go:291.16,293.3 1 0
github.com/e2eterraformprovider/terraform-provider-e2e/goe2e/autoscaling.go:295.2,297.16 3 0
github.com/e2eterraformprovider/terraform-provider-e2e/goe2e/autoscaling.go:297.16,299.60 1 0
github.com/e2eterraformprovider/terraform-provider-e2e/goe2e/autoscaling.go:299.60,301.4 1 0
github.com/e2eterraformprovider/terraform-provider-e2e/goe2e/autoscaling.go:302.3,302.91 1 0
github.com/e2eterraformprovider/terraform-provider-e2e/goe2e/autoscaling.go:305.2,305.30 1 0
github.com/e2eterraformprovider/terraform-provider-e2e/goe2e/autoscaling.go:309.141,310.17 1 0
github.com/e2eterraformprovider/terraform-provider-e2e/goe2e/autoscaling.go:310.17,312.3 1 0
github.com/e2eterraformprovider/terraform-provider-e2e/goe2e/autoscaling.go:313.2,313.22 1 0
github.com/e2eterraformprovider/terraform-provider-e2e/goe2e/autoscaling.go:313.22,315.3 1 0
github.com/e2eterraformprovider/terraform-provider-e2e/goe2e/autoscaling.go:317.2,320.16 3 0
github.com/e2eterraformprovider/terraform-provider-e2e/goe2e/autoscaling.go:320.16,322.3 1 0
github.com/e2eterraformprovider/terraform-provider-e2e/goe2e/autoscaling.go:324.2,325.16 2 0
github.com/e2eterraformprovider/terraform-provider-e2e/goe2e/autoscaling.go:325.16,327.3 1 0
github.com/e2eterraformprovider/terraform-provider-e2e/goe2e/autoscaling.go:329.2,329.18 1 0
github.com/e2eterraformprovider/terraform-provider-e2e/goe2e/autoscaling.go:333.104,334.17 1 0
github.com/e2eterraformprovider/terraform-provider-e2e/goe2e/autoscaling.go:334.17,336.3 1 0
github.com/e2eterraformprovider/terraform-provider-e2e/goe2e/autoscaling.go:338.2,341.16 3 0
github.com/e2eterraformprovider/terraform-provider-e2e/goe2e/autoscaling.go:341.16,343.3 1 0
github.com/e2eterraformprovider/terraform-provider-e2e/goe2e/autoscaling.go:345.2,346.16 2 0
github.com/e2eterraformprovider/terraform-provider-e2e/goe2e/autoscaling.go:346.16,348.3 1 0
github.com/e2eterraformprovider/terraform-provider-e2e/goe2e/autoscaling.go:349.2,349.18 1 0
github.com/e2eterraformprovider/terraform-provider-e2e/goe2e/autoscaling.go:353.104,355.16 2 0
github.com/e2eterraformprovider/terraform-provider-e2e/goe2e/autoscaling.go:355.16,357.3 1 0
github.com/e2eterraformprovider/terraform-provider-e2e/goe2e/autoscaling.go:359.2,361.16 3 0
github.com/e2eterraformprovider/terraform-provider-e2e/goe2e/autoscaling.go:361.16,363.3 1 0
github.com/e2eterraformprovider/terraform-provider-e2e/goe2e/autoscaling.go:365.2,365.29 1 0
github.com/e2eterraformprovider/terraform-provider-e2e/goe2e/autoscaling.go:369.103,371.2 1 0
github.com/e2eterraformprovider/terraform-provider-e2e/goe2e/autoscaling.go:374.102,376.2 1 0
github.com/e2eterraformprovider/terraform-provider-e2e/goe2e/autoscaling.go:379.125,380.17 1 0
github.com/e2eterraformprovider/terraform-provider-e2e/goe2e/autoscaling.go:380.17,382.3 1 0
github.com/e2eterraformprovider/terraform-provider-e2e/goe2e/autoscaling.go:384.2,385.16 2 0
github.com/e2eterraformprovider/terraform-provider-e2e/goe2e/autoscaling.go:386.17,387.64 1 0
github.com/e2eterraformprovider/terraform-provider-e2e/goe2e/autoscaling.go:388.17,389.66 1 0
github.com/e2eterraformprovider/terraform-provider-e2e/goe2e/autoscaling.go:390.10,391.98 1 0
github.com/e2eterraformprovider/terraform-provider-e2e/goe2e/autoscaling.go:394.2,395.16 2 0
github.com/e2eterraformprovider/terraform-provider-e2e/goe2e/autoscaling.go:395.16,397.3 1 0
github.com/e2eterraformprovider/terraform-provider-e2e/goe2e/autoscaling.go:399.2,400.16 2 0
github.com/e2eterraformprovider/terraform-provider-e2e/goe2e/autoscaling.go:400.16,402.3 1 0
github.com/e2eterraformprovider/terraform-provider-e2e/goe2e/autoscaling.go:404.2,404.18 1 0
github.com/e2eterraformprovider/terraform-provider-e2e/goe2e/autoscaling.go:408.122,409.17 1 0
github.com/e2eterraformprovider/terraform-provider-e2e/goe2e/autoscaling.go:409.17,411.3 1 0
github.com/e2eterraformprovider/terraform-provider-e2e/goe2e/autoscaling.go:413.2,418.16 4 0
github.com/e2eterraformprovider/terraform-provider-e2e/goe2e/autoscaling.go:418.16,420.3 1 0
github.com/e2eterraformprovider/terraform-provider-e2e/goe2e/autoscaling.go:422.2,423.16 2 0
github.com/e2eterraformprovider/terraform-provider-e2e/goe2e/autoscaling.go:423.16,425.3 1 0
github.com/e2eterraformprovider/terraform-provider-e2e/goe2e/autoscaling.go:427.2,427.18 1 0
github.com/e2eterraformprovider/terraform-provider-e2e/goe2e/autoscaling.go:431.138,432.17 1 0
github.com/e2eterraformprovider/terraform-provider-e2e/goe2e/autoscaling.go:432.17,434.3 1 0
github.com/e2eterraformprovider/terraform-provider-e2e/goe2e/autoscaling.go:435.2,435.22 1 0
github.com/e2eterraformprovider/terraform-provider-e2e/goe2e/autoscaling.go:435.22,437.3 1 0
github.com/e2eterraformprovider/terraform-provider-e2e/goe2e/autoscaling.go:439.2,442.16 3 0
github.com/e2eterraformprovider/terraform-provider-e2e/goe2e/autoscaling.go:442.16,444.3 1 0
github.com/e2eterraformprovider/terraform-provider-e2e/goe2e/autoscaling.go:446.2,447.16 2 0
github.com/e2eterraformprovider/terraform-provider-e2e/goe2e/autoscaling.go:447.16,449.3 1 0
github.com/e2eterraformprovider/terraform-provider-e2e/goe2e/autoscaling.go:451.2,451.18 1 0
github.com/e2eterraformprovider/terraform-provider-e2e/goe2e/autoscaling.go:455.125,456.17 1 0
github.com/e2eterraformprovider/terraform-provider-e2e/goe2e/autoscaling.go:456.17,458.3 1 0
github.com/e2eterraformprovider/terraform-provider-e2e/goe2e/autoscaling.go:459.2,459.17 1 0
github.com/e2eterraformprovider/terraform-provider-e2e/goe2e/autoscaling.go:459.17,461.3 1 0
github.com/e2eterraformprovider/terraform-provider-e2e/goe2e/autoscaling.go:463.2,466.16 3 0
github.com/e2eterraformprovider/terraform-provider-e2e/goe2e/autoscaling.go:466.16,468.3 1 0
github.com/e2eterraformprovider/terraform-provider-e2e/goe2e/autoscaling.go:471.2,474.16 3 0
github.com/e2eterraformprovider/terraform-provider-e2e/goe2e/autoscaling.go:474.16,476.3 1 0
github.com/e2eterraformprovider/terraform-provider-e2e/goe2e/autoscaling.go:478.2,478.18 1 0
github.com/e2eterraformprovider/terraform-provider-e2e/goe2e/autoscaling.go:482.130,483.17 1 0
github.com/e2eterraformprovider/terraform-provider-e2e/goe2e/autoscaling.go:483.17,485.3 1 0
github.com/e2eterraformprovider/terraform-provider-e2e/goe2e/autoscaling.go:487.2,490.16 3 0
github.com/e2eterraformprovider/terraform-provider-e2e/goe2e/autoscaling.go:490.16,492.3 1 0
github.com/e2eterraformprovider/terraform-provider-e2e/goe2e/autoscaling.go:494.2,496.16 3 0
github.com/e2eterraformprovider/terraform-provider-e2e/goe2e/autoscaling.go:496.16,498.3 1 0
github.com/e2eterraformprovider/terraform-provider-e2e/goe2e/autoscaling.go:500.2,500.29 1 0
github.com/e2eterraformprovider/terraform-provider-e2e/goe2e/autoscaling.go:504.129,505.17 1 0
github.com/e2eterraformprovider/terraform-provider-e2e/goe2e/autoscaling.go:505.17,507.3 1 0
github.com/e2eterraformprovider/terraform-provider-e2e/goe2e/autoscaling.go:509.2,514.16 4 0
github.com/e2eterraformprovider/terraform-provider-e2e/goe2e/autoscaling.go:514.16,516.3 1 0
github.com/e2eterraformprovider/terraform-provider-e2e/goe2e/autoscaling.go:518.2,519.16 2 0
github.com/e2eterraformprovider/terraform-provider-e2e/goe2e/autoscaling.go:519.16,521.3 1 0
github.com/e2eterraformprovider/terraform-provider-e2e/goe2e/autoscaling.go:523.2,523.18 1 0
github.com/e2eterraformprovider/terraform-provider-e2e/goe2e/autoscaling.go:527.131,528.17 1 0
github.com/e2eterraformprovider/terraform-provider-e2e/goe2e/autoscaling.go:528.17,530.3 1 0
github.com/e2eterraformprovider/terraform-provider-e2e/goe2e/autoscaling.go:532.2,535.16 3 0
github.com/e2eterraformprovider/terraform-provider-e2e/goe2e/autoscaling.go:535.16,537.3 1 0
github.com/e2eterraformprovider/terraform-provider-e2e/goe2e/autoscaling.go:540.2,543.16 3 0
github.com/e2eterraformprovider/terraform-provider-e2e/goe2e/autoscaling.go:543.16,545.3 1 0
github.com/e2eterraformprovider/terraform-provider-e2e/goe2e/autoscaling.go:547.2,547.18 1 0
github.com/e2eterraformprovider/terraform-provider-e2e/goe2e/autoscaling.go:551.139,552.17 1 0
github.com/e2eterraformprovider/terraform-provider-e2e/goe2e/autoscaling.go:552.17,554.3 1 0
github.com/e2eterraformprovider/terraform-provider-e2e/goe2e/autoscaling.go:556.2,559.16 3 0
github.com/e2eterraformprovider/terraform-provider-e2e/goe2e/autoscaling.go:559.16,561.3 1 0
github.com/e2eterraformprovider/terraform-provider-e2e/goe2e/autoscaling.go:563.2,565.16 3 0
github.com/e2eterraformprovider/terraform-provider-e2e/goe2e/autoscaling.go:565.16,567.3 1 0
github.com/e2eterraformprovider/terraform-provider-e2e/goe2e/autoscaling.go:569.2,569.24 1 0
github.com/e2eterraformprovider/terraform-provider-e2e/goe2e/autoscaling.go:573.141,574.17 1 0
github.com/e2eterraformprovider/terraform-provider-e2e/goe2e/autoscaling.go:574.17,576.3 1 0
github.com/e2eterraformprovider/terraform-provider-e2e/goe2e/autoscaling.go:578.2,581.16 3 0
github.com/e2eterraformprovider/terraform-provider-e2e/goe2e/autoscaling.go:581.16,583.3 1 0
github.com/e2eterraformprovider/terraform-provider-e2e/goe2e/autoscaling.go:585.2,587.16 3 0
github.com/e2eterraformprovider/terraform-provider-e2e/goe2e/autoscaling.go:587.16,589.3 1 0
github.com/e2eterraformprovider/terraform-provider-e2e/goe2e/autoscaling.go:591.2,591.24 1 0
github.com/e2eterraformprovider/terraform-provider-e2e/goe2e/autoscaling.go:595.121,596.17 1 0
github.com/e2eterraformprovider/terraform-provider-e2e/goe2e/autoscaling.go:596.17,598.3 1 0
github.com/e2eterraformprovider/terraform-provider-e2e/goe2e/autoscaling.go:600.2,603.16 3 0
github.com/e2eterraformprovider/terraform-provider-e2e/goe2e/autoscaling.go:603.16,605.3 1 0
github.com/e2eterraformprovider/terraform-provider-e2e/goe2e/autoscaling.go:607.2,609.16 3 0
github.com/e2eterraformprovider/terraform-provider-e2e/goe2e/autoscaling.go:609.16,611.3 1 0
github.com/e2eterraformprovider/terraform-provider-e2e/goe2e/autoscaling.go:613.2,613.30 1 0
github.com/e2eterraformprovider/terraform-provider-e2e/goe2e/backup.go:96.138,97.18 1 14
github.com/e2eterraformprovider/terraform-provider-e2e/goe2e/backup.go:97.18,99.3 1 1
github.com/e2eterraformprovider/terraform-provider-e2e/goe2e/backup.go:100.2,100.19 1 13
github.com/e2eterraformprovider/terraform-provider-e2e/goe2e/backup.go:100.19,102.3 1 1
github.com/e2eterraformprovider/terraform-provider-e2e/goe2e/backup.go:104.2,107.16 3 12
github.com/e2eterraformprovider/terraform-provider-e2e/goe2e/backup.go:107.16,109.3 1 0
github.com/e2eterraformprovider/terraform-provider-e2e/goe2e/backup.go:111.2,113.16 3 12
github.com/e2eterraformprovider/terraform-provider-e2e/goe2e/backup.go:113.16,115.3 1 11
github.com/e2eterraformprovider/terraform-provider-e2e/goe2e/backup.go:117.2,117.30 1 1
github.com/e2eterraformprovider/terraform-provider-e2e/goe2e/backup.go:121.103,122.18 1 9
github.com/e2eterraformprovider/terraform-provider-e2e/goe2e/backup.go:122.18,124.3 1 1
github.com/e2eterraformprovider/terraform-provider-e2e/goe2e/backup.go:126.2,129.16 3 8
github.com/e2eterraformprovider/terraform-provider-e2e/goe2e/backup.go:129.16,131.3 1 0
github.com/e2eterraformprovider/terraform-provider-e2e/goe2e/backup.go:133.2,134.16 2 8
github.com/e2eterraformprovider/terraform-provider-e2e/goe2e/backup.go:134.16,136.3 1 7
github.com/e2eterraformprovider/terraform-provider-e2e/goe2e/backup.go:138.2,138.18 1 1
github.com/e2eterraformprovider/terraform-provider-e2e/goe2e/backup.go:142.117,143.18 1 11
github.com/e2eterraformprovider/terraform-provider-e2e/goe2e/backup.go:143.18,145.3 1 1
github.com/e2eterraformprovider/terraform-provider-e2e/goe2e/backup.go:147.2,150.16 3 10
github.com/e2eterraformprovider/terraform-provider-e2e/goe2e/backup.go:150.16,152.3 1 0
github.com/e2eterraformprovider/terraform-provider-e2e/goe2e/backup.go:154.2,156.16 3 10
github.com/e2eterraformprovider/terraform-provider-e2e/goe2e/backup.go:156.16,158.60 1 7
github.com/e2eterraformprovider/terraform-provider-e2e/goe2e/backup.go:158.60,160.4 1 1
github.com/e2eterraformprovider/terraform-provider-e2e/goe2e/backup.go:161.3,161.97 1 6
github.com/e2eterraformprovider/terraform-provider-e2e/goe2e/backup.go:164.2,164.30 1 3
github.com/e2eterraformprovider/terraform-provider-e2e/goe2e/backup.go:168.123,169.18 1 7
github.com/e2eterraformprovider/terraform-provider-e2e/goe2e/backup.go:169.18,171.3 1 1
github.com/e2eterraformprovider/terraform-provider-e2e/goe2e/backup.go:173.2,176.16 3 6
github.com/e2eterraformprovider/terraform-provider-e2e/goe2e/backup.go:176.16,178.3 1 0
github.com/e2eterraformprovider/terraform-provider-e2e/goe2e/backup.go:180.2,182.16 3 6
github.com/e2eterraformprovider/terraform-provider-e2e/goe2e/backup.go:182.16,184.60 1 5
github.com/e2eterraformprovider/terraform-provider-e2e/goe2e/backup.go:184.60,186.4 1 1
github.com/e2eterraformprovider/terraform-provider-e2e/goe2e/backup.go:187.3,187.103 1 4
github.com/e2eterraformprovider/terraform-provider-e2e/goe2e/backup.go:190.2,190.30 1 1
github.com/e2eterraformprovider/terraform-provider-e2e/goe2e/backup.go:194.104,198.16 3 5
github.com/e2eterraformprovider/terraform-provider-e2e/goe2e/backup.go:198.16,200.3 1 0
github.com/e2eterraformprovider/terraform-provider-e2e/goe2e/backup.go:202.2,204.16 3 5
github.com/e2eterraformprovider/terraform-provider-e2e/goe2e/backup.go:204.16,206.3 1 2
github.com/e2eterraformprovider/terraform-provider-e2e/goe2e/backup.go:208.2,208.29 1 3
github.com/e2eterraformprovider/terraform-provider-e2e/goe2e/backup.go:212.45,214.2 1 3
github.com/e2eterraformprovider/terraform-provider-e2e/goe2e/backup.go:217.55,218.17 1 4
github.com/e2eterraformprovider/terraform-provider-e2e/goe2e/backup.go:218.17,220.3 1 1
github.com/e2eterraformprovider/terraform-provider-e2e/goe2e/backup.go:221.2,223.29 3 3
github.com/e2eterraformprovider/terraform-provider-e2e/goe2e/backup.go:223.29,225.20 2 10
github.com/e2eterraformprovider/terraform-provider-e2e/goe2e/backup.go:225.20,227.4 1 9
github.com/e2eterraformprovider/terraform-provider-e2e/goe2e/backup.go:229.2,229.15 1 3
github.com/e2eterraformprovider/terraform-provider-e2e/goe2e/blockstorage.go:113.145,114.22 1 7
github.com/e2eterraformprovider/terraform-provider-e2e/goe2e/blockstorage.go:114.22,116.3 1 2
github.com/e2eterraformprovider/terraform-provider-e2e/goe2e/blockstorage.go:117.2,117.26 1 5
github.com/e2eterraformprovider/terraform-provider-e2e/goe2e/blockstorage.go:117.26,119.3 1 1
github.com/e2eterraformprovider/terraform-provider-e2e/goe2e/blockstorage.go:120.2,120.25 1 4
github.com/e2eterraformprovider/terraform-provider-e2e/goe2e/blockstorage.go:120.25,122.3 1 2
github.com/e2eterraformprovider/terraform-provider-e2e/goe2e/blockstorage.go:124.2,125.16 2 2
github.com/e2eterraformprovider/terraform-provider-e2e/goe2e/blockstorage.go:125.16,127.3 1 0
github.com/e2eterraformprovider/terraform-provider-e2e/goe2e/blockstorage.go:129.2,131.16 3 2
github.com/e2eterraformprovider/terraform-provider-e2e/goe2e/blockstorage.go:131.16,133.3 1 1
github.com/e2eterraformprovider/terraform-provider-e2e/goe2e/blockstorage.go:137.2,137.48 1 1
github.com/e2eterraformprovider/terraform-provider-e2e/goe2e/blockstorage.go:137.48,140.3 2 1
github.com/e2eterraformprovider/terraform-provider-e2e/goe2e/blockstorage.go:142.2,142.62 1 0
github.com/e2eterraformprovider/terraform-provider-e2e/goe2e/blockstorage.go:146.127,147.26 1 7
github.com/e2eterraformprovider/terraform-provider-e2e/goe2e/blockstorage.go:147.26,149.3 1 2
github.com/e2eterraformprovider/terraform-provider-e2e/goe2e/blockstorage.go:151.2,154.16 3 5
github.com/e2eterraformprovider/terraform-provider-e2e/goe2e/blockstorage.go:154.16,156.3 1 0
github.com/e2eterraformprovider/terraform-provider-e2e/goe2e/blockstorage.go:158.2,160.16 3 5
github.com/e2eterraformprovider/terraform-provider-e2e/goe2e/blockstorage.go:160.16,162.31 1 1
github.com/e2eterraformprovider/terraform-provider-e2e/goe2e/blockstorage.go:162.31,164.4 1 1
github.com/e2eterraformprovider/terraform-provider-e2e/goe2e/blockstorage.go:165.3,165.101 1 0
github.com/e2eterraformprovider/terraform-provider-e2e/goe2e/blockstorage.go:168.2,168.30 1 4
github.com/e2eterraformprovider/terraform-provider-e2e/goe2e/blockstorage.go:172.115,173.26 1 4
github.com/e2eterraformprovider/terraform-provider-e2e/goe2e/blockstorage.go:173.26,175.3 1 2
github.com/e2eterraformprovider/terraform-provider-e2e/goe2e/blockstorage.go:177.2,180.16 3 2
github.com/e2eterraformprovider/terraform-provider-e2e/goe2e/blockstorage.go:180.16,182.3 1 0
github.com/e2eterraformprovider/terraform-provider-e2e/goe2e/blockstorage.go:184.2,185.16 2 2
github.com/e2eterraformprovider/terraform-provider-e2e/goe2e/blockstorage.go:185.16,187.3 1 0
github.com/e2eterraformprovider/terraform-provider-e2e/goe2e/blockstorage.go:188.2,188.18 1 2
github.com/e2eterraformprovider/terraform-provider-e2e/goe2e/blockstorage.go:192.156,193.26 1 6
github.com/e2eterraformprovider/terraform-provider-e2e/goe2e/blockstorage.go:193.26,195.3 1 2
github.com/e2eterraformprovider/terraform-provider-e2e/goe2e/blockstorage.go:196.2,196.23 1 4
github.com/e2eterraformprovider/terraform-provider-e2e/goe2e/blockstorage.go:196.23,198.3 1 1
github.com/e2eterraformprovider/terraform-provider-e2e/goe2e/blockstorage.go:199.2,199.26 1 3
github.com/e2eterraformprovider/terraform-provider-e2e/goe2e/blockstorage.go:199.26,201.3 1 2
github.com/e2eterraformprovider/terraform-provider-e2e/goe2e/blockstorage.go:203.2,206.16 3 1
github.com/e2eterraformprovider/terraform-provider-e2e/goe2e/blockstorage.go:206.16,208.3 1 0
github.com/e2eterraformprovider/terraform-provider-e2e/goe2e/blockstorage.go:210.2,211.16 2 1
github.com/e2eterraformprovider/terraform-provider-e2e/goe2e/blockstorage.go:211.16,213.3 1 0
github.com/e2eterraformprovider/terraform-provider-e2e/goe2e/blockstorage.go:214.2,214.18 1 1
github.com/e2eterraformprovider/terraform-provider-e2e/goe2e/blockstorage.go:218.153,219.26 1 6
github.com/e2eterraformprovider/terraform-provider-e2e/goe2e/blockstorage.go:219.26,221.3 1 2
github.com/e2eterraformprovider/terraform-provider-e2e/goe2e/blockstorage.go:222.2,222.22 1 4
github.com/e2eterraformprovider/terraform-provider-e2e/goe2e/blockstorage.go:222.22,224.3 1 1
github.com/e2eterraformprovider/terraform-provider-e2e/goe2e/blockstorage.go:225.2,225.25 1 3
github.com/e2eterraformprovider/terraform-provider-e2e/goe2e/blockstorage.go:225.25,227.3 1 2
github.com/e2eterraformprovider/terraform-provider-e2e/goe2e/blockstorage.go:229.2,232.16 3 1
github.com/e2eterraformprovider/terraform-provider-e2e/goe2e/blockstorage.go:232.16,234.3 1 0
github.com/e2eterraformprovider/terraform-provider-e2e/goe2e/blockstorage.go:236.2,237.16 2 1
github.com/e2eterraformprovider/terraform-provider-e2e/goe2e/blockstorage.go:237.16,239.3 1 0
github.com/e2eterraformprovider/terraform-provider-e2e/goe2e/blockstorage.go:240.2,240.18 1 1
github.com/e2eterraformprovider/terraform-provider-e2e/goe2e/blockstorage.go:244.153,245.26 1 6
github.com/e2eterraformprovider/terraform-provider-e2e/goe2e/blockstorage.go:245.26,247.3 1 2
github.com/e2eterraformprovider/terraform-provider-e2e/goe2e/blockstorage.go:248.2,248.22 1 4
github.com/e2eterraformprovider/terraform-provider-e2e/goe2e/blockstorage.go:248.22,250.3 1 1
github.com/e2eterraformprovider/terraform-provider-e2e/goe2e/blockstorage.go:251.2,251.25 1 3
github.com/e2eterraformprovider/terraform-provider-e2e/goe2e/blockstorage.go:251.25,253.3 1 2
github.com/e2eterraformprovider/terraform-provider-e2e/goe2e/blockstorage.go:255.2,258.16 3 1
github.com/e2eterraformprovider/terraform-provider-e2e/goe2e/blockstorage.go:258.16,260.3 1 0
github.com/e2eterraformprovider/terraform-provider-e2e/goe2e/blockstorage.go:262.2,263.16 2 1
github.com/e2eterraformprovider/terraform-provider-e2e/goe2e/blockstorage.go:263.16,265.3 1 0
github.com/e2eterraformprovider/terraform-provider-e2e/goe2e/blockstorage.go:266.2,266.18 1 1
github.com/e2eterraformprovider/terraform-provider-e2e/goe2e/blockstorage.go:270.114,274.16 3 1
github.com/e2eterraformprovider/terraform-provider-e2e/goe2e/blockstorage.go:274.16,276.3 1 0
github.com/e2eterraformprovider/terraform-provider-e2e/goe2e/blockstorage.go:278.2,280.16 3 1
github.com/e2eterraformprovider/terraform-provider-e2e/goe2e/blockstorage.go:280.16,282.3 1 0
github.com/e2eterraformprovider/terraform-provider-e2e/goe2e/blockstorage.go:284.2,284.29 1 1
github.com/e2eterraformprovider/terraform-provider-e2e/goe2e/cdn.go:99.145,100.22 1 7
github.com/e2eterraformprovider/terraform-provider-e2e/goe2e/cdn.go:100.22,102.3 1 1
github.com/e2eterraformprovider/terraform-provider-e2e/goe2e/cdn.go:103.2,103.32 1 6
github.com/e2eterraformprovider/terraform-provider-e2e/goe2e/cdn.go:103.32,105.3 1 1
github.com/e2eterraformprovider/terraform-provider-e2e/goe2e/cdn.go:106.2,106.28 1 5
github.com/e2eterraformprovider/terraform-provider-e2e/goe2e/cdn.go:106.28,108.3 1 1
github.com/e2eterraformprovider/terraform-provider-e2e/goe2e/cdn.go:110.2,111.16 2 4
github.com/e2eterraformprovider/terraform-provider-e2e/goe2e/cdn.go:111.16,113.3 1 0
github.com/e2eterraformprovider/terraform-provider-e2e/goe2e/cdn.go:115.2,117.16 3 4
github.com/e2eterraformprovider/terraform-provider-e2e/goe2e/cdn.go:117.16,119.3 1 2
github.com/e2eterraformprovider/terraform-provider-e2e/goe2e/cdn.go:121.2,121.30 1 2
github.com/e2eterraformprovider/terraform-provider-e2e/goe2e/cdn.go:126.121,130.16 3 5
github.com/e2eterraformprovider/terraform-provider-e2e/goe2e/cdn.go:130.16,132.3 1 0
github.com/e2eterraformprovider/terraform-provider-e2e/goe2e/cdn.go:135.2,135.20 1 5
github.com/e2eterraformprovider/terraform-provider-e2e/goe2e/cdn.go:135.20,139.3 3 3
github.com/e2eterraformprovider/terraform-provider-e2e/goe2e/cdn.go:141.2,143.16 3 5
github.com/e2eterraformprovider/terraform-provider-e2e/goe2e/cdn.go:143.16,145.60 1 2
github.com/e2eterraformprovider/terraform-provider-e2e/goe2e/cdn.go:145.60,147.4 1 1
github.com/e2eterraformprovider/terraform-provider-e2e/goe2e/cdn.go:148.3,148.21 1 1
github.com/e2eterraformprovider/terraform-provider-e2e/goe2e/cdn.go:148.21,150.4 1 1
github.com/e2eterraformprovider/terraform-provider-e2e/goe2e/cdn.go:151.3,151.80 1 0
github.com/e2eterraformprovider/terraform-provider-e2e/goe2e/cdn.go:154.2,154.29 1 3
github.com/e2eterraformprovider/terraform-provider-e2e/goe2e/cdn.go:158.162,159.20 1 4
github.com/e2eterraformprovider/terraform-provider-e2e/goe2e/cdn.go:159.20,161.3 1 1
github.com/e2eterraformprovider/terraform-provider-e2e/goe2e/cdn.go:162.2,162.22 1 3
github.com/e2eterraformprovider/terraform-provider-e2e/goe2e/cdn.go:162.22,164.3 1 1
github.com/e2eterraformprovider/terraform-provider-e2e/goe2e/cdn.go:166.2,167.16 2 2
github.com/e2eterraformprovider/terraform-provider-e2e/goe2e/cdn.go:167.16,169.3 1 0
github.com/e2eterraformprovider/terraform-provider-e2e/goe2e/cdn.go:172.2,178.16 6 2
github.com/e2eterraformprovider/terraform-provider-e2e/goe2e/cdn.go:178.16,180.3 1 1
github.com/e2eterraformprovider/terraform-provider-e2e/goe2e/cdn.go:182.2,182.30 1 1
github.com/e2eterraformprovider/terraform-provider-e2e/goe2e/cdn.go:186.103,187.20 1 3
github.com/e2eterraformprovider/terraform-provider-e2e/goe2e/cdn.go:187.20,189.3 1 1
github.com/e2eterraformprovider/terraform-provider-e2e/goe2e/cdn.go:191.2,192.16 2 2
github.com/e2eterraformprovider/terraform-provider-e2e/goe2e/cdn.go:192.16,194.3 1 0
github.com/e2eterraformprovider/terraform-provider-e2e/goe2e/cdn.go:197.2,202.16 5 2
github.com/e2eterraformprovider/terraform-provider-e2e/goe2e/cdn.go:202.16,204.3 1 1
github.com/e2eterraformprovider/terraform-provider-e2e/goe2e/cdn.go:205.2,205.18 1 1
github.com/e2eterraformprovider/terraform-provider-e2e/goe2e/container_registry.go:121.165,122.22 1 14
github.com/e2eterraformprovider/terraform-provider-e2e/goe2e/container_registry.go:122.22,124.3 1 1
github.com/e2eterraformprovider/terraform-provider-e2e/goe2e/container_registry.go:125.2,125.33 1 13
github.com/e2eterraformprovider/terraform-provider-e2e/goe2e/container_registry.go:125.33,127.3 1 1
github.com/e2eterraformprovider/terraform-provider-e2e/goe2e/container_registry.go:129.2,130.16 2 12
github.com/e2eterraformprovider/terraform-provider-e2e/goe2e/container_registry.go:130.16,132.3 1 0
github.com/e2eterraformprovider/terraform-provider-e2e/goe2e/container_registry.go:134.2,136.16 3 12
github.com/e2eterraformprovider/terraform-provider-e2e/goe2e/container_registry.go:136.16,138.3 1 8
github.com/e2eterraformprovider/terraform-provider-e2e/goe2e/container_registry.go:142.2,144.16 3 4
github.com/e2eterraformprovider/terraform-provider-e2e/goe2e/container_registry.go:144.16,146.3 1 2
github.com/e2eterraformprovider/terraform-provider-e2e/goe2e/container_registry.go:149.2,149.26 1 2
github.com/e2eterraformprovider/terraform-provider-e2e/goe2e/container_registry.go:149.26,150.55 1 1
github.com/e2eterraformprovider/terraform-provider-e2e/goe2e/container_registry.go:150.55,152.4 1 1
github.com/e2eterraformprovider/terraform-provider-e2e/goe2e/container_registry.go:155.2,155.118 1 1
github.com/e2eterraformprovider/terraform-provider-e2e/goe2e/container_registry.go:159.165,161.17 1 19
github.com/e2eterraformprovider/terraform-provider-e2e/goe2e/container_registry.go:161.17,163.3 1 6
github.com/e2eterraformprovider/terraform-provider-e2e/goe2e/container_registry.go:164.2,164.20 1 19
github.com/e2eterraformprovider/terraform-provider-e2e/goe2e/container_registry.go:164.20,166.3 1 1
github.com/e2eterraformprovider/terraform-provider-e2e/goe2e/container_registry.go:167.2,167.24 1 19
github.com/e2eterraformprovider/terraform-provider-e2e/goe2e/container_registry.go:167.24,169.3 1 1
github.com/e2eterraformprovider/terraform-provider-e2e/goe2e/container_registry.go:171.2,174.16 3 19
github.com/e2eterraformprovider/terraform-provider-e2e/goe2e/container_registry.go:174.16,176.3 1 0
github.com/e2eterraformprovider/terraform-provider-e2e/goe2e/container_registry.go:179.2,186.16 7 19
github.com/e2eterraformprovider/terraform-provider-e2e/goe2e/container_registry.go:186.16,188.3 1 10
github.com/e2eterraformprovider/terraform-provider-e2e/goe2e/container_registry.go:190.2,190.29 1 9
github.com/e2eterraformprovider/terraform-provider-e2e/goe2e/container_registry.go:194.127,195.13 1 9
github.com/e2eterraformprovider/terraform-provider-e2e/goe2e/container_registry.go:195.13,197.3 1 3
github.com/e2eterraformprovider/terraform-provider-e2e/goe2e/container_registry.go:200.2,202.16 3 6
github.com/e2eterraformprovider/terraform-provider-e2e/goe2e/container_registry.go:202.16,204.3 1 4
github.com/e2eterraformprovider/terraform-provider-e2e/goe2e/container_registry.go:207.2,207.26 1 2
github.com/e2eterraformprovider/terraform-provider-e2e/goe2e/container_registry.go:207.26,208.27 1 2
github.com/e2eterraformprovider/terraform-provider-e2e/goe2e/container_registry.go:208.27,210.4 1 1
github.com/e2eterraformprovider/terraform-provider-e2e/goe2e/container_registry.go:214.2,214.23 1 1
github.com/e2eterraformprovider/terraform-provider-e2e/goe2e/container_registry.go:218.165,219.23 1 9
github.com/e2eterraformprovider/terraform-provider-e2e/goe2e/container_registry.go:219.23,221.3 1 1
github.com/e2eterraformprovider/terraform-provider-e2e/goe2e/container_registry.go:222.2,222.22 1 8
github.com/e2eterraformprovider/terraform-provider-e2e/goe2e/container_registry.go:222.22,224.3 1 1
github.com/e2eterraformprovider/terraform-provider-e2e/goe2e/container_registry.go:227.2,234.16 3 7
github.com/e2eterraformprovider/terraform-provider-e2e/goe2e/container_registry.go:234.16,236.3 1 0
github.com/e2eterraformprovider/terraform-provider-e2e/goe2e/container_registry.go:238.2,239.16 2 7
github.com/e2eterraformprovider/terraform-provider-e2e/goe2e/container_registry.go:239.16,241.3 1 5
github.com/e2eterraformprovider/terraform-provider-e2e/goe2e/container_registry.go:243.2,243.18 1 2
github.com/e2eterraformprovider/terraform-provider-e2e/goe2e/container_registry.go:247.145,248.22 1 10
github.com/e2eterraformprovider/terraform-provider-e2e/goe2e/container_registry.go:248.22,250.3 1 1
github.com/e2eterraformprovider/terraform-provider-e2e/goe2e/container_registry.go:251.2,251.33 1 9
github.com/e2eterraformprovider/terraform-provider-e2e/goe2e/container_registry.go:251.33,253.3 1 1
github.com/e2eterraformprovider/terraform-provider-e2e/goe2e/container_registry.go:254.2,254.33 1 8
github.com/e2eterraformprovider/terraform-provider-e2e/goe2e/container_registry.go:254.33,256.3 1 1
github.com/e2eterraformprovider/terraform-provider-e2e/goe2e/container_registry.go:257.2,257.28 1 7
github.com/e2eterraformprovider/terraform-provider-e2e/goe2e/container_registry.go:257.28,259.3 1 1
github.com/e2eterraformprovider/terraform-provider-e2e/goe2e/container_registry.go:261.2,262.16 2 6
github.com/e2eterraformprovider/terraform-provider-e2e/goe2e/container_registry.go:262.16,264.3 1 0
github.com/e2eterraformprovider/terraform-provider-e2e/goe2e/container_registry.go:267.2,275.16 8 6
github.com/e2eterraformprovider/terraform-provider-e2e/goe2e/container_registry.go:275.16,277.3 1 5
github.com/e2eterraformprovider/terraform-provider-e2e/goe2e/container_registry.go:279.2,279.18 1 1
github.com/e2eterraformprovider/terraform-provider-e2e/goe2e/dbaas_mariadb.go:151.125,152.22 1 10
github.com/e2eterraformprovider/terraform-provider-e2e/goe2e/dbaas_mariadb.go:152.22,154.3 1 1
github.com/e2eterraformprovider/terraform-provider-e2e/goe2e/dbaas_mariadb.go:155.2,155.26 1 9
github.com/e2eterraformprovider/terraform-provider-e2e/goe2e/dbaas_mariadb.go:155.26,157.3 1 2
github.com/e2eterraformprovider/terraform-provider-e2e/goe2e/dbaas_mariadb.go:158.2,158.31 1 7
github.com/e2eterraformprovider/terraform-provider-e2e/goe2e/dbaas_mariadb.go:158.31,160.3 1 1
github.com/e2eterraformprovider/terraform-provider-e2e/goe2e/dbaas_mariadb.go:161.2,161.31 1 6
github.com/e2eterraformprovider/terraform-provider-e2e/goe2e/dbaas_mariadb.go:161.31,163.3 1 1
github.com/e2eterraformprovider/terraform-provider-e2e/goe2e/dbaas_mariadb.go:165.2,168.16 3 5
github.com/e2eterraformprovider/terraform-provider-e2e/goe2e/dbaas_mariadb.go:168.16,170.3 1 0
github.com/e2eterraformprovider/terraform-provider-e2e/goe2e/dbaas_mariadb.go:172.2,174.16 3 5
github.com/e2eterraformprovider/terraform-provider-e2e/goe2e/dbaas_mariadb.go:174.16,176.3 1 2
github.com/e2eterraformprovider/terraform-provider-e2e/goe2e/dbaas_mariadb.go:178.2,178.30 1 3
github.com/e2eterraformprovider/terraform-provider-e2e/goe2e/dbaas_mariadb.go:182.107,183.21 1 8
github.com/e2eterraformprovider/terraform-provider-e2e/goe2e/dbaas_mariadb.go:183.21,185.3 1 1
github.com/e2eterraformprovider/terraform-provider-e2e/goe2e/dbaas_mariadb.go:187.2,190.16 3 7
github.com/e2eterraformprovider/terraform-provider-e2e/goe2e/dbaas_mariadb.go:190.16,192.3 1 0
github.com/e2eterraformprovider/terraform-provider-e2e/goe2e/dbaas_mariadb.go:194.2,196.16 3 7
github.com/e2eterraformprovider/terraform-provider-e2e/goe2e/dbaas_mariadb.go:196.16,198.60 1 3
github.com/e2eterraformprovider/terraform-provider-e2e/goe2e/dbaas_mariadb.go:198.60,200.4 1 1
github.com/e2eterraformprovider/terraform-provider-e2e/goe2e/dbaas_mariadb.go:201.3,201.98 1 2
github.com/e2eterraformprovider/terraform-provider-e2e/goe2e/dbaas_mariadb.go:204.2,204.30 1 4
github.com/e2eterraformprovider/terraform-provider-e2e/goe2e/dbaas_mariadb.go:208.106,209.21 1 4
github.com/e2eterraformprovider/terraform-provider-e2e/goe2e/dbaas_mariadb.go:209.21,211.3 1 1
github.com/e2eterraformprovider/terraform-provider-e2e/goe2e/dbaas_mariadb.go:213.2,216.16 3 3
github.com/e2eterraformprovider/terraform-provider-e2e/goe2e/dbaas_mariadb.go:216.16,218.3 1 0
github.com/e2eterraformprovider/terraform-provider-e2e/goe2e/dbaas_mariadb.go:220.2,221.16 2 3
github.com/e2eterraformprovider/terraform-provider-e2e/goe2e/dbaas_mariadb.go:221.16,223.60 1 2
github.com/e2eterraformprovider/terraform-provider-e2e/goe2e/dbaas_mariadb.go:223.60,225.4 1 1
github.com/e2eterraformprovider/terraform-provider-e2e/goe2e/dbaas_mariadb.go:226.3,226.107 1 1
github.com/e2eterraformprovider/terraform-provider-e2e/goe2e/dbaas_mariadb.go:229.2,229.24 1 1
github.com/e2eterraformprovider/terraform-provider-e2e/goe2e/dbaas_mariadb.go:233.100,234.21 1 4
github.com/e2eterraformprovider/terraform-provider-e2e/goe2e/dbaas_mariadb.go:234.21,236.3 1 1
github.com/e2eterraformprovider/terraform-provider-e2e/goe2e/dbaas_mariadb.go:238.2,241.16 3 3
github.com/e2eterraformprovider/terraform-provider-e2e/goe2e/dbaas_mariadb.go:241.16,243.3 1 0
github.com/e2eterraformprovider/terraform-provider-e2e/goe2e/dbaas_mariadb.go:245.2,246.16 2 3
github.com/e2eterraformprovider/terraform-provider-e2e/goe2e/dbaas_mariadb.go:246.16,248.3 1 2
github.com/e2eterraformprovider/terraform-provider-e2e/goe2e/dbaas_mariadb.go:250.2,250.18 1 1
github.com/e2eterraformprovider/terraform-provider-e2e/goe2e/dbaas_mariadb.go:254.102,255.21 1 4
github.com/e2eterraformprovider/terraform-provider-e2e/goe2e/dbaas_mariadb.go:255.21,257.3 1 1
github.com/e2eterraformprovider/terraform-provider-e2e/goe2e/dbaas_mariadb.go:259.2,262.16 3 3
github.com/e2eterraformprovider/terraform-provider-e2e/goe2e/dbaas_mariadb.go:262.16,264.3 1 0
github.com/e2eterraformprovider/terraform-provider-e2e/goe2e/dbaas_mariadb.go:266.2,267.16 2 3
github.com/e2eterraformprovider/terraform-provider-e2e/goe2e/dbaas_mariadb.go:267.16,269.3 1 2
github.com/e2eterraformprovider/terraform-provider-e2e/goe2e/dbaas_mariadb.go:271.2,271.18 1 1
github.com/e2eterraformprovider/terraform-provider-e2e/goe2e/dbaas_mariadb.go:275.100,276.21 1 4
github.com/e2eterraformprovider/terraform-provider-e2e/goe2e/dbaas_mariadb.go:276.21,278.3 1 1
github.com/e2eterraformprovider/terraform-provider-e2e/goe2e/dbaas_mariadb.go:280.2,283.16 3 3
github.com/e2eterraformprovider/terraform-provider-e2e/goe2e/dbaas_mariadb.go:283.16,285.3 1 0
github.com/e2eterraformprovider/terraform-provider-e2e/goe2e/dbaas_mariadb.go:287.2,288.16 2 3
github.com/e2eterraformprovider/terraform-provider-e2e/goe2e/dbaas_mariadb.go:288.16,290.3 1 2
github.com/e2eterraformprovider/terraform-provider-e2e/goe2e/dbaas_mariadb.go:292.2,292.18 1 1
github.com/e2eterraformprovider/terraform-provider-e2e/goe2e/dbaas_mariadb.go:296.101,297.21 1 4
github.com/e2eterraformprovider/terraform-provider-e2e/goe2e/dbaas_mariadb.go:297.21,299.3 1 1
github.com/e2eterraformprovider/terraform-provider-e2e/goe2e/dbaas_mariadb.go:301.2,304.16 3 3
github.com/e2eterraformprovider/terraform-provider-e2e/goe2e/dbaas_mariadb.go:304.16,306.3 1 0
github.com/e2eterraformprovider/terraform-provider-e2e/goe2e/dbaas_mariadb.go:308.2,309.16 2 3
github.com/e2eterraformprovider/terraform-provider-e2e/goe2e/dbaas_mariadb.go:309.16,311.3 1 2
github.com/e2eterraformprovider/terraform-provider-e2e/goe2e/dbaas_mariadb.go:313.2,313.18 1 1
github.com/e2eterraformprovider/terraform-provider-e2e/goe2e/dbaas_mariadb.go:317.113,318.21 1 7
github.com/e2eterraformprovider/terraform-provider-e2e/goe2e/dbaas_mariadb.go:318.21,320.3 1 1
github.com/e2eterraformprovider/terraform-provider-e2e/goe2e/dbaas_mariadb.go:321.2,321.22 1 6
github.com/e2eterraformprovider/terraform-provider-e2e/goe2e/dbaas_mariadb.go:321.22,323.3 1 1
github.com/e2eterraformprovider/terraform-provider-e2e/goe2e/dbaas_mariadb.go:326.2,327.16 2 5
github.com/e2eterraformprovider/terraform-provider-e2e/goe2e/dbaas_mariadb.go:327.16,329.3 1 2
github.com/e2eterraformprovider/terraform-provider-e2e/goe2e/dbaas_mariadb.go:331.2,339.16 4 3
github.com/e2eterraformprovider/terraform-provider-e2e/goe2e/dbaas_mariadb.go:339.16,341.3 1 0
github.com/e2eterraformprovider/terraform-provider-e2e/goe2e/dbaas_mariadb.go:343.2,344.16 2 3
github.com/e2eterraformprovider/terraform-provider-e2e/goe2e/dbaas_mariadb.go:344.16,346.3 1 1
github.com/e2eterraformprovider/terraform-provider-e2e/goe2e/dbaas_mariadb.go:348.2,348.18 1 2
github.com/e2eterraformprovider/terraform-provider-e2e/goe2e/dbaas_mariadb.go:352.113,353.21 1 5
github.com/e2eterraformprovider/terraform-provider-e2e/goe2e/dbaas_mariadb.go:353.21,355.3 1 1
github.com/e2eterraformprovider/terraform-provider-e2e/goe2e/dbaas_mariadb.go:356.2,356.22 1 4
github.com/e2eterraformprovider/terraform-provider-e2e/goe2e/dbaas_mariadb.go:356.22,358.3 1 1
github.com/e2eterraformprovider/terraform-provider-e2e/goe2e/dbaas_mariadb.go:361.2,362.16 2 3
github.com/e2eterraformprovider/terraform-provider-e2e/goe2e/dbaas_mariadb.go:362.16,364.3 1 1
github.com/e2eterraformprovider/terraform-provider-e2e/goe2e/dbaas_mariadb.go:366.2,374.16 4 2
github.com/e2eterraformprovider/terraform-provider-e2e/goe2e/dbaas_mariadb.go:374.16,376.3 1 0
github.com/e2eterraformprovider/terraform-provider-e2e/goe2e/dbaas_mariadb.go:378.2,379.16 2 2
github.com/e2eterraformprovider/terraform-provider-e2e/goe2e/dbaas_mariadb.go:379.16,381.3 1 1
github.com/e2eterraformprovider/terraform-provider-e2e/goe2e/dbaas_mariadb.go:383.2,383.18 1 1
github.com/e2eterraformprovider/terraform-provider-e2e/goe2e/dbaas_mariadb.go:387.101,388.21 1 4
github.com/e2eterraformprovider/terraform-provider-e2e/goe2e/dbaas_mariadb.go:388.21,390.3 1 1
github.com/e2eterraformprovider/terraform-provider-e2e/goe2e/dbaas_mariadb.go:392.2,396.16 4 3
github.com/e2eterraformprovider/terraform-provider-e2e/goe2e/dbaas_mariadb.go:396.16,398.3 1 0
github.com/e2eterraformprovider/terraform-provider-e2e/goe2e/dbaas_mariadb.go:400.2,401.16 2 3
github.com/e2eterraformprovider/terraform-provider-e2e/goe2e/dbaas_mariadb.go:401.16,403.3 1 2
github.com/e2eterraformprovider/terraform-provider-e2e/goe2e/dbaas_mariadb.go:405.2,405.18 1 1
github.com/e2eterraformprovider/terraform-provider-e2e/goe2e/dbaas_mariadb.go:409.101,410.21 1 4
github.com/e2eterraformprovider/terraform-provider-e2e/goe2e/dbaas_mariadb.go:410.21,412.3 1 1
github.com/e2eterraformprovider/terraform-provider-e2e/goe2e/dbaas_mariadb.go:414.2,418.16 4 3
github.com/e2eterraformprovider/terraform-provider-e2e/goe2e/dbaas_mariadb.go:418.16,420.3 1 0
github.com/e2eterraformprovider/terraform-provider-e2e/goe2e/dbaas_mariadb.go:422.2,423.16 2 3
github.com/e2eterraformprovider/terraform-provider-e2e/goe2e/dbaas_mariadb.go:423.16,425.3 1 2
github.com/e2eterraformprovider/terraform-provider-e2e/goe2e/dbaas_mariadb.go:427.2,427.18 1 1
github.com/e2eterraformprovider/terraform-provider-e2e/goe2e/dbaas_mariadb.go:431.129,432.21 1 6
github.com/e2eterraformprovider/terraform-provider-e2e/goe2e/dbaas_mariadb.go:432.21,434.3 1 1
github.com/e2eterraformprovider/terraform-provider-e2e/goe2e/dbaas_mariadb.go:435.2,435.27 1 5
github.com/e2eterraformprovider/terraform-provider-e2e/goe2e/dbaas_mariadb.go:435.27,437.3 1 2
github.com/e2eterraformprovider/terraform-provider-e2e/goe2e/dbaas_mariadb.go:439.2,443.16 4 3
github.com/e2eterraformprovider/terraform-provider-e2e/goe2e/dbaas_mariadb.go:443.16,445.3 1 0
github.com/e2eterraformprovider/terraform-provider-e2e/goe2e/dbaas_mariadb.go:447.2,448.16 2 3
github.com/e2eterraformprovider/terraform-provider-e2e/goe2e/dbaas_mariadb.go:448.16,450.3 1 2
github.com/e2eterraformprovider/terraform-provider-e2e/goe2e/dbaas_mariadb.go:452.2,452.18 1 1
github.com/e2eterraformprovider/terraform-provider-e2e/goe2e/dbaas_mariadb.go:456.129,457.21 1 5
github.com/e2eterraformprovider/terraform-provider-e2e/goe2e/dbaas_mariadb.go:457.21,459.3 1 1
github.com/e2eterraformprovider/terraform-provider-e2e/goe2e/dbaas_mariadb.go:460.2,460.27 1 4
github.com/e2eterraformprovider/terraform-provider-e2e/goe2e/dbaas_mariadb.go:460.27,462.3 1 1
github.com/e2eterraformprovider/terraform-provider-e2e/goe2e/dbaas_mariadb.go:464.2,468.16 3 3
github.com/e2eterraformprovider/terraform-provider-e2e/goe2e/dbaas_mariadb.go:468.16,470.3 1 0
github.com/e2eterraformprovider/terraform-provider-e2e/goe2e/dbaas_mariadb.go:472.2,473.16 2 3
github.com/e2eterraformprovider/terraform-provider-e2e/goe2e/dbaas_mariadb.go:473.16,475.3 1 2
github.com/e2eterraformprovider/terraform-provider-e2e/goe2e/dbaas_mariadb.go:477.2,477.18 1 1
github.com/e2eterraformprovider/terraform-provider-e2e/goe2e/dbaas_mariadb.go:481.114,482.21 1 5
github.com/e2eterraformprovider/terraform-provider-e2e/goe2e/dbaas_mariadb.go:482.21,484.3 1 1
github.com/e2eterraformprovider/terraform-provider-e2e/goe2e/dbaas_mariadb.go:485.2,485.21 1 4
github.com/e2eterraformprovider/terraform-provider-e2e/goe2e/dbaas_mariadb.go:485.21,487.3 1 2
github.com/e2eterraformprovider/terraform-provider-e2e/goe2e/dbaas_mariadb.go:489.2,493.16 4 2
github.com/e2eterraformprovider/terraform-provider-e2e/goe2e/dbaas_mariadb.go:493.16,495.3 1 0
github.com/e2eterraformprovider/terraform-provider-e2e/goe2e/dbaas_mariadb.go:497.2,498.16 2 2
github.com/e2eterraformprovider/terraform-provider-e2e/goe2e/dbaas_mariadb.go:498.16,500.3 1 1
github.com/e2eterraformprovider/terraform-provider-e2e/goe2e/dbaas_mariadb.go:502.2,502.18 1 1
github.com/e2eterraformprovider/terraform-provider-e2e/goe2e/dbaas_mariadb.go:506.117,507.21 1 5
github.com/e2eterraformprovider/terraform-provider-e2e/goe2e/dbaas_mariadb.go:507.21,509.3 1 1
github.com/e2eterraformprovider/terraform-provider-e2e/goe2e/dbaas_mariadb.go:510.2,510.25 1 4
github.com/e2eterraformprovider/terraform-provider-e2e/goe2e/dbaas_mariadb.go:510.25,512.3 1 2
github.com/e2eterraformprovider/terraform-provider-e2e/goe2e/dbaas_mariadb.go:514.2,518.16 4 2
github.com/e2eterraformprovider/terraform-provider-e2e/goe2e/dbaas_mariadb.go:518.16,520.3 1 0
github.com/e2eterraformprovider/terraform-provider-e2e/goe2e/dbaas_mariadb.go:522.2,523.16 2 2
github.com/e2eterraformprovider/terraform-provider-e2e/goe2e/dbaas_mariadb.go:523.16,525.3 1 1
github.com/e2eterraformprovider/terraform-provider-e2e/goe2e/dbaas_mariadb.go:527.2,527.18 1 1
github.com/e2eterraformprovider/terraform-provider-e2e/goe2e/dbaas_mariadb.go:532.103,533.22 1 16
github.com/e2eterraformprovider/terraform-provider-e2e/goe2e/dbaas_mariadb.go:533.22,535.3 1 2
github.com/e2eterraformprovider/terraform-provider-e2e/goe2e/dbaas_mariadb.go:537.2,539.31 2 14
github.com/e2eterraformprovider/terraform-provider-e2e/goe2e/dbaas_mariadb.go:539.31,540.18 1 21
github.com/e2eterraformprovider/terraform-provider-e2e/goe2e/dbaas_mariadb.go:540.18,541.12 1 4
github.com/e2eterraformprovider/terraform-provider-e2e/goe2e/dbaas_mariadb.go:545.3,546.17 2 17
github.com/e2eterraformprovider/terraform-provider-e2e/goe2e/dbaas_mariadb.go:546.17,548.4 1 5
github.com/e2eterraformprovider/terraform-provider-e2e/goe2e/dbaas_mariadb.go:550.3,550.17 1 12
github.com/e2eterraformprovider/terraform-provider-e2e/goe2e/dbaas_mariadb.go:550.17,552.4 1 0
github.com/e2eterraformprovider/terraform-provider-e2e/goe2e/dbaas_mariadb.go:554.3,559.45 2 12
github.com/e2eterraformprovider/terraform-provider-e2e/goe2e/dbaas_mariadb.go:562.2,562.27 1 9
github.com/e2eterraformprovider/terraform-provider-e2e/goe2e/dbaas_mariadb.go:562.27,564.3 1 1
github.com/e2eterraformprovider/terraform-provider-e2e/goe2e/dbaas_mariadb.go:566.2,566.25 1 8
github.com/e2eterraformprovider/terraform-provider-e2e/goe2e/dbaas_mariadb.go:570.98,571.16 1 0
github.com/e2eterraformprovider/terraform-provider-e2e/goe2e/dbaas_mariadb.go:571.16,573.3 1 0
github.com/e2eterraformprovider/terraform-provider-e2e/goe2e/dbaas_mariadb.go:574.2,574.19 1 0
github.com/e2eterraformprovider/terraform-provider-e2e/goe2e/dbaas_mariadb.go:574.19,576.3 1 0
github.com/e2eterraformprovider/terraform-provider-e2e/goe2e/dbaas_mariadb.go:578.2,581.16 3 0
github.com/e2eterraformprovider/terraform-provider-e2e/goe2e/dbaas_mariadb.go:581.16,583.3 1 0
github.com/e2eterraformprovider/terraform-provider-e2e/goe2e/dbaas_mariadb.go:585.2,587.16 3 0
github.com/e2eterraformprovider/terraform-provider-e2e/goe2e/dbaas_mariadb.go:587.16,589.3 1 0
github.com/e2eterraformprovider/terraform-provider-e2e/goe2e/dbaas_mariadb.go:591.2,591.51 1 0
github.com/e2eterraformprovider/terraform-provider-e2e/goe2e/dbaas_mariadb.go:591.51,592.67 1 0
github.com/e2eterraformprovider/terraform-provider-e2e/goe2e/dbaas_mariadb.go:592.67,594.4 1 0
github.com/e2eterraformprovider/terraform-provider-e2e/goe2e/dbaas_mariadb.go:597.2,597.101 1 0
github.com/e2eterraformprovider/terraform-provider-e2e/goe2e/dbaas_mariadb.go:601.105,602.16 1 0
github.com/e2eterraformprovider/terraform-provider-e2e/goe2e/dbaas_mariadb.go:602.16,604.3 1 0
github.com/e2eterraformprovider/terraform-provider-e2e/goe2e/dbaas_mariadb.go:605.2,605.21 1 0
github.com/e2eterraformprovider/terraform-provider-e2e/goe2e/dbaas_mariadb.go:605.21,607.3 1 0
github.com/e2eterraformprovider/terraform-provider-e2e/goe2e/dbaas_mariadb.go:609.2,612.16 3 0
github.com/e2eterraformprovider/terraform-provider-e2e/goe2e/dbaas_mariadb.go:612.16,614.3 1 0
github.com/e2eterraformprovider/terraform-provider-e2e/goe2e/dbaas_mariadb.go:616.2,622.16 6 0
github.com/e2eterraformprovider/terraform-provider-e2e/goe2e/dbaas_mariadb.go:622.16,624.3 1 0
github.com/e2eterraformprovider/terraform-provider-e2e/goe2e/dbaas_mariadb.go:626.2,626.51 1 0
github.com/e2eterraformprovider/terraform-provider-e2e/goe2e/dbaas_mariadb.go:626.51,627.32 1 0
github.com/e2eterraformprovider/terraform-provider-e2e/goe2e/dbaas_mariadb.go:627.32,629.4 1 0
github.com/e2eterraformprovider/terraform-provider-e2e/goe2e/dbaas_mariadb.go:632.2,632.84 1 0
github.com/e2eterraformprovider/terraform-provider-e2e/goe2e/dbaas_mysql.go:134.138,135.22 1 8
github.com/e2eterraformprovider/terraform-provider-e2e/goe2e/dbaas_mysql.go:135.22,137.3 1 2
github.com/e2eterraformprovider/terraform-provider-e2e/goe2e/dbaas_mysql.go:139.2,140.16 2 6
github.com/e2eterraformprovider/terraform-provider-e2e/goe2e/dbaas_mysql.go:140.16,142.3 1 0
github.com/e2eterraformprovider/terraform-provider-e2e/goe2e/dbaas_mysql.go:144.2,146.16 3 6
github.com/e2eterraformprovider/terraform-provider-e2e/goe2e/dbaas_mysql.go:146.16,148.3 1 4
github.com/e2eterraformprovider/terraform-provider-e2e/goe2e/dbaas_mysql.go:152.2,152.48 1 2
github.com/e2eterraformprovider/terraform-provider-e2e/goe2e/dbaas_mysql.go:152.48,155.3 2 1
github.com/e2eterraformprovider/terraform-provider-e2e/goe2e/dbaas_mysql.go:157.2,157.83 1 1
github.com/e2eterraformprovider/terraform-provider-e2e/goe2e/dbaas_mysql.go:161.115,162.21 1 9
github.com/e2eterraformprovider/terraform-provider-e2e/goe2e/dbaas_mysql.go:162.21,164.3 1 1
github.com/e2eterraformprovider/terraform-provider-e2e/goe2e/dbaas_mysql.go:166.2,169.16 3 8
github.com/e2eterraformprovider/terraform-provider-e2e/goe2e/dbaas_mysql.go:169.16,171.3 1 0
github.com/e2eterraformprovider/terraform-provider-e2e/goe2e/dbaas_mysql.go:173.2,175.16 3 8
github.com/e2eterraformprovider/terraform-provider-e2e/goe2e/dbaas_mysql.go:175.16,177.60 1 3
github.com/e2eterraformprovider/terraform-provider-e2e/goe2e/dbaas_mysql.go:177.60,179.4 1 1
github.com/e2eterraformprovider/terraform-provider-e2e/goe2e/dbaas_mysql.go:180.3,180.96 1 2
github.com/e2eterraformprovider/terraform-provider-e2e/goe2e/dbaas_mysql.go:183.2,183.30 1 5
github.com/e2eterraformprovider/terraform-provider-e2e/goe2e/dbaas_mysql.go:187.103,188.21 1 4
github.com/e2eterraformprovider/terraform-provider-e2e/goe2e/dbaas_mysql.go:188.21,190.3 1 1
github.com/e2eterraformprovider/terraform-provider-e2e/goe2e/dbaas_mysql.go:192.2,195.16 3 3
github.com/e2eterraformprovider/terraform-provider-e2e/goe2e/dbaas_mysql.go:195.16,197.3 1 0
github.com/e2eterraformprovider/terraform-provider-e2e/goe2e/dbaas_mysql.go:199.2,200.16 2 3
github.com/e2eterraformprovider/terraform-provider-e2e/goe2e/dbaas_mysql.go:200.16,202.3 1 2
github.com/e2eterraformprovider/terraform-provider-e2e/goe2e/dbaas_mysql.go:203.2,203.18 1 1
github.com/e2eterraformprovider/terraform-provider-e2e/goe2e/dbaas_mysql.go:207.102,208.21 1 4
github.com/e2eterraformprovider/terraform-provider-e2e/goe2e/dbaas_mysql.go:208.21,210.3 1 1
github.com/e2eterraformprovider/terraform-provider-e2e/goe2e/dbaas_mysql.go:212.2,215.16 3 3
github.com/e2eterraformprovider/terraform-provider-e2e/goe2e/dbaas_mysql.go:215.16,217.3 1 0
github.com/e2eterraformprovider/terraform-provider-e2e/goe2e/dbaas_mysql.go:219.2,220.16 2 3
github.com/e2eterraformprovider/terraform-provider-e2e/goe2e/dbaas_mysql.go:220.16,222.3 1 2
github.com/e2eterraformprovider/terraform-provider-e2e/goe2e/dbaas_mysql.go:223.2,223.18 1 1
github.com/e2eterraformprovider/terraform-provider-e2e/goe2e/dbaas_mysql.go:227.101,228.21 1 3
github.com/e2eterraformprovider/terraform-provider-e2e/goe2e/dbaas_mysql.go:228.21,230.3 1 1
github.com/e2eterraformprovider/terraform-provider-e2e/goe2e/dbaas_mysql.go:232.2,235.16 3 2
github.com/e2eterraformprovider/terraform-provider-e2e/goe2e/dbaas_mysql.go:235.16,237.3 1 0
github.com/e2eterraformprovider/terraform-provider-e2e/goe2e/dbaas_mysql.go:239.2,240.16 2 2
github.com/e2eterraformprovider/terraform-provider-e2e/goe2e/dbaas_mysql.go:240.16,242.3 1 1
github.com/e2eterraformprovider/terraform-provider-e2e/goe2e/dbaas_mysql.go:243.2,243.18 1 1
github.com/e2eterraformprovider/terraform-provider-e2e/goe2e/dbaas_mysql.go:247.104,248.21 1 3
github.com/e2eterraformprovider/terraform-provider-e2e/goe2e/dbaas_mysql.go:248.21,250.3 1 1
github.com/e2eterraformprovider/terraform-provider-e2e/goe2e/dbaas_mysql.go:252.2,255.16 3 2
github.com/e2eterraformprovider/terraform-provider-e2e/goe2e/dbaas_mysql.go:255.16,257.3 1 0
github.com/e2eterraformprovider/terraform-provider-e2e/goe2e/dbaas_mysql.go:259.2,260.16 2 2
github.com/e2eterraformprovider/terraform-provider-e2e/goe2e/dbaas_mysql.go:260.16,262.3 1 1
github.com/e2eterraformprovider/terraform-provider-e2e/goe2e/dbaas_mysql.go:263.2,263.18 1 1
github.com/e2eterraformprovider/terraform-provider-e2e/goe2e/dbaas_mysql.go:267.133,268.21 1 5
github.com/e2eterraformprovider/terraform-provider-e2e/goe2e/dbaas_mysql.go:268.21,270.3 1 1
github.com/e2eterraformprovider/terraform-provider-e2e/goe2e/dbaas_mysql.go:271.2,271.22 1 4
github.com/e2eterraformprovider/terraform-provider-e2e/goe2e/dbaas_mysql.go:271.22,273.3 1 1
github.com/e2eterraformprovider/terraform-provider-e2e/goe2e/dbaas_mysql.go:275.2,278.16 3 3
github.com/e2eterraformprovider/terraform-provider-e2e/goe2e/dbaas_mysql.go:278.16,280.3 1 0
github.com/e2eterraformprovider/terraform-provider-e2e/goe2e/dbaas_mysql.go:282.2,283.16 2 3
github.com/e2eterraformprovider/terraform-provider-e2e/goe2e/dbaas_mysql.go:283.16,285.3 1 2
github.com/e2eterraformprovider/terraform-provider-e2e/goe2e/dbaas_mysql.go:286.2,286.18 1 1
github.com/e2eterraformprovider/terraform-provider-e2e/goe2e/dbaas_mysql.go:290.133,291.21 1 5
github.com/e2eterraformprovider/terraform-provider-e2e/goe2e/dbaas_mysql.go:291.21,293.3 1 1
github.com/e2eterraformprovider/terraform-provider-e2e/goe2e/dbaas_mysql.go:294.2,294.22 1 4
github.com/e2eterraformprovider/terraform-provider-e2e/goe2e/dbaas_mysql.go:294.22,296.3 1 1
github.com/e2eterraformprovider/terraform-provider-e2e/goe2e/dbaas_mysql.go:298.2,301.16 3 3
github.com/e2eterraformprovider/terraform-provider-e2e/goe2e/dbaas_mysql.go:301.16,303.3 1 0
github.com/e2eterraformprovider/terraform-provider-e2e/goe2e/dbaas_mysql.go:305.2,306.16 2 3
github.com/e2eterraformprovider/terraform-provider-e2e/goe2e/dbaas_mysql.go:306.16,308.3 1 2
github.com/e2eterraformprovider/terraform-provider-e2e/goe2e/dbaas_mysql.go:309.2,309.18 1 1
github.com/e2eterraformprovider/terraform-provider-e2e/goe2e/dbaas_mysql.go:313.135,314.21 1 5
github.com/e2eterraformprovider/terraform-provider-e2e/goe2e/dbaas_mysql.go:314.21,316.3 1 1
github.com/e2eterraformprovider/terraform-provider-e2e/goe2e/dbaas_mysql.go:317.2,317.28 1 4
github.com/e2eterraformprovider/terraform-provider-e2e/goe2e/dbaas_mysql.go:317.28,319.3 1 1
github.com/e2eterraformprovider/terraform-provider-e2e/goe2e/dbaas_mysql.go:321.2,324.16 3 3
github.com/e2eterraformprovider/terraform-provider-e2e/goe2e/dbaas_mysql.go:324.16,326.3 1 0
github.com/e2eterraformprovider/terraform-provider-e2e/goe2e/dbaas_mysql.go:328.2,329.16 2 3
github.com/e2eterraformprovider/terraform-provider-e2e/goe2e/dbaas_mysql.go:329.16,331.3 1 2
github.com/e2eterraformprovider/terraform-provider-e2e/goe2e/dbaas_mysql.go:332.2,332.18 1 1
github.com/e2eterraformprovider/terraform-provider-e2e/goe2e/dbaas_mysql.go:336.135,337.21 1 4
github.com/e2eterraformprovider/terraform-provider-e2e/goe2e/dbaas_mysql.go:337.21,339.3 1 1
github.com/e2eterraformprovider/terraform-provider-e2e/goe2e/dbaas_mysql.go:340.2,340.28 1 3
github.com/e2eterraformprovider/terraform-provider-e2e/goe2e/dbaas_mysql.go:340.28,342.3 1 1
github.com/e2eterraformprovider/terraform-provider-e2e/goe2e/dbaas_mysql.go:344.2,347.16 3 2
github.com/e2eterraformprovider/terraform-provider-e2e/goe2e/dbaas_mysql.go:347.16,349.3 1 0
github.com/e2eterraformprovider/terraform-provider-e2e/goe2e/dbaas_mysql.go:351.2,352.16 2 2
github.com/e2eterraformprovider/terraform-provider-e2e/goe2e/dbaas_mysql.go:352.16,354.3 1 1
github.com/e2eterraformprovider/terraform-provider-e2e/goe2e/dbaas_mysql.go:355.2,355.18 1 1
github.com/e2eterraformprovider/terraform-provider-e2e/goe2e/dbaas_mysql.go:359.104,360.21 1 3
github.com/e2eterraformprovider/terraform-provider-e2e/goe2e/dbaas_mysql.go:360.21,362.3 1 1
github.com/e2eterraformprovider/terraform-provider-e2e/goe2e/dbaas_mysql.go:364.2,367.16 3 2
github.com/e2eterraformprovider/terraform-provider-e2e/goe2e/dbaas_mysql.go:367.16,369.3 1 0
github.com/e2eterraformprovider/terraform-provider-e2e/goe2e/dbaas_mysql.go:371.2,372.16 2 2
github.com/e2eterraformprovider/terraform-provider-e2e/goe2e/dbaas_mysql.go:372.16,374.3 1 1
github.com/e2eterraformprovider/terraform-provider-e2e/goe2e/dbaas_mysql.go:375.2,375.18 1 1
github.com/e2eterraformprovider/terraform-provider-e2e/goe2e/dbaas_mysql.go:379.104,380.21 1 3
github.com/e2eterraformprovider/terraform-provider-e2e/goe2e/dbaas_mysql.go:380.21,382.3 1 1
github.com/e2eterraformprovider/terraform-provider-e2e/goe2e/dbaas_mysql.go:384.2,387.16 3 2
github.com/e2eterraformprovider/terraform-provider-e2e/goe2e/dbaas_mysql.go:387.16,389.3 1 0
github.com/e2eterraformprovider/terraform-provider-e2e/goe2e/dbaas_mysql.go:391.2,392.16 2 2
github.com/e2eterraformprovider/terraform-provider-e2e/goe2e/dbaas_mysql.go:392.16,394.3 1 1
github.com/e2eterraformprovider/terraform-provider-e2e/goe2e/dbaas_mysql.go:395.2,395.18 1 1
github.com/e2eterraformprovider/terraform-provider-e2e/goe2e/dbaas_mysql.go:399.138,400.21 1 5
github.com/e2eterraformprovider/terraform-provider-e2e/goe2e/dbaas_mysql.go:400.21,402.3 1 1
github.com/e2eterraformprovider/terraform-provider-e2e/goe2e/dbaas_mysql.go:403.2,403.23 1 4
github.com/e2eterraformprovider/terraform-provider-e2e/goe2e/dbaas_mysql.go:403.23,405.3 1 1
github.com/e2eterraformprovider/terraform-provider-e2e/goe2e/dbaas_mysql.go:407.2,410.16 3 3
github.com/e2eterraformprovider/terraform-provider-e2e/goe2e/dbaas_mysql.go:410.16,412.3 1 0
github.com/e2eterraformprovider/terraform-provider-e2e/goe2e/dbaas_mysql.go:414.2,415.16 2 3
github.com/e2eterraformprovider/terraform-provider-e2e/goe2e/dbaas_mysql.go:415.16,417.3 1 2
github.com/e2eterraformprovider/terraform-provider-e2e/goe2e/dbaas_mysql.go:418.2,418.18 1 1
github.com/e2eterraformprovider/terraform-provider-e2e/goe2e/dbaas_mysql.go:422.133,423.21 1 5
github.com/e2eterraformprovider/terraform-provider-e2e/goe2e/dbaas_mysql.go:423.21,425.3 1 1
github.com/e2eterraformprovider/terraform-provider-e2e/goe2e/dbaas_mysql.go:426.2,426.22 1 4
github.com/e2eterraformprovider/terraform-provider-e2e/goe2e/dbaas_mysql.go:426.22,428.3 1 1
github.com/e2eterraformprovider/terraform-provider-e2e/goe2e/dbaas_mysql.go:430.2,433.16 3 3
github.com/e2eterraformprovider/terraform-provider-e2e/goe2e/dbaas_mysql.go:433.16,435.3 1 0
github.com/e2eterraformprovider/terraform-provider-e2e/goe2e/dbaas_mysql.go:437.2,438.16 2 3
github.com/e2eterraformprovider/terraform-provider-e2e/goe2e/dbaas_mysql.go:438.16,440.3 1 2
github.com/e2eterraformprovider/terraform-provider-e2e/goe2e/dbaas_mysql.go:441.2,441.18 1 1
github.com/e2eterraformprovider/terraform-provider-e2e/goe2e/dbaas_mysql.go:446.106,447.22 1 0
github.com/e2eterraformprovider/terraform-provider-e2e/goe2e/dbaas_mysql.go:447.22,449.3 1 0
github.com/e2eterraformprovider/terraform-provider-e2e/goe2e/dbaas_mysql.go:451.2,453.31 2 0
github.com/e2eterraformprovider/terraform-provider-e2e/goe2e/dbaas_mysql.go:453.31,454.18 1 0
github.com/e2eterraformprovider/terraform-provider-e2e/goe2e/dbaas_mysql.go:454.18,455.12 1 0
github.com/e2eterraformprovider/terraform-provider-e2e/goe2e/dbaas_mysql.go:459.3,460.17 2 0
github.com/e2eterraformprovider/terraform-provider-e2e/goe2e/dbaas_mysql.go:460.17,462.4 1 0
github.com/e2eterraformprovider/terraform-provider-e2e/goe2e/dbaas_mysql.go:464.3,464.17 1 0
github.com/e2eterraformprovider/terraform-provider-e2e/goe2e/dbaas_mysql.go:464.17,466.4 1 0
github.com/e2eterraformprovider/terraform-provider-e2e/goe2e/dbaas_mysql.go:468.3,473.45 2 0
github.com/e2eterraformprovider/terraform-provider-e2e/goe2e/dbaas_mysql.go:476.2,476.27 1 0
github.com/e2eterraformprovider/terraform-provider-e2e/goe2e/dbaas_mysql.go:476.27,478.3 1 0
github.com/e2eterraformprovider/terraform-provider-e2e/goe2e/dbaas_mysql.go:480.2,480.25 1 0
github.com/e2eterraformprovider/terraform-provider-e2e/goe2e/dbaas_mysql.go:484.101,485.16 1 0
github.com/e2eterraformprovider/terraform-provider-e2e/goe2e/dbaas_mysql.go:485.16,487.3 1 0
github.com/e2eterraformprovider/terraform-provider-e2e/goe2e/dbaas_mysql.go:488.2,488.19 1 0
github.com/e2eterraformprovider/terraform-provider-e2e/goe2e/dbaas_mysql.go:488.19,490.3 1 0
github.com/e2eterraformprovider/terraform-provider-e2e/goe2e/dbaas_mysql.go:492.2,495.16 3 0
github.com/e2eterraformprovider/terraform-provider-e2e/goe2e/dbaas_mysql.go:495.16,497.3 1 0
github.com/e2eterraformprovider/terraform-provider-e2e/goe2e/dbaas_mysql.go:499.2,501.16 3 0
github.com/e2eterraformprovider/terraform-provider-e2e/goe2e/dbaas_mysql.go:501.16,503.3 1 0
github.com/e2eterraformprovider/terraform-provider-e2e/goe2e/dbaas_mysql.go:505.2,505.51 1 0
github.com/e2eterraformprovider/terraform-provider-e2e/goe2e/dbaas_mysql.go:505.51,506.67 1 0
github.com/e2eterraformprovider/terraform-provider-e2e/goe2e/dbaas_mysql.go:506.67,508.4 1 0
github.com/e2eterraformprovider/terraform-provider-e2e/goe2e/dbaas_mysql.go:511.2,511.99 1 0
github.com/e2eterraformprovider/terraform-provider-e2e/goe2e/dbaas_mysql.go:515.108,516.16 1 0
github.com/e2eterraformprovider/terraform-provider-e2e/goe2e/dbaas_mysql.go:516.16,518.3 1 0
github.com/e2eterraformprovider/terraform-provider-e2e/goe2e/dbaas_mysql.go:519.2,519.21 1 0
github.com/e2eterraformprovider/terraform-provider-e2e/goe2e/dbaas_mysql.go:519.21,521.3 1 0
github.com/e2eterraformprovider/terraform-provider-e2e/goe2e/dbaas_mysql.go:523.2,526.16 3 0
github.com/e2eterraformprovider/terraform-provider-e2e/goe2e/dbaas_mysql.go:526.16,528.3 1 0
github.com/e2eterraformprovider/terraform-provider-e2e/goe2e/dbaas_mysql.go:530.2,536.16 6 0
github.com/e2eterraformprovider/terraform-provider-e2e/goe2e/dbaas_mysql.go:536.16,538.3 1 0
github.com/e2eterraformprovider/terraform-provider-e2e/goe2e/dbaas_mysql.go:540.2,540.51 1 0
github.com/e2eterraformprovider/terraform-provider-e2e/goe2e/dbaas_mysql.go:540.51,541.32 1 0
github.com/e2eterraformprovider/terraform-provider-e2e/goe2e/dbaas_mysql.go:541.32,543.4 1 0
github.com/e2eterraformprovider/terraform-provider-e2e/goe2e/dbaas_mysql.go:546.2,546.82 1 0
github.com/e2eterraformprovider/terraform-provider-e2e/goe2e/dbaas_postgress.go:148.148,149.22 1 5
github.com/e2eterraformprovider/terraform-provider-e2e/goe2e/dbaas_postgress.go:149.22,151.3 1 1
github.com/e2eterraformprovider/terraform-provider-e2e/goe2e/dbaas_postgress.go:153.2,154.16 2 4
github.com/e2eterraformprovider/terraform-provider-e2e/goe2e/dbaas_postgress.go:154.16,156.3 1 0
github.com/e2eterraformprovider/terraform-provider-e2e/goe2e/dbaas_postgress.go:158.2,160.16 3 4
github.com/e2eterraformprovider/terraform-provider-e2e/goe2e/dbaas_postgress.go:160.16,162.3 1 3
github.com/e2eterraformprovider/terraform-provider-e2e/goe2e/dbaas_postgress.go:166.2,166.48 1 1
github.com/e2eterraformprovider/terraform-provider-e2e/goe2e/dbaas_postgress.go:166.48,169.3 2 1
github.com/e2eterraformprovider/terraform-provider-e2e/goe2e/dbaas_postgress.go:171.2,171.83 1 0
github.com/e2eterraformprovider/terraform-provider-e2e/goe2e/dbaas_postgress.go:175.120,176.21 1 8
github.com/e2eterraformprovider/terraform-provider-e2e/goe2e/dbaas_postgress.go:176.21,178.3 1 1
github.com/e2eterraformprovider/terraform-provider-e2e/goe2e/dbaas_postgress.go:180.2,183.16 3 7
github.com/e2eterraformprovider/terraform-provider-e2e/goe2e/dbaas_postgress.go:183.16,185.3 1 0
github.com/e2eterraformprovider/terraform-provider-e2e/goe2e/dbaas_postgress.go:187.2,189.16 3 7
github.com/e2eterraformprovider/terraform-provider-e2e/goe2e/dbaas_postgress.go:189.16,191.60 1 2
github.com/e2eterraformprovider/terraform-provider-e2e/goe2e/dbaas_postgress.go:191.60,193.4 1 0
github.com/e2eterraformprovider/terraform-provider-e2e/goe2e/dbaas_postgress.go:194.3,194.101 1 2
github.com/e2eterraformprovider/terraform-provider-e2e/goe2e/dbaas_postgress.go:197.2,197.30 1 5
github.com/e2eterraformprovider/terraform-provider-e2e/goe2e/dbaas_postgress.go:201.103,202.21 1 3
github.com/e2eterraformprovider/terraform-provider-e2e/goe2e/dbaas_postgress.go:202.21,204.3 1 1
github.com/e2eterraformprovider/terraform-provider-e2e/goe2e/dbaas_postgress.go:206.2,209.16 3 2
github.com/e2eterraformprovider/terraform-provider-e2e/goe2e/dbaas_postgress.go:209.16,211.3 1 0
github.com/e2eterraformprovider/terraform-provider-e2e/goe2e/dbaas_postgress.go:213.2,214.16 2 2
github.com/e2eterraformprovider/terraform-provider-e2e/goe2e/dbaas_postgress.go:214.16,216.3 1 1
github.com/e2eterraformprovider/terraform-provider-e2e/goe2e/dbaas_postgress.go:217.2,217.18 1 1
github.com/e2eterraformprovider/terraform-provider-e2e/goe2e/dbaas_postgress.go:221.109,222.21 1 3
github.com/e2eterraformprovider/terraform-provider-e2e/goe2e/dbaas_postgress.go:222.21,224.3 1 1
github.com/e2eterraformprovider/terraform-provider-e2e/goe2e/dbaas_postgress.go:226.2,229.16 3 2
github.com/e2eterraformprovider/terraform-provider-e2e/goe2e/dbaas_postgress.go:229.16,231.3 1 0
github.com/e2eterraformprovider/terraform-provider-e2e/goe2e/dbaas_postgress.go:233.2,234.16 2 2
github.com/e2eterraformprovider/terraform-provider-e2e/goe2e/dbaas_postgress.go:234.16,236.60 1 1
github.com/e2eterraformprovider/terraform-provider-e2e/goe2e/dbaas_postgress.go:236.60,238.4 1 1
github.com/e2eterraformprovider/terraform-provider-e2e/goe2e/dbaas_postgress.go:239.3,239.110 1 0
github.com/e2eterraformprovider/terraform-provider-e2e/goe2e/dbaas_postgress.go:242.2,242.24 1 1
github.com/e2eterraformprovider/terraform-provider-e2e/goe2e/dbaas_postgress.go:246.102,247.21 1 2
github.com/e2eterraformprovider/terraform-provider-e2e/goe2e/dbaas_postgress.go:247.21,249.3 1 1
github.com/e2eterraformprovider/terraform-provider-e2e/goe2e/dbaas_postgress.go:251.2,254.16 3 1
github.com/e2eterraformprovider/terraform-provider-e2e/goe2e/dbaas_postgress.go:254.16,256.3 1 0
github.com/e2eterraformprovider/terraform-provider-e2e/goe2e/dbaas_postgress.go:258.2,259.16 2 1
github.com/e2eterraformprovider/terraform-provider-e2e/goe2e/dbaas_postgress.go:259.16,261.3 1 1
github.com/e2eterraformprovider/terraform-provider-e2e/goe2e/dbaas_postgress.go:262.2,262.18 1 0
github.com/e2eterraformprovider/terraform-provider-e2e/goe2e/dbaas_postgress.go:266.101,267.21 1 2
github.com/e2eterraformprovider/terraform-provider-e2e/goe2e/dbaas_postgress.go:267.21,269.3 1 1
github.com/e2eterraformprovider/terraform-provider-e2e/goe2e/dbaas_postgress.go:271.2,274.16 3 1
github.com/e2eterraformprovider/terraform-provider-e2e/goe2e/dbaas_postgress.go:274.16,276.3 1 0
github.com/e2eterraformprovider/terraform-provider-e2e/goe2e/dbaas_postgress.go:278.2,279.16 2 1
github.com/e2eterraformprovider/terraform-provider-e2e/goe2e/dbaas_postgress.go:279.16,281.3 1 1
github.com/e2eterraformprovider/terraform-provider-e2e/goe2e/dbaas_postgress.go:282.2,282.18 1 0
github.com/e2eterraformprovider/terraform-provider-e2e/goe2e/dbaas_postgress.go:286.104,287.21 1 2
github.com/e2eterraformprovider/terraform-provider-e2e/goe2e/dbaas_postgress.go:287.21,289.3 1 1
github.com/e2eterraformprovider/terraform-provider-e2e/goe2e/dbaas_postgress.go:291.2,294.16 3 1
github.com/e2eterraformprovider/terraform-provider-e2e/goe2e/dbaas_postgress.go:294.16,296.3 1 0
github.com/e2eterraformprovider/terraform-provider-e2e/goe2e/dbaas_postgress.go:298.2,299.16 2 1
github.com/e2eterraformprovider/terraform-provider-e2e/goe2e/dbaas_postgress.go:299.16,301.3 1 1
github.com/e2eterraformprovider/terraform-provider-e2e/goe2e/dbaas_postgress.go:302.2,302.18 1 0
github.com/e2eterraformprovider/terraform-provider-e2e/goe2e/dbaas_postgress.go:306.138,307.21 1 3
github.com/e2eterraformprovider/terraform-provider-e2e/goe2e/dbaas_postgress.go:307.21,309.3 1 1
github.com/e2eterraformprovider/terraform-provider-e2e/goe2e/dbaas_postgress.go:310.2,310.22 1 2
github.com/e2eterraformprovider/terraform-provider-e2e/goe2e/dbaas_postgress.go:310.22,312.3 1 1
github.com/e2eterraformprovider/terraform-provider-e2e/goe2e/dbaas_postgress.go:314.2,317.16 3 1
github.com/e2eterraformprovider/terraform-provider-e2e/goe2e/dbaas_postgress.go:317.16,319.3 1 0
github.com/e2eterraformprovider/terraform-provider-e2e/goe2e/dbaas_postgress.go:321.2,322.16 2 1
github.com/e2eterraformprovider/terraform-provider-e2e/goe2e/dbaas_postgress.go:322.16,324.3 1 1
github.com/e2eterraformprovider/terraform-provider-e2e/goe2e/dbaas_postgress.go:325.2,325.18 1 0
github.com/e2eterraformprovider/terraform-provider-e2e/goe2e/dbaas_postgress.go:329.138,330.21 1 2
github.com/e2eterraformprovider/terraform-provider-e2e/goe2e/dbaas_postgress.go:330.21,332.3 1 1
github.com/e2eterraformprovider/terraform-provider-e2e/goe2e/dbaas_postgress.go:333.2,333.22 1 1
github.com/e2eterraformprovider/terraform-provider-e2e/goe2e/dbaas_postgress.go:333.22,335.3 1 0
github.com/e2eterraformprovider/terraform-provider-e2e/goe2e/dbaas_postgress.go:337.2,340.16 3 1
github.com/e2eterraformprovider/terraform-provider-e2e/goe2e/dbaas_postgress.go:340.16,342.3 1 0
github.com/e2eterraformprovider/terraform-provider-e2e/goe2e/dbaas_postgress.go:344.2,345.16 2 1
github.com/e2eterraformprovider/terraform-provider-e2e/goe2e/dbaas_postgress.go:345.16,347.3 1 1
github.com/e2eterraformprovider/terraform-provider-e2e/goe2e/dbaas_postgress.go:348.2,348.18 1 0
github.com/e2eterraformprovider/terraform-provider-e2e/goe2e/dbaas_postgress.go:352.104,353.21 1 2
github.com/e2eterraformprovider/terraform-provider-e2e/goe2e/dbaas_postgress.go:353.21,355.3 1 1
github.com/e2eterraformprovider/terraform-provider-e2e/goe2e/dbaas_postgress.go:357.2,360.16 3 1
github.com/e2eterraformprovider/terraform-provider-e2e/goe2e/dbaas_postgress.go:360.16,362.3 1 0
github.com/e2eterraformprovider/terraform-provider-e2e/goe2e/dbaas_postgress.go:364.2,365.16 2 1
github.com/e2eterraformprovider/terraform-provider-e2e/goe2e/dbaas_postgress.go:365.16,367.3 1 1
github.com/e2eterraformprovider/terraform-provider-e2e/goe2e/dbaas_postgress.go:368.2,368.18 1 0
github.com/e2eterraformprovider/terraform-provider-e2e/goe2e/dbaas_postgress.go:372.104,373.21 1 1
github.com/e2eterraformprovider/terraform-provider-e2e/goe2e/dbaas_postgress.go:373.21,375.3 1 1
github.com/e2eterraformprovider/terraform-provider-e2e/goe2e/dbaas_postgress.go:377.2,380.16 3 0
github.com/e2eterraformprovider/terraform-provider-e2e/goe2e/dbaas_postgress.go:380.16,382.3 1 0
github.com/e2eterraformprovider/terraform-provider-e2e/goe2e/dbaas_postgress.go:384.2,385.16 2 0
github.com/e2eterraformprovider/terraform-provider-e2e/goe2e/dbaas_postgress.go:385.16,387.3 1 0
github.com/e2eterraformprovider/terraform-provider-e2e/goe2e/dbaas_postgress.go:388.2,388.18 1 0
github.com/e2eterraformprovider/terraform-provider-e2e/goe2e/dbaas_postgress.go:392.135,393.21 1 3
github.com/e2eterraformprovider/terraform-provider-e2e/goe2e/dbaas_postgress.go:393.21,395.3 1 1
github.com/e2eterraformprovider/terraform-provider-e2e/goe2e/dbaas_postgress.go:396.2,396.28 1 2
github.com/e2eterraformprovider/terraform-provider-e2e/goe2e/dbaas_postgress.go:396.28,398.3 1 1
github.com/e2eterraformprovider/terraform-provider-e2e/goe2e/dbaas_postgress.go:400.2,403.16 3 1
github.com/e2eterraformprovider/terraform-provider-e2e/goe2e/dbaas_postgress.go:403.16,405.3 1 0
github.com/e2eterraformprovider/terraform-provider-e2e/goe2e/dbaas_postgress.go:407.2,408.16 2 1
github.com/e2eterraformprovider/terraform-provider-e2e/goe2e/dbaas_postgress.go:408.16,410.3 1 1
github.com/e2eterraformprovider/terraform-provider-e2e/goe2e/dbaas_postgress.go:411.2,411.18 1 0
github.com/e2eterraformprovider/terraform-provider-e2e/goe2e/dbaas_postgress.go:415.135,416.21 1 1
github.com/e2eterraformprovider/terraform-provider-e2e/goe2e/dbaas_postgress.go:416.21,418.3 1 1
github.com/e2eterraformprovider/terraform-provider-e2e/goe2e/dbaas_postgress.go:419.2,419.28 1 0
github.com/e2eterraformprovider/terraform-provider-e2e/goe2e/dbaas_postgress.go:419.28,421.3 1 0
github.com/e2eterraformprovider/terraform-provider-e2e/goe2e/dbaas_postgress.go:423.2,427.16 3 0
github.com/e2eterraformprovider/terraform-provider-e2e/goe2e/dbaas_postgress.go:427.16,429.3 1 0
github.com/e2eterraformprovider/terraform-provider-e2e/goe2e/dbaas_postgress.go:431.2,432.16 2 0
github.com/e2eterraformprovider/terraform-provider-e2e/goe2e/dbaas_postgress.go:432.16,434.3 1 0
github.com/e2eterraformprovider/terraform-provider-e2e/goe2e/dbaas_postgress.go:435.2,435.18 1 0
github.com/e2eterraformprovider/terraform-provider-e2e/goe2e/dbaas_postgress.go:439.143,440.21 1 3
github.com/e2eterraformprovider/terraform-provider-e2e/goe2e/dbaas_postgress.go:440.21,442.3 1 1
github.com/e2eterraformprovider/terraform-provider-e2e/goe2e/dbaas_postgress.go:443.2,443.23 1 2
github.com/e2eterraformprovider/terraform-provider-e2e/goe2e/dbaas_postgress.go:443.23,445.3 1 1
github.com/e2eterraformprovider/terraform-provider-e2e/goe2e/dbaas_postgress.go:447.2,450.16 3 1
github.com/e2eterraformprovider/terraform-provider-e2e/goe2e/dbaas_postgress.go:450.16,452.3 1 0
github.com/e2eterraformprovider/terraform-provider-e2e/goe2e/dbaas_postgress.go:454.2,455.16 2 1
github.com/e2eterraformprovider/terraform-provider-e2e/goe2e/dbaas_postgress.go:455.16,457.3 1 1
github.com/e2eterraformprovider/terraform-provider-e2e/goe2e/dbaas_postgress.go:458.2,458.18 1 0
github.com/e2eterraformprovider/terraform-provider-e2e/goe2e/dbaas_postgress.go:462.133,463.21 1 3
github.com/e2eterraformprovider/terraform-provider-e2e/goe2e/dbaas_postgress.go:463.21,465.3 1 1
github.com/e2eterraformprovider/terraform-provider-e2e/goe2e/dbaas_postgress.go:466.2,466.22 1 2
github.com/e2eterraformprovider/terraform-provider-e2e/goe2e/dbaas_postgress.go:466.22,468.3 1 1
github.com/e2eterraformprovider/terraform-provider-e2e/goe2e/dbaas_postgress.go:470.2,473.16 3 1
github.com/e2eterraformprovider/terraform-provider-e2e/goe2e/dbaas_postgress.go:473.16,475.3 1 0
github.com/e2eterraformprovider/terraform-provider-e2e/goe2e/dbaas_postgress.go:477.2,478.16 2 1
github.com/e2eterraformprovider/terraform-provider-e2e/goe2e/dbaas_postgress.go:478.16,480.3 1 1
github.com/e2eterraformprovider/terraform-provider-e2e/goe2e/dbaas_postgress.go:481.2,481.18 1 0
github.com/e2eterraformprovider/terraform-provider-e2e/goe2e/dbaas_postgress.go:485.114,486.16 1 3
github.com/e2eterraformprovider/terraform-provider-e2e/goe2e/dbaas_postgress.go:486.16,488.3 1 1
github.com/e2eterraformprovider/terraform-provider-e2e/goe2e/dbaas_postgress.go:489.2,489.19 1 2
github.com/e2eterraformprovider/terraform-provider-e2e/goe2e/dbaas_postgress.go:489.19,491.3 1 1
github.com/e2eterraformprovider/terraform-provider-e2e/goe2e/dbaas_postgress.go:492.2,492.16 1 1
github.com/e2eterraformprovider/terraform-provider-e2e/goe2e/dbaas_postgress.go:492.16,494.3 1 1
github.com/e2eterraformprovider/terraform-provider-e2e/goe2e/dbaas_postgress.go:496.2,499.16 3 0
github.com/e2eterraformprovider/terraform-provider-e2e/goe2e/dbaas_postgress.go:499.16,501.3 1 0
github.com/e2eterraformprovider/terraform-provider-e2e/goe2e/dbaas_postgress.go:503.2,505.16 3 0
github.com/e2eterraformprovider/terraform-provider-e2e/goe2e/dbaas_postgress.go:505.16,507.3 1 0
github.com/e2eterraformprovider/terraform-provider-e2e/goe2e/dbaas_postgress.go:509.2,509.51 1 0
github.com/e2eterraformprovider/terraform-provider-e2e/goe2e/dbaas_postgress.go:509.51,510.67 1 0
github.com/e2eterraformprovider/terraform-provider-e2e/goe2e/dbaas_postgress.go:510.67,512.4 1 0
github.com/e2eterraformprovider/terraform-provider-e2e/goe2e/dbaas_postgress.go:515.2,515.104 1 0
github.com/e2eterraformprovider/terraform-provider-e2e/goe2e/dbaas_postgress.go:519.110,520.16 1 3
github.com/e2eterraformprovider/terraform-provider-e2e/goe2e/dbaas_postgress.go:520.16,522.3 1 1
github.com/e2eterraformprovider/terraform-provider-e2e/goe2e/dbaas_postgress.go:523.2,523.22 1 2
github.com/e2eterraformprovider/terraform-provider-e2e/goe2e/dbaas_postgress.go:523.22,525.3 1 1
github.com/e2eterraformprovider/terraform-provider-e2e/goe2e/dbaas_postgress.go:526.2,526.16 1 1
github.com/e2eterraformprovider/terraform-provider-e2e/goe2e/dbaas_postgress.go:526.16,528.3 1 1
github.com/e2eterraformprovider/terraform-provider-e2e/goe2e/dbaas_postgress.go:530.2,533.16 3 0
github.com/e2eterraformprovider/terraform-provider-e2e/goe2e/dbaas_postgress.go:533.16,535.3 1 0
github.com/e2eterraformprovider/terraform-provider-e2e/goe2e/dbaas_postgress.go:537.2,543.16 6 0
github.com/e2eterraformprovider/terraform-provider-e2e/goe2e/dbaas_postgress.go:543.16,545.3 1 0
github.com/e2eterraformprovider/terraform-provider-e2e/goe2e/dbaas_postgress.go:547.2,547.51 1 0
github.com/e2eterraformprovider/terraform-provider-e2e/goe2e/dbaas_postgress.go:547.51,548.32 1 0
github.com/e2eterraformprovider/terraform-provider-e2e/goe2e/dbaas_postgress.go:548.32,550.4 1 0
github.com/e2eterraformprovider/terraform-provider-e2e/goe2e/dbaas_postgress.go:553.2,553.87 1 0
github.com/e2eterraformprovider/terraform-provider-e2e/goe2e/dbaas_postgress.go:557.114,558.22 1 1
github.com/e2eterraformprovider/terraform-provider-e2e/goe2e/dbaas_postgress.go:558.22,560.3 1 1
github.com/e2eterraformprovider/terraform-provider-e2e/goe2e/dbaas_postgress.go:562.2,564.31 2 0
github.com/e2eterraformprovider/terraform-provider-e2e/goe2e/dbaas_postgress.go:564.31,565.18 1 0
github.com/e2eterraformprovider/terraform-provider-e2e/goe2e/dbaas_postgress.go:565.18,566.12 1 0
github.com/e2eterraformprovider/terraform-provider-e2e/goe2e/dbaas_postgress.go:570.3,571.17 2 0
github.com/e2eterraformprovider/terraform-provider-e2e/goe2e/dbaas_postgress.go:571.17,573.4 1 0
github.com/e2eterraformprovider/terraform-provider-e2e/goe2e/dbaas_postgress.go:575.3,575.17 1 0
github.com/e2eterraformprovider/terraform-provider-e2e/goe2e/dbaas_postgress.go:575.17,577.4 1 0
github.com/e2eterraformprovider/terraform-provider-e2e/goe2e/dbaas_postgress.go:579.3,584.45 2 0
github.com/e2eterraformprovider/terraform-provider-e2e/goe2e/dbaas_postgress.go:587.2,587.27 1 0
github.com/e2eterraformprovider/terraform-provider-e2e/goe2e/dbaas_postgress.go:587.27,589.3 1 0
github.com/e2eterraformprovider/terraform-provider-e2e/goe2e/dbaas_postgress.go:591.2,591.25 1 0
github.com/e2eterraformprovider/terraform-provider-e2e/goe2e/errors.go:23.40,24.23 1 240
github.com/e2eterraformprovider/terraform-provider-e2e/goe2e/errors.go:24.23,32.3 1 238
github.com/e2eterraformprovider/terraform-provider-e2e/goe2e/errors.go:33.2,33.72 1 2
github.com/e2eterraformprovider/terraform-provider-e2e/goe2e/errors.go:43.48,48.2 1 279
github.com/e2eterraformprovider/terraform-provider-e2e/goe2e/errors.go:50.35,52.2 1 10
github.com/e2eterraformprovider/terraform-provider-e2e/goe2e/faas.go:117.115,118.21 1 5
github.com/e2eterraformprovider/terraform-provider-e2e/goe2e/faas.go:118.21,120.3 1 1
github.com/e2eterraformprovider/terraform-provider-e2e/goe2e/faas.go:122.2,125.16 3 4
github.com/e2eterraformprovider/terraform-provider-e2e/goe2e/faas.go:125.16,127.3 1 0
github.com/e2eterraformprovider/terraform-provider-e2e/goe2e/faas.go:129.2,131.16 3 4
github.com/e2eterraformprovider/terraform-provider-e2e/goe2e/faas.go:131.16,133.3 1 3
github.com/e2eterraformprovider/terraform-provider-e2e/goe2e/faas.go:135.2,135.30 1 1
github.com/e2eterraformprovider/terraform-provider-e2e/goe2e/faas.go:139.99,140.21 1 3
github.com/e2eterraformprovider/terraform-provider-e2e/goe2e/faas.go:140.21,142.3 1 0
github.com/e2eterraformprovider/terraform-provider-e2e/goe2e/faas.go:144.2,145.16 2 3
github.com/e2eterraformprovider/terraform-provider-e2e/goe2e/faas.go:145.16,147.3 1 0
github.com/e2eterraformprovider/terraform-provider-e2e/goe2e/faas.go:150.2,155.16 5 3
github.com/e2eterraformprovider/terraform-provider-e2e/goe2e/faas.go:155.16,157.3 1 2
github.com/e2eterraformprovider/terraform-provider-e2e/goe2e/faas.go:158.2,158.18 1 1
github.com/e2eterraformprovider/terraform-provider-e2e/goe2e/faas.go:162.133,163.22 1 5
github.com/e2eterraformprovider/terraform-provider-e2e/goe2e/faas.go:163.22,165.3 1 1
github.com/e2eterraformprovider/terraform-provider-e2e/goe2e/faas.go:167.2,168.16 2 4
github.com/e2eterraformprovider/terraform-provider-e2e/goe2e/faas.go:168.16,170.3 1 0
github.com/e2eterraformprovider/terraform-provider-e2e/goe2e/faas.go:172.2,174.16 3 4
github.com/e2eterraformprovider/terraform-provider-e2e/goe2e/faas.go:174.16,176.3 1 2
github.com/e2eterraformprovider/terraform-provider-e2e/goe2e/faas.go:178.2,178.30 1 2
github.com/e2eterraformprovider/terraform-provider-e2e/goe2e/faas.go:182.111,183.22 1 7
github.com/e2eterraformprovider/terraform-provider-e2e/goe2e/faas.go:183.22,185.3 1 0
github.com/e2eterraformprovider/terraform-provider-e2e/goe2e/faas.go:187.2,190.16 3 7
github.com/e2eterraformprovider/terraform-provider-e2e/goe2e/faas.go:190.16,192.3 1 0
github.com/e2eterraformprovider/terraform-provider-e2e/goe2e/faas.go:194.2,196.16 3 7
github.com/e2eterraformprovider/terraform-provider-e2e/goe2e/faas.go:196.16,198.31 1 4
github.com/e2eterraformprovider/terraform-provider-e2e/goe2e/faas.go:198.31,200.4 1 1
github.com/e2eterraformprovider/terraform-provider-e2e/goe2e/faas.go:201.3,201.97 1 3
github.com/e2eterraformprovider/terraform-provider-e2e/goe2e/faas.go:204.2,204.30 1 3
github.com/e2eterraformprovider/terraform-provider-e2e/goe2e/faas.go:208.152,209.22 1 5
github.com/e2eterraformprovider/terraform-provider-e2e/goe2e/faas.go:209.22,211.3 1 1
github.com/e2eterraformprovider/terraform-provider-e2e/goe2e/faas.go:212.2,212.22 1 4
github.com/e2eterraformprovider/terraform-provider-e2e/goe2e/faas.go:212.22,214.3 1 1
github.com/e2eterraformprovider/terraform-provider-e2e/goe2e/faas.go:216.2,219.16 3 3
github.com/e2eterraformprovider/terraform-provider-e2e/goe2e/faas.go:219.16,221.3 1 0
github.com/e2eterraformprovider/terraform-provider-e2e/goe2e/faas.go:223.2,225.16 3 3
github.com/e2eterraformprovider/terraform-provider-e2e/goe2e/faas.go:225.16,227.3 1 2
github.com/e2eterraformprovider/terraform-provider-e2e/goe2e/faas.go:229.2,229.30 1 1
github.com/e2eterraformprovider/terraform-provider-e2e/goe2e/faas.go:233.99,234.22 1 4
github.com/e2eterraformprovider/terraform-provider-e2e/goe2e/faas.go:234.22,236.3 1 1
github.com/e2eterraformprovider/terraform-provider-e2e/goe2e/faas.go:238.2,241.16 3 3
github.com/e2eterraformprovider/terraform-provider-e2e/goe2e/faas.go:241.16,243.3 1 0
github.com/e2eterraformprovider/terraform-provider-e2e/goe2e/faas.go:245.2,246.16 2 3
github.com/e2eterraformprovider/terraform-provider-e2e/goe2e/faas.go:246.16,248.3 1 2
github.com/e2eterraformprovider/terraform-provider-e2e/goe2e/faas.go:249.2,249.18 1 1
github.com/e2eterraformprovider/terraform-provider-e2e/goe2e/faas.go:253.103,254.22 1 4
github.com/e2eterraformprovider/terraform-provider-e2e/goe2e/faas.go:254.22,256.3 1 1
github.com/e2eterraformprovider/terraform-provider-e2e/goe2e/faas.go:258.2,261.16 3 3
github.com/e2eterraformprovider/terraform-provider-e2e/goe2e/faas.go:261.16,263.3 1 0
github.com/e2eterraformprovider/terraform-provider-e2e/goe2e/faas.go:265.2,267.16 3 3
github.com/e2eterraformprovider/terraform-provider-e2e/goe2e/faas.go:267.16,269.3 1 2
github.com/e2eterraformprovider/terraform-provider-e2e/goe2e/faas.go:271.2,272.24 2 1
github.com/e2eterraformprovider/terraform-provider-e2e/goe2e/firewall.go:97.129,98.22 1 17
github.com/e2eterraformprovider/terraform-provider-e2e/goe2e/firewall.go:98.22,100.3 1 1
github.com/e2eterraformprovider/terraform-provider-e2e/goe2e/firewall.go:101.2,101.26 1 16
github.com/e2eterraformprovider/terraform-provider-e2e/goe2e/firewall.go:101.26,103.3 1 1
github.com/e2eterraformprovider/terraform-provider-e2e/goe2e/firewall.go:104.2,104.26 1 15
github.com/e2eterraformprovider/terraform-provider-e2e/goe2e/firewall.go:104.26,106.3 1 1
github.com/e2eterraformprovider/terraform-provider-e2e/goe2e/firewall.go:107.2,107.27 1 14
github.com/e2eterraformprovider/terraform-provider-e2e/goe2e/firewall.go:107.27,109.3 1 1
github.com/e2eterraformprovider/terraform-provider-e2e/goe2e/firewall.go:110.2,110.27 1 13
github.com/e2eterraformprovider/terraform-provider-e2e/goe2e/firewall.go:110.27,112.3 1 1
github.com/e2eterraformprovider/terraform-provider-e2e/goe2e/firewall.go:114.2,115.16 2 12
github.com/e2eterraformprovider/terraform-provider-e2e/goe2e/firewall.go:115.16,117.3 1 0
github.com/e2eterraformprovider/terraform-provider-e2e/goe2e/firewall.go:119.2,121.16 3 12
github.com/e2eterraformprovider/terraform-provider-e2e/goe2e/firewall.go:121.16,123.3 1 9
github.com/e2eterraformprovider/terraform-provider-e2e/goe2e/firewall.go:125.2,125.30 1 3
github.com/e2eterraformprovider/terraform-provider-e2e/goe2e/firewall.go:129.94,131.16 2 4
github.com/e2eterraformprovider/terraform-provider-e2e/goe2e/firewall.go:131.16,133.3 1 0
github.com/e2eterraformprovider/terraform-provider-e2e/goe2e/firewall.go:135.2,137.16 3 4
github.com/e2eterraformprovider/terraform-provider-e2e/goe2e/firewall.go:137.16,139.3 1 2
github.com/e2eterraformprovider/terraform-provider-e2e/goe2e/firewall.go:141.2,141.29 1 2
github.com/e2eterraformprovider/terraform-provider-e2e/goe2e/firewall.go:145.111,146.22 1 7
github.com/e2eterraformprovider/terraform-provider-e2e/goe2e/firewall.go:146.22,148.3 1 1
github.com/e2eterraformprovider/terraform-provider-e2e/goe2e/firewall.go:150.2,153.16 3 6
github.com/e2eterraformprovider/terraform-provider-e2e/goe2e/firewall.go:153.16,155.3 1 0
github.com/e2eterraformprovider/terraform-provider-e2e/goe2e/firewall.go:157.2,159.16 3 6
github.com/e2eterraformprovider/terraform-provider-e2e/goe2e/firewall.go:159.16,161.60 1 4
github.com/e2eterraformprovider/terraform-provider-e2e/goe2e/firewall.go:161.60,163.4 1 1
github.com/e2eterraformprovider/terraform-provider-e2e/goe2e/firewall.go:164.3,164.92 1 3
github.com/e2eterraformprovider/terraform-provider-e2e/goe2e/firewall.go:167.2,167.30 1 2
github.com/e2eterraformprovider/terraform-provider-e2e/goe2e/firewall.go:171.148,172.22 1 5
github.com/e2eterraformprovider/terraform-provider-e2e/goe2e/firewall.go:172.22,174.3 1 1
github.com/e2eterraformprovider/terraform-provider-e2e/goe2e/firewall.go:175.2,175.22 1 4
github.com/e2eterraformprovider/terraform-provider-e2e/goe2e/firewall.go:175.22,177.3 1 1
github.com/e2eterraformprovider/terraform-provider-e2e/goe2e/firewall.go:179.2,182.16 3 3
github.com/e2eterraformprovider/terraform-provider-e2e/goe2e/firewall.go:182.16,184.3 1 0
github.com/e2eterraformprovider/terraform-provider-e2e/goe2e/firewall.go:186.2,188.16 3 3
github.com/e2eterraformprovider/terraform-provider-e2e/goe2e/firewall.go:188.16,190.3 1 2
github.com/e2eterraformprovider/terraform-provider-e2e/goe2e/firewall.go:192.2,192.30 1 1
github.com/e2eterraformprovider/terraform-provider-e2e/goe2e/firewall.go:196.103,197.22 1 4
github.com/e2eterraformprovider/terraform-provider-e2e/goe2e/firewall.go:197.22,199.3 1 1
github.com/e2eterraformprovider/terraform-provider-e2e/goe2e/firewall.go:201.2,204.16 3 3
github.com/e2eterraformprovider/terraform-provider-e2e/goe2e/firewall.go:204.16,206.3 1 0
github.com/e2eterraformprovider/terraform-provider-e2e/goe2e/firewall.go:208.2,209.16 2 3
github.com/e2eterraformprovider/terraform-provider-e2e/goe2e/firewall.go:209.16,211.3 1 2
github.com/e2eterraformprovider/terraform-provider-e2e/goe2e/firewall.go:212.2,212.18 1 1
github.com/e2eterraformprovider/terraform-provider-e2e/goe2e/goe2e.go:115.97,117.18 1 833
github.com/e2eterraformprovider/terraform-provider-e2e/goe2e/goe2e.go:117.18,119.3 1 1
github.com/e2eterraformprovider/terraform-provider-e2e/goe2e/goe2e.go:120.2,120.21 1 832
github.com/e2eterraformprovider/terraform-provider-e2e/goe2e/goe2e.go:120.21,122.3 1 1
github.com/e2eterraformprovider/terraform-provider-e2e/goe2e/goe2e.go:123.2,123.21 1 831
github.com/e2eterraformprovider/terraform-provider-e2e/goe2e/goe2e.go:123.21,125.3 1 1
github.com/e2eterraformprovider/terraform-provider-e2e/goe2e/goe2e.go:126.2,126.18 1 830
github.com/e2eterraformprovider/terraform-provider-e2e/goe2e/goe2e.go:126.18,128.3 1 1
github.com/e2eterraformprovider/terraform-provider-e2e/goe2e/goe2e.go:131.2,154.26 6 829
github.com/e2eterraformprovider/terraform-provider-e2e/goe2e/goe2e.go:160.71,161.23 1 830
github.com/e2eterraformprovider/terraform-provider-e2e/goe2e/goe2e.go:161.23,163.3 1 830
github.com/e2eterraformprovider/terraform-provider-e2e/goe2e/goe2e.go:165.2,178.27 3 830
github.com/e2eterraformprovider/terraform-provider-e2e/goe2e/goe2e.go:178.27,179.32 1 5578
github.com/e2eterraformprovider/terraform-provider-e2e/goe2e/goe2e.go:179.32,181.4 1 1
github.com/e2eterraformprovider/terraform-provider-e2e/goe2e/goe2e.go:185.2,185.80 1 829
github.com/e2eterraformprovider/terraform-provider-e2e/goe2e/goe2e.go:185.80,187.3 1 1
github.com/e2eterraformprovider/terraform-provider-e2e/goe2e/goe2e.go:190.2,214.15 24 828
github.com/e2eterraformprovider/terraform-provider-e2e/goe2e/goe2e.go:221.41,222.31 1 829
github.com/e2eterraformprovider/terraform-provider-e2e/goe2e/goe2e.go:222.31,225.3 2 829
github.com/e2eterraformprovider/terraform-provider-e2e/goe2e/goe2e.go:228.43,229.31 1 829
github.com/e2eterraformprovider/terraform-provider-e2e/goe2e/goe2e.go:229.31,232.3 2 829
github.com/e2eterraformprovider/terraform-provider-e2e/goe2e/goe2e.go:235.47,236.31 1 829
github.com/e2eterraformprovider/terraform-provider-e2e/goe2e/goe2e.go:236.31,239.3 2 829
github.com/e2eterraformprovider/terraform-provider-e2e/goe2e/goe2e.go:242.41,243.31 1 829
github.com/e2eterraformprovider/terraform-provider-e2e/goe2e/goe2e.go:243.31,246.3 2 829
github.com/e2eterraformprovider/terraform-provider-e2e/goe2e/goe2e.go:253.50,254.31 1 1
github.com/e2eterraformprovider/terraform-provider-e2e/goe2e/goe2e.go:254.31,257.3 2 1
github.com/e2eterraformprovider/terraform-provider-e2e/goe2e/goe2e.go:262.40,263.31 1 1
github.com/e2eterraformprovider/terraform-provider-e2e/goe2e/goe2e.go:263.31,266.3 2 1
github.com/e2eterraformprovider/terraform-provider-e2e/goe2e/goe2e.go:271.43,272.31 1 707
github.com/e2eterraformprovider/terraform-provider-e2e/goe2e/goe2e.go:272.31,274.17 2 707
github.com/e2eterraformprovider/terraform-provider-e2e/goe2e/goe2e.go:274.17,276.4 1 1
github.com/e2eterraformprovider/terraform-provider-e2e/goe2e/goe2e.go:277.3,278.13 2 706
github.com/e2eterraformprovider/terraform-provider-e2e/goe2e/goe2e.go:283.40,284.31 1 1
github.com/e2eterraformprovider/terraform-provider-e2e/goe2e/goe2e.go:284.31,287.3 2 1
github.com/e2eterraformprovider/terraform-provider-e2e/goe2e/goe2e.go:295.62,296.31 1 1552
github.com/e2eterraformprovider/terraform-provider-e2e/goe2e/goe2e.go:296.31,298.35 1 1551
github.com/e2eterraformprovider/terraform-provider-e2e/goe2e/goe2e.go:298.35,300.4 1 723
github.com/e2eterraformprovider/terraform-provider-e2e/goe2e/goe2e.go:302.3,304.31 2 828
github.com/e2eterraformprovider/terraform-provider-e2e/goe2e/goe2e.go:304.31,308.39 3 126
github.com/e2eterraformprovider/terraform-provider-e2e/goe2e/goe2e.go:308.39,310.5 1 126
github.com/e2eterraformprovider/terraform-provider-e2e/goe2e/goe2e.go:311.4,311.39 1 126
github.com/e2eterraformprovider/terraform-provider-e2e/goe2e/goe2e.go:311.39,313.5 1 126
github.com/e2eterraformprovider/terraform-provider-e2e/goe2e/goe2e.go:315.4,319.47 4 126
github.com/e2eterraformprovider/terraform-provider-e2e/goe2e/goe2e.go:322.3,322.13 1 828
github.com/e2eterraformprovider/terraform-provider-e2e/goe2e/goe2e.go:329.48,330.31 1 1
github.com/e2eterraformprovider/terraform-provider-e2e/goe2e/goe2e.go:330.31,335.3 1 1
github.com/e2eterraformprovider/terraform-provider-e2e/goe2e/goe2e.go:345.114,347.16 2 634
github.com/e2eterraformprovider/terraform-provider-e2e/goe2e/goe2e.go:347.16,349.3 1 0
github.com/e2eterraformprovider/terraform-provider-e2e/goe2e/goe2e.go:352.2,358.25 5 634
github.com/e2eterraformprovider/terraform-provider-e2e/goe2e/goe2e.go:358.25,360.3 1 1
github.com/e2eterraformprovider/terraform-provider-e2e/goe2e/goe2e.go:361.2,361.20 1 634
github.com/e2eterraformprovider/terraform-provider-e2e/goe2e/goe2e.go:361.20,363.3 1 1
github.com/e2eterraformprovider/terraform-provider-e2e/goe2e/goe2e.go:365.2,368.17 3 634
github.com/e2eterraformprovider/terraform-provider-e2e/goe2e/goe2e.go:368.17,371.42 3 239
github.com/e2eterraformprovider/terraform-provider-e2e/goe2e/goe2e.go:371.42,373.4 1 1
github.com/e2eterraformprovider/terraform-provider-e2e/goe2e/goe2e.go:376.2,377.16 2 633
github.com/e2eterraformprovider/terraform-provider-e2e/goe2e/goe2e.go:377.16,379.3 1 0
github.com/e2eterraformprovider/terraform-provider-e2e/goe2e/goe2e.go:382.2,388.30 5 633
github.com/e2eterraformprovider/terraform-provider-e2e/goe2e/goe2e.go:388.30,390.3 1 0
github.com/e2eterraformprovider/terraform-provider-e2e/goe2e/goe2e.go:392.2,392.17 1 633
github.com/e2eterraformprovider/terraform-provider-e2e/goe2e/goe2e.go:400.95,402.16 2 631
github.com/e2eterraformprovider/terraform-provider-e2e/goe2e/goe2e.go:402.16,404.10 1 39
github.com/e2eterraformprovider/terraform-provider-e2e/goe2e/goe2e.go:405.21,406.25 1 25
github.com/e2eterraformprovider/terraform-provider-e2e/goe2e/goe2e.go:407.11,407.11 0 14
github.com/e2eterraformprovider/terraform-provider-e2e/goe2e/goe2e.go:409.3,409.18 1 14
github.com/e2eterraformprovider/terraform-provider-e2e/goe2e/goe2e.go:411.2,416.16 4 592
github.com/e2eterraformprovider/terraform-provider-e2e/goe2e/goe2e.go:416.16,418.3 1 271
github.com/e2eterraformprovider/terraform-provider-e2e/goe2e/goe2e.go:420.2,420.14 1 321
github.com/e2eterraformprovider/terraform-provider-e2e/goe2e/goe2e.go:420.14,421.33 1 235
github.com/e2eterraformprovider/terraform-provider-e2e/goe2e/goe2e.go:421.33,423.4 1 2
github.com/e2eterraformprovider/terraform-provider-e2e/goe2e/goe2e.go:423.9,425.24 2 233
github.com/e2eterraformprovider/terraform-provider-e2e/goe2e/goe2e.go:425.24,427.5 1 2
github.com/e2eterraformprovider/terraform-provider-e2e/goe2e/goe2e.go:428.4,428.21 1 233
github.com/e2eterraformprovider/terraform-provider-e2e/goe2e/goe2e.go:428.21,430.5 1 19
github.com/e2eterraformprovider/terraform-provider-e2e/goe2e/goe2e.go:434.2,434.22 1 321
github.com/e2eterraformprovider/terraform-provider-e2e/goe2e/goe2e.go:443.46,445.2 1 592
github.com/e2eterraformprovider/terraform-provider-e2e/goe2e/goe2e.go:451.44,452.45 1 592
github.com/e2eterraformprovider/terraform-provider-e2e/goe2e/goe2e.go:452.45,454.3 1 321
github.com/e2eterraformprovider/terraform-provider-e2e/goe2e/goe2e.go:456.2,458.31 3 271
github.com/e2eterraformprovider/terraform-provider-e2e/goe2e/goe2e.go:458.31,460.3 1 271
github.com/e2eterraformprovider/terraform-provider-e2e/goe2e/goe2e.go:463.2,465.22 2 271
github.com/e2eterraformprovider/terraform-provider-e2e/goe2e/image.go:219.103,221.16 2 1
github.com/e2eterraformprovider/terraform-provider-e2e/goe2e/image.go:221.16,223.3 1 0
github.com/e2eterraformprovider/terraform-provider-e2e/goe2e/image.go:225.2,227.16 3 1
github.com/e2eterraformprovider/terraform-provider-e2e/goe2e/image.go:227.16,229.3 1 0
github.com/e2eterraformprovider/terraform-provider-e2e/goe2e/image.go:231.2,231.30 1 1
github.com/e2eterraformprovider/terraform-provider-e2e/goe2e/image.go:235.121,236.20 1 4
github.com/e2eterraformprovider/terraform-provider-e2e/goe2e/image.go:236.20,238.3 1 1
github.com/e2eterraformprovider/terraform-provider-e2e/goe2e/image.go:240.2,241.16 2 3
github.com/e2eterraformprovider/terraform-provider-e2e/goe2e/image.go:241.16,243.3 1 0
github.com/e2eterraformprovider/terraform-provider-e2e/goe2e/image.go:246.2,247.28 2 3
github.com/e2eterraformprovider/terraform-provider-e2e/goe2e/image.go:247.28,249.3 1 2
github.com/e2eterraformprovider/terraform-provider-e2e/goe2e/image.go:250.2,250.22 1 3
github.com/e2eterraformprovider/terraform-provider-e2e/goe2e/image.go:250.22,252.3 1 2
github.com/e2eterraformprovider/terraform-provider-e2e/goe2e/image.go:253.2,253.29 1 3
github.com/e2eterraformprovider/terraform-provider-e2e/goe2e/image.go:253.29,255.3 1 1
github.com/e2eterraformprovider/terraform-provider-e2e/goe2e/image.go:256.2,256.35 1 3
github.com/e2eterraformprovider/terraform-provider-e2e/goe2e/image.go:256.35,258.3 1 1
github.com/e2eterraformprovider/terraform-provider-e2e/goe2e/image.go:259.2,263.16 4 3
github.com/e2eterraformprovider/terraform-provider-e2e/goe2e/image.go:263.16,265.3 1 0
github.com/e2eterraformprovider/terraform-provider-e2e/goe2e/image.go:267.2,267.29 1 3
github.com/e2eterraformprovider/terraform-provider-e2e/goe2e/image.go:271.129,272.22 1 6
github.com/e2eterraformprovider/terraform-provider-e2e/goe2e/image.go:272.22,274.3 1 1
github.com/e2eterraformprovider/terraform-provider-e2e/goe2e/image.go:275.2,275.31 1 5
github.com/e2eterraformprovider/terraform-provider-e2e/goe2e/image.go:275.31,277.3 1 4
github.com/e2eterraformprovider/terraform-provider-e2e/goe2e/image.go:278.2,278.31 1 1
github.com/e2eterraformprovider/terraform-provider-e2e/goe2e/image.go:278.31,280.3 1 0
github.com/e2eterraformprovider/terraform-provider-e2e/goe2e/image.go:281.2,281.30 1 1
github.com/e2eterraformprovider/terraform-provider-e2e/goe2e/image.go:281.30,283.3 1 0
github.com/e2eterraformprovider/terraform-provider-e2e/goe2e/image.go:284.2,284.24 1 1
github.com/e2eterraformprovider/terraform-provider-e2e/goe2e/image.go:284.24,286.3 1 0
github.com/e2eterraformprovider/terraform-provider-e2e/goe2e/image.go:288.2,289.16 2 1
github.com/e2eterraformprovider/terraform-provider-e2e/goe2e/image.go:289.16,291.3 1 0
github.com/e2eterraformprovider/terraform-provider-e2e/goe2e/image.go:293.2,295.16 3 1
github.com/e2eterraformprovider/terraform-provider-e2e/goe2e/image.go:295.16,297.3 1 0
github.com/e2eterraformprovider/terraform-provider-e2e/goe2e/image.go:299.2,299.40 1 1
github.com/e2eterraformprovider/terraform-provider-e2e/goe2e/image.go:303.112,305.16 2 1
github.com/e2eterraformprovider/terraform-provider-e2e/goe2e/image.go:305.16,307.3 1 0
github.com/e2eterraformprovider/terraform-provider-e2e/goe2e/image.go:309.2,311.16 3 1
github.com/e2eterraformprovider/terraform-provider-e2e/goe2e/image.go:311.16,313.3 1 0
github.com/e2eterraformprovider/terraform-provider-e2e/goe2e/image.go:315.2,315.30 1 1
github.com/e2eterraformprovider/terraform-provider-e2e/goe2e/image.go:319.95,321.16 2 1
github.com/e2eterraformprovider/terraform-provider-e2e/goe2e/image.go:321.16,323.3 1 0
github.com/e2eterraformprovider/terraform-provider-e2e/goe2e/image.go:325.2,327.16 3 1
github.com/e2eterraformprovider/terraform-provider-e2e/goe2e/image.go:327.16,329.3 1 0
github.com/e2eterraformprovider/terraform-provider-e2e/goe2e/image.go:331.2,331.29 1 1
github.com/e2eterraformprovider/terraform-provider-e2e/goe2e/image.go:335.104,336.19 1 0
github.com/e2eterraformprovider/terraform-provider-e2e/goe2e/image.go:336.19,338.3 1 0
github.com/e2eterraformprovider/terraform-provider-e2e/goe2e/image.go:340.2,342.16 3 0
github.com/e2eterraformprovider/terraform-provider-e2e/goe2e/image.go:342.16,344.3 1 0
github.com/e2eterraformprovider/terraform-provider-e2e/goe2e/image.go:346.2,354.16 4 0
github.com/e2eterraformprovider/terraform-provider-e2e/goe2e/image.go:354.16,356.3 1 0
github.com/e2eterraformprovider/terraform-provider-e2e/goe2e/image.go:358.2,358.30 1 0
github.com/e2eterraformprovider/terraform-provider-e2e/goe2e/image.go:362.145,363.19 1 5
github.com/e2eterraformprovider/terraform-provider-e2e/goe2e/image.go:363.19,365.3 1 1
github.com/e2eterraformprovider/terraform-provider-e2e/goe2e/image.go:366.2,366.22 1 4
github.com/e2eterraformprovider/terraform-provider-e2e/goe2e/image.go:366.22,368.3 1 1
github.com/e2eterraformprovider/terraform-provider-e2e/goe2e/image.go:369.2,369.32 1 3
github.com/e2eterraformprovider/terraform-provider-e2e/goe2e/image.go:369.32,371.3 1 1
github.com/e2eterraformprovider/terraform-provider-e2e/goe2e/image.go:372.2,372.26 1 2
github.com/e2eterraformprovider/terraform-provider-e2e/goe2e/image.go:372.26,374.3 1 1
github.com/e2eterraformprovider/terraform-provider-e2e/goe2e/image.go:376.2,379.16 3 1
github.com/e2eterraformprovider/terraform-provider-e2e/goe2e/image.go:379.16,381.3 1 0
github.com/e2eterraformprovider/terraform-provider-e2e/goe2e/image.go:383.2,385.16 3 1
github.com/e2eterraformprovider/terraform-provider-e2e/goe2e/image.go:385.16,387.3 1 0
github.com/e2eterraformprovider/terraform-provider-e2e/goe2e/image.go:390.2,391.56 2 1
github.com/e2eterraformprovider/terraform-provider-e2e/goe2e/image.go:391.56,392.46 1 1
github.com/e2eterraformprovider/terraform-provider-e2e/goe2e/image.go:392.46,394.4 1 1
github.com/e2eterraformprovider/terraform-provider-e2e/goe2e/image.go:395.3,395.50 1 1
github.com/e2eterraformprovider/terraform-provider-e2e/goe2e/image.go:395.50,397.4 1 1
github.com/e2eterraformprovider/terraform-provider-e2e/goe2e/image.go:400.2,400.26 1 1
github.com/e2eterraformprovider/terraform-provider-e2e/goe2e/image.go:404.114,405.19 1 2
github.com/e2eterraformprovider/terraform-provider-e2e/goe2e/image.go:405.19,407.3 1 1
github.com/e2eterraformprovider/terraform-provider-e2e/goe2e/image.go:409.2,412.16 3 1
github.com/e2eterraformprovider/terraform-provider-e2e/goe2e/image.go:412.16,414.3 1 0
github.com/e2eterraformprovider/terraform-provider-e2e/goe2e/image.go:416.2,418.16 3 1
github.com/e2eterraformprovider/terraform-provider-e2e/goe2e/image.go:418.16,420.3 1 0
github.com/e2eterraformprovider/terraform-provider-e2e/goe2e/image.go:423.2,424.56 2 1
github.com/e2eterraformprovider/terraform-provider-e2e/goe2e/image.go:424.56,425.46 1 1
github.com/e2eterraformprovider/terraform-provider-e2e/goe2e/image.go:425.46,427.4 1 0
github.com/e2eterraformprovider/terraform-provider-e2e/goe2e/image.go:428.3,428.50 1 1
github.com/e2eterraformprovider/terraform-provider-e2e/goe2e/image.go:428.50,430.4 1 1
github.com/e2eterraformprovider/terraform-provider-e2e/goe2e/image.go:433.2,433.26 1 1
github.com/e2eterraformprovider/terraform-provider-e2e/goe2e/image.go:456.142,457.21 1 0
github.com/e2eterraformprovider/terraform-provider-e2e/goe2e/image.go:457.21,459.3 1 0
github.com/e2eterraformprovider/terraform-provider-e2e/goe2e/image.go:460.2,460.20 1 0
github.com/e2eterraformprovider/terraform-provider-e2e/goe2e/image.go:460.20,462.3 1 0
github.com/e2eterraformprovider/terraform-provider-e2e/goe2e/image.go:464.2,466.16 3 0
github.com/e2eterraformprovider/terraform-provider-e2e/goe2e/image.go:466.16,468.3 1 0
github.com/e2eterraformprovider/terraform-provider-e2e/goe2e/image.go:470.2,472.16 3 0
github.com/e2eterraformprovider/terraform-provider-e2e/goe2e/image.go:472.16,474.3 1 0
github.com/e2eterraformprovider/terraform-provider-e2e/goe2e/image.go:476.2,476.38 1 0
github.com/e2eterraformprovider/terraform-provider-e2e/goe2e/image.go:476.38,477.28 1 0
github.com/e2eterraformprovider/terraform-provider-e2e/goe2e/image.go:477.28,479.4 1 0
github.com/e2eterraformprovider/terraform-provider-e2e/goe2e/image.go:482.2,482.96 1 0
github.com/e2eterraformprovider/terraform-provider-e2e/goe2e/kubernetes.go:337.104,339.16 2 2
github.com/e2eterraformprovider/terraform-provider-e2e/goe2e/kubernetes.go:339.16,341.3 1 0
github.com/e2eterraformprovider/terraform-provider-e2e/goe2e/kubernetes.go:343.2,345.16 3 2
github.com/e2eterraformprovider/terraform-provider-e2e/goe2e/kubernetes.go:345.16,347.3 1 1
github.com/e2eterraformprovider/terraform-provider-e2e/goe2e/kubernetes.go:349.2,350.37 2 1
github.com/e2eterraformprovider/terraform-provider-e2e/goe2e/kubernetes.go:350.37,355.45 2 2
github.com/e2eterraformprovider/terraform-provider-e2e/goe2e/kubernetes.go:355.45,357.4 1 2
github.com/e2eterraformprovider/terraform-provider-e2e/goe2e/kubernetes.go:358.3,358.52 1 2
github.com/e2eterraformprovider/terraform-provider-e2e/goe2e/kubernetes.go:358.52,360.4 1 2
github.com/e2eterraformprovider/terraform-provider-e2e/goe2e/kubernetes.go:361.3,361.66 1 2
github.com/e2eterraformprovider/terraform-provider-e2e/goe2e/kubernetes.go:361.66,362.42 1 2
github.com/e2eterraformprovider/terraform-provider-e2e/goe2e/kubernetes.go:362.42,364.5 1 2
github.com/e2eterraformprovider/terraform-provider-e2e/goe2e/kubernetes.go:365.4,365.53 1 2
github.com/e2eterraformprovider/terraform-provider-e2e/goe2e/kubernetes.go:365.53,367.5 1 2
github.com/e2eterraformprovider/terraform-provider-e2e/goe2e/kubernetes.go:370.3,370.30 1 2
github.com/e2eterraformprovider/terraform-provider-e2e/goe2e/kubernetes.go:373.2,373.25 1 1
github.com/e2eterraformprovider/terraform-provider-e2e/goe2e/kubernetes.go:377.110,379.16 2 2
github.com/e2eterraformprovider/terraform-provider-e2e/goe2e/kubernetes.go:379.16,381.3 1 0
github.com/e2eterraformprovider/terraform-provider-e2e/goe2e/kubernetes.go:383.2,385.16 3 2
github.com/e2eterraformprovider/terraform-provider-e2e/goe2e/kubernetes.go:385.16,387.3 1 1
github.com/e2eterraformprovider/terraform-provider-e2e/goe2e/kubernetes.go:389.2,390.37 2 1
github.com/e2eterraformprovider/terraform-provider-e2e/goe2e/kubernetes.go:390.37,395.45 2 1
github.com/e2eterraformprovider/terraform-provider-e2e/goe2e/kubernetes.go:395.45,397.4 1 1
github.com/e2eterraformprovider/terraform-provider-e2e/goe2e/kubernetes.go:398.3,398.66 1 1
github.com/e2eterraformprovider/terraform-provider-e2e/goe2e/kubernetes.go:398.66,399.42 1 1
github.com/e2eterraformprovider/terraform-provider-e2e/goe2e/kubernetes.go:399.42,401.5 1 1
github.com/e2eterraformprovider/terraform-provider-e2e/goe2e/kubernetes.go:402.4,402.53 1 1
github.com/e2eterraformprovider/terraform-provider-e2e/goe2e/kubernetes.go:402.53,404.5 1 1
github.com/e2eterraformprovider/terraform-provider-e2e/goe2e/kubernetes.go:407.3,407.30 1 1
github.com/e2eterraformprovider/terraform-provider-e2e/goe2e/kubernetes.go:410.2,410.25 1 1
github.com/e2eterraformprovider/terraform-provider-e2e/goe2e/kubernetes.go:414.141,415.22 1 5
github.com/e2eterraformprovider/terraform-provider-e2e/goe2e/kubernetes.go:415.22,417.3 1 1
github.com/e2eterraformprovider/terraform-provider-e2e/goe2e/kubernetes.go:418.2,418.26 1 4
github.com/e2eterraformprovider/terraform-provider-e2e/goe2e/kubernetes.go:418.26,420.3 1 1
github.com/e2eterraformprovider/terraform-provider-e2e/goe2e/kubernetes.go:421.2,421.27 1 3
github.com/e2eterraformprovider/terraform-provider-e2e/goe2e/kubernetes.go:421.27,423.3 1 1
github.com/e2eterraformprovider/terraform-provider-e2e/goe2e/kubernetes.go:426.2,428.16 3 2
github.com/e2eterraformprovider/terraform-provider-e2e/goe2e/kubernetes.go:428.16,430.3 1 0
github.com/e2eterraformprovider/terraform-provider-e2e/goe2e/kubernetes.go:432.2,433.16 2 2
github.com/e2eterraformprovider/terraform-provider-e2e/goe2e/kubernetes.go:433.16,435.3 1 1
github.com/e2eterraformprovider/terraform-provider-e2e/goe2e/kubernetes.go:438.2,439.16 2 1
github.com/e2eterraformprovider/terraform-provider-e2e/goe2e/kubernetes.go:439.16,441.3 1 0
github.com/e2eterraformprovider/terraform-provider-e2e/goe2e/kubernetes.go:444.2,449.16 5 1
github.com/e2eterraformprovider/terraform-provider-e2e/goe2e/kubernetes.go:449.16,451.3 1 0
github.com/e2eterraformprovider/terraform-provider-e2e/goe2e/kubernetes.go:454.2,455.68 2 1
github.com/e2eterraformprovider/terraform-provider-e2e/goe2e/kubernetes.go:455.68,456.40 1 1
github.com/e2eterraformprovider/terraform-provider-e2e/goe2e/kubernetes.go:456.40,459.4 2 1
github.com/e2eterraformprovider/terraform-provider-e2e/goe2e/kubernetes.go:462.2,462.27 1 1
github.com/e2eterraformprovider/terraform-provider-e2e/goe2e/kubernetes.go:466.113,467.21 1 5
github.com/e2eterraformprovider/terraform-provider-e2e/goe2e/kubernetes.go:467.21,469.3 1 1
github.com/e2eterraformprovider/terraform-provider-e2e/goe2e/kubernetes.go:471.2,474.16 3 4
github.com/e2eterraformprovider/terraform-provider-e2e/goe2e/kubernetes.go:474.16,476.3 1 0
github.com/e2eterraformprovider/terraform-provider-e2e/goe2e/kubernetes.go:478.2,480.16 3 4
github.com/e2eterraformprovider/terraform-provider-e2e/goe2e/kubernetes.go:480.16,482.3 1 2
github.com/e2eterraformprovider/terraform-provider-e2e/goe2e/kubernetes.go:484.2,484.25 1 2
github.com/e2eterraformprovider/terraform-provider-e2e/goe2e/kubernetes.go:484.25,486.3 1 1
github.com/e2eterraformprovider/terraform-provider-e2e/goe2e/kubernetes.go:489.2,492.62 3 1
github.com/e2eterraformprovider/terraform-provider-e2e/goe2e/kubernetes.go:492.62,495.3 2 1
github.com/e2eterraformprovider/terraform-provider-e2e/goe2e/kubernetes.go:496.2,496.65 1 1
github.com/e2eterraformprovider/terraform-provider-e2e/goe2e/kubernetes.go:496.65,498.3 1 1
github.com/e2eterraformprovider/terraform-provider-e2e/goe2e/kubernetes.go:499.2,499.52 1 1
github.com/e2eterraformprovider/terraform-provider-e2e/goe2e/kubernetes.go:499.52,501.3 1 1
github.com/e2eterraformprovider/terraform-provider-e2e/goe2e/kubernetes.go:502.2,502.56 1 1
github.com/e2eterraformprovider/terraform-provider-e2e/goe2e/kubernetes.go:502.56,504.3 1 1
github.com/e2eterraformprovider/terraform-provider-e2e/goe2e/kubernetes.go:505.2,505.61 1 1
github.com/e2eterraformprovider/terraform-provider-e2e/goe2e/kubernetes.go:505.61,507.3 1 1
github.com/e2eterraformprovider/terraform-provider-e2e/goe2e/kubernetes.go:509.2,509.27 1 1
github.com/e2eterraformprovider/terraform-provider-e2e/goe2e/kubernetes.go:513.96,514.21 1 3
github.com/e2eterraformprovider/terraform-provider-e2e/goe2e/kubernetes.go:514.21,516.3 1 1
github.com/e2eterraformprovider/terraform-provider-e2e/goe2e/kubernetes.go:518.2,521.16 3 2
github.com/e2eterraformprovider/terraform-provider-e2e/goe2e/kubernetes.go:521.16,523.3 1 0
github.com/e2eterraformprovider/terraform-provider-e2e/goe2e/kubernetes.go:525.2,526.16 2 2
github.com/e2eterraformprovider/terraform-provider-e2e/goe2e/kubernetes.go:526.16,528.3 1 1
github.com/e2eterraformprovider/terraform-provider-e2e/goe2e/kubernetes.go:530.2,530.18 1 1
github.com/e2eterraformprovider/terraform-provider-e2e/goe2e/kubernetes.go:534.125,535.21 1 4
github.com/e2eterraformprovider/terraform-provider-e2e/goe2e/kubernetes.go:535.21,537.3 1 1
github.com/e2eterraformprovider/terraform-provider-e2e/goe2e/kubernetes.go:539.2,542.16 3 3
github.com/e2eterraformprovider/terraform-provider-e2e/goe2e/kubernetes.go:542.16,544.3 1 0
github.com/e2eterraformprovider/terraform-provider-e2e/goe2e/kubernetes.go:546.2,548.16 3 3
github.com/e2eterraformprovider/terraform-provider-e2e/goe2e/kubernetes.go:548.16,550.3 1 1
github.com/e2eterraformprovider/terraform-provider-e2e/goe2e/kubernetes.go:552.2,553.35 2 2
github.com/e2eterraformprovider/terraform-provider-e2e/goe2e/kubernetes.go:553.35,556.58 2 3
github.com/e2eterraformprovider/terraform-provider-e2e/goe2e/kubernetes.go:556.58,558.4 1 3
github.com/e2eterraformprovider/terraform-provider-e2e/goe2e/kubernetes.go:559.3,559.61 1 3
github.com/e2eterraformprovider/terraform-provider-e2e/goe2e/kubernetes.go:559.61,561.4 1 2
github.com/e2eterraformprovider/terraform-provider-e2e/goe2e/kubernetes.go:562.3,562.48 1 3
github.com/e2eterraformprovider/terraform-provider-e2e/goe2e/kubernetes.go:562.48,564.4 1 1
github.com/e2eterraformprovider/terraform-provider-e2e/goe2e/kubernetes.go:565.3,565.61 1 3
github.com/e2eterraformprovider/terraform-provider-e2e/goe2e/kubernetes.go:565.61,567.4 1 2
github.com/e2eterraformprovider/terraform-provider-e2e/goe2e/kubernetes.go:567.9,567.64 1 1
github.com/e2eterraformprovider/terraform-provider-e2e/goe2e/kubernetes.go:567.64,569.4 1 0
github.com/e2eterraformprovider/terraform-provider-e2e/goe2e/kubernetes.go:571.3,571.36 1 3
github.com/e2eterraformprovider/terraform-provider-e2e/goe2e/kubernetes.go:574.2,574.29 1 2
github.com/e2eterraformprovider/terraform-provider-e2e/goe2e/kubernetes.go:579.132,581.2 1 1
github.com/e2eterraformprovider/terraform-provider-e2e/goe2e/kubernetes.go:584.151,585.21 1 4
github.com/e2eterraformprovider/terraform-provider-e2e/goe2e/kubernetes.go:585.21,587.3 1 1
github.com/e2eterraformprovider/terraform-provider-e2e/goe2e/kubernetes.go:588.2,588.19 1 3
github.com/e2eterraformprovider/terraform-provider-e2e/goe2e/kubernetes.go:588.19,590.3 1 1
github.com/e2eterraformprovider/terraform-provider-e2e/goe2e/kubernetes.go:593.2,595.16 3 2
github.com/e2eterraformprovider/terraform-provider-e2e/goe2e/kubernetes.go:595.16,597.3 1 0
github.com/e2eterraformprovider/terraform-provider-e2e/goe2e/kubernetes.go:599.2,600.16 2 2
github.com/e2eterraformprovider/terraform-provider-e2e/goe2e/kubernetes.go:600.16,602.3 1 0
github.com/e2eterraformprovider/terraform-provider-e2e/goe2e/kubernetes.go:604.2,607.16 3 2
github.com/e2eterraformprovider/terraform-provider-e2e/goe2e/kubernetes.go:607.16,609.3 1 0
github.com/e2eterraformprovider/terraform-provider-e2e/goe2e/kubernetes.go:612.2,617.16 5 2
github.com/e2eterraformprovider/terraform-provider-e2e/goe2e/kubernetes.go:617.16,619.3 1 1
github.com/e2eterraformprovider/terraform-provider-e2e/goe2e/kubernetes.go:621.2,625.26 2 1
github.com/e2eterraformprovider/terraform-provider-e2e/goe2e/kubernetes.go:629.157,630.29 1 4
github.com/e2eterraformprovider/terraform-provider-e2e/goe2e/kubernetes.go:630.29,632.3 1 1
github.com/e2eterraformprovider/terraform-provider-e2e/goe2e/kubernetes.go:633.2,633.22 1 3
github.com/e2eterraformprovider/terraform-provider-e2e/goe2e/kubernetes.go:633.22,635.3 1 1
github.com/e2eterraformprovider/terraform-provider-e2e/goe2e/kubernetes.go:637.2,640.16 3 2
github.com/e2eterraformprovider/terraform-provider-e2e/goe2e/kubernetes.go:640.16,642.3 1 0
github.com/e2eterraformprovider/terraform-provider-e2e/goe2e/kubernetes.go:644.2,645.16 2 2
github.com/e2eterraformprovider/terraform-provider-e2e/goe2e/kubernetes.go:645.16,647.3 1 1
github.com/e2eterraformprovider/terraform-provider-e2e/goe2e/kubernetes.go:649.2,649.18 1 1
github.com/e2eterraformprovider/terraform-provider-e2e/goe2e/kubernetes.go:653.178,654.29 1 4
github.com/e2eterraformprovider/terraform-provider-e2e/goe2e/kubernetes.go:654.29,656.3 1 1
github.com/e2eterraformprovider/terraform-provider-e2e/goe2e/kubernetes.go:657.2,657.22 1 3
github.com/e2eterraformprovider/terraform-provider-e2e/goe2e/kubernetes.go:657.22,659.3 1 1
github.com/e2eterraformprovider/terraform-provider-e2e/goe2e/kubernetes.go:661.2,664.16 3 2
github.com/e2eterraformprovider/terraform-provider-e2e/goe2e/kubernetes.go:664.16,666.3 1 0
github.com/e2eterraformprovider/terraform-provider-e2e/goe2e/kubernetes.go:668.2,670.16 3 2
github.com/e2eterraformprovider/terraform-provider-e2e/goe2e/kubernetes.go:670.16,672.3 1 1
github.com/e2eterraformprovider/terraform-provider-e2e/goe2e/kubernetes.go:674.2,678.26 2 1
github.com/e2eterraformprovider/terraform-provider-e2e/goe2e/kubernetes.go:682.112,683.29 1 3
github.com/e2eterraformprovider/terraform-provider-e2e/goe2e/kubernetes.go:683.29,685.3 1 1
github.com/e2eterraformprovider/terraform-provider-e2e/goe2e/kubernetes.go:687.2,690.16 3 2
github.com/e2eterraformprovider/terraform-provider-e2e/goe2e/kubernetes.go:690.16,692.3 1 0
github.com/e2eterraformprovider/terraform-provider-e2e/goe2e/kubernetes.go:694.2,695.16 2 2
github.com/e2eterraformprovider/terraform-provider-e2e/goe2e/kubernetes.go:695.16,697.3 1 1
github.com/e2eterraformprovider/terraform-provider-e2e/goe2e/kubernetes.go:699.2,699.18 1 1
github.com/e2eterraformprovider/terraform-provider-e2e/goe2e/kubernetes.go:704.79,709.16 4 4
github.com/e2eterraformprovider/terraform-provider-e2e/goe2e/kubernetes.go:709.16,711.3 1 0
github.com/e2eterraformprovider/terraform-provider-e2e/goe2e/kubernetes.go:713.2,714.9 2 4
github.com/e2eterraformprovider/terraform-provider-e2e/goe2e/kubernetes.go:714.9,717.3 1 1
github.com/e2eterraformprovider/terraform-provider-e2e/goe2e/kubernetes.go:719.2,719.37 1 3
github.com/e2eterraformprovider/terraform-provider-e2e/goe2e/kubernetes.go:719.37,720.63 1 3
github.com/e2eterraformprovider/terraform-provider-e2e/goe2e/kubernetes.go:720.63,723.25 2 3
github.com/e2eterraformprovider/terraform-provider-e2e/goe2e/kubernetes.go:723.25,724.24 1 1
github.com/e2eterraformprovider/terraform-provider-e2e/goe2e/kubernetes.go:724.24,727.6 1 0
github.com/e2eterraformprovider/terraform-provider-e2e/goe2e/kubernetes.go:727.11,727.31 1 1
github.com/e2eterraformprovider/terraform-provider-e2e/goe2e/kubernetes.go:727.31,732.6 2 1
github.com/e2eterraformprovider/terraform-provider-e2e/goe2e/kubernetes.go:734.4,735.55 2 3
github.com/e2eterraformprovider/terraform-provider-e2e/goe2e/kubernetes.go:735.55,738.5 1 3
github.com/e2eterraformprovider/terraform-provider-e2e/goe2e/kubernetes.go:739.4,739.64 1 3
github.com/e2eterraformprovider/terraform-provider-e2e/goe2e/kubernetes.go:739.64,742.5 1 3
github.com/e2eterraformprovider/terraform-provider-e2e/goe2e/kubernetes.go:746.2,747.16 2 3
github.com/e2eterraformprovider/terraform-provider-e2e/goe2e/kubernetes.go:747.16,749.3 1 0
github.com/e2eterraformprovider/terraform-provider-e2e/goe2e/kubernetes.go:751.2,751.43 1 3
github.com/e2eterraformprovider/terraform-provider-e2e/goe2e/kubernetes.go:755.38,756.26 1 0
github.com/e2eterraformprovider/terraform-provider-e2e/goe2e/kubernetes.go:756.26,758.3 1 0
github.com/e2eterraformprovider/terraform-provider-e2e/goe2e/kubernetes.go:759.2,759.43 1 0
github.com/e2eterraformprovider/terraform-provider-e2e/goe2e/kubernetes.go:759.43,760.35 1 0
github.com/e2eterraformprovider/terraform-provider-e2e/goe2e/kubernetes.go:760.35,762.4 1 0
github.com/e2eterraformprovider/terraform-provider-e2e/goe2e/kubernetes.go:764.2,764.14 1 0
github.com/e2eterraformprovider/terraform-provider-e2e/goe2e/kubernetes.go:768.131,769.21 1 6
github.com/e2eterraformprovider/terraform-provider-e2e/goe2e/kubernetes.go:769.21,771.3 1 1
github.com/e2eterraformprovider/terraform-provider-e2e/goe2e/kubernetes.go:773.2,776.16 3 5
github.com/e2eterraformprovider/terraform-provider-e2e/goe2e/kubernetes.go:776.16,778.3 1 0
github.com/e2eterraformprovider/terraform-provider-e2e/goe2e/kubernetes.go:780.2,782.16 3 5
github.com/e2eterraformprovider/terraform-provider-e2e/goe2e/kubernetes.go:782.16,784.3 1 1
github.com/e2eterraformprovider/terraform-provider-e2e/goe2e/kubernetes.go:786.2,787.35 2 4
github.com/e2eterraformprovider/terraform-provider-e2e/goe2e/kubernetes.go:787.35,790.42 2 4
github.com/e2eterraformprovider/terraform-provider-e2e/goe2e/kubernetes.go:790.42,792.4 1 4
github.com/e2eterraformprovider/terraform-provider-e2e/goe2e/kubernetes.go:793.3,793.46 1 4
github.com/e2eterraformprovider/terraform-provider-e2e/goe2e/kubernetes.go:793.46,795.4 1 4
github.com/e2eterraformprovider/terraform-provider-e2e/goe2e/kubernetes.go:796.3,796.52 1 4
github.com/e2eterraformprovider/terraform-provider-e2e/goe2e/kubernetes.go:796.52,798.4 1 3
github.com/e2eterraformprovider/terraform-provider-e2e/goe2e/kubernetes.go:798.9,798.55 1 1
github.com/e2eterraformprovider/terraform-provider-e2e/goe2e/kubernetes.go:798.55,800.4 1 0
github.com/e2eterraformprovider/terraform-provider-e2e/goe2e/kubernetes.go:801.3,801.57 1 4
github.com/e2eterraformprovider/terraform-provider-e2e/goe2e/kubernetes.go:801.57,803.4 1 3
github.com/e2eterraformprovider/terraform-provider-e2e/goe2e/kubernetes.go:804.3,804.50 1 4
github.com/e2eterraformprovider/terraform-provider-e2e/goe2e/kubernetes.go:804.50,806.4 1 3
github.com/e2eterraformprovider/terraform-provider-e2e/goe2e/kubernetes.go:807.3,807.55 1 4
github.com/e2eterraformprovider/terraform-provider-e2e/goe2e/kubernetes.go:807.55,809.4 1 3
github.com/e2eterraformprovider/terraform-provider-e2e/goe2e/kubernetes.go:810.3,810.57 1 4
github.com/e2eterraformprovider/terraform-provider-e2e/goe2e/kubernetes.go:810.57,812.4 1 3
github.com/e2eterraformprovider/terraform-provider-e2e/goe2e/kubernetes.go:814.3,814.24 1 4
github.com/e2eterraformprovider/terraform-provider-e2e/goe2e/kubernetes.go:817.2,817.23 1 4
github.com/e2eterraformprovider/terraform-provider-e2e/goe2e/kubernetes.go:821.173,822.21 1 8
github.com/e2eterraformprovider/terraform-provider-e2e/goe2e/kubernetes.go:822.21,824.3 1 1
github.com/e2eterraformprovider/terraform-provider-e2e/goe2e/kubernetes.go:825.2,825.22 1 7
github.com/e2eterraformprovider/terraform-provider-e2e/goe2e/kubernetes.go:825.22,827.3 1 1
github.com/e2eterraformprovider/terraform-provider-e2e/goe2e/kubernetes.go:828.2,828.26 1 6
github.com/e2eterraformprovider/terraform-provider-e2e/goe2e/kubernetes.go:828.26,830.3 1 1
github.com/e2eterraformprovider/terraform-provider-e2e/goe2e/kubernetes.go:831.2,831.27 1 5
github.com/e2eterraformprovider/terraform-provider-e2e/goe2e/kubernetes.go:831.27,833.3 1 2
github.com/e2eterraformprovider/terraform-provider-e2e/goe2e/kubernetes.go:835.2,838.16 3 3
github.com/e2eterraformprovider/terraform-provider-e2e/goe2e/kubernetes.go:838.16,840.3 1 0
github.com/e2eterraformprovider/terraform-provider-e2e/goe2e/kubernetes.go:842.2,844.16 3 3
github.com/e2eterraformprovider/terraform-provider-e2e/goe2e/kubernetes.go:844.16,846.3 1 0
github.com/e2eterraformprovider/terraform-provider-e2e/goe2e/kubernetes.go:849.2,850.44 2 3
github.com/e2eterraformprovider/terraform-provider-e2e/goe2e/kubernetes.go:850.44,852.3 1 3
github.com/e2eterraformprovider/terraform-provider-e2e/goe2e/kubernetes.go:853.2,853.48 1 3
github.com/e2eterraformprovider/terraform-provider-e2e/goe2e/kubernetes.go:853.48,855.3 1 3
github.com/e2eterraformprovider/terraform-provider-e2e/goe2e/kubernetes.go:856.2,856.54 1 3
github.com/e2eterraformprovider/terraform-provider-e2e/goe2e/kubernetes.go:856.54,858.3 1 3
github.com/e2eterraformprovider/terraform-provider-e2e/goe2e/kubernetes.go:858.8,858.57 1 0
github.com/e2eterraformprovider/terraform-provider-e2e/goe2e/kubernetes.go:858.57,860.3 1 0
github.com/e2eterraformprovider/terraform-provider-e2e/goe2e/kubernetes.go:861.2,861.62 1 3
github.com/e2eterraformprovider/terraform-provider-e2e/goe2e/kubernetes.go:861.62,863.3 1 3
github.com/e2eterraformprovider/terraform-provider-e2e/goe2e/kubernetes.go:863.8,865.3 1 0
github.com/e2eterraformprovider/terraform-provider-e2e/goe2e/kubernetes.go:866.2,866.52 1 3
github.com/e2eterraformprovider/terraform-provider-e2e/goe2e/kubernetes.go:866.52,868.3 1 3
github.com/e2eterraformprovider/terraform-provider-e2e/goe2e/kubernetes.go:869.2,869.57 1 3
github.com/e2eterraformprovider/terraform-provider-e2e/goe2e/kubernetes.go:869.57,871.3 1 3
github.com/e2eterraformprovider/terraform-provider-e2e/goe2e/kubernetes.go:872.2,872.59 1 3
github.com/e2eterraformprovider/terraform-provider-e2e/goe2e/kubernetes.go:872.59,874.3 1 3
github.com/e2eterraformprovider/terraform-provider-e2e/goe2e/kubernetes.go:876.2,876.22 1 3
github.com/e2eterraformprovider/terraform-provider-e2e/goe2e/kubernetes.go:880.134,881.21 1 5
github.com/e2eterraformprovider/terraform-provider-e2e/goe2e/kubernetes.go:881.21,883.3 1 1
github.com/e2eterraformprovider/terraform-provider-e2e/goe2e/kubernetes.go:884.2,884.16 1 4
github.com/e2eterraformprovider/terraform-provider-e2e/goe2e/kubernetes.go:884.16,886.3 1 1
github.com/e2eterraformprovider/terraform-provider-e2e/goe2e/kubernetes.go:888.2,891.16 3 3
github.com/e2eterraformprovider/terraform-provider-e2e/goe2e/kubernetes.go:891.16,893.3 1 0
github.com/e2eterraformprovider/terraform-provider-e2e/goe2e/kubernetes.go:895.2,897.16 3 3
github.com/e2eterraformprovider/terraform-provider-e2e/goe2e/kubernetes.go:897.16,899.60 1 2
github.com/e2eterraformprovider/terraform-provider-e2e/goe2e/kubernetes.go:899.60,901.4 1 1
github.com/e2eterraformprovider/terraform-provider-e2e/goe2e/kubernetes.go:902.3,902.126 1 1
github.com/e2eterraformprovider/terraform-provider-e2e/goe2e/kubernetes.go:906.2,907.44 2 1
github.com/e2eterraformprovider/terraform-provider-e2e/goe2e/kubernetes.go:907.44,909.3 1 1
github.com/e2eterraformprovider/terraform-provider-e2e/goe2e/kubernetes.go:910.2,910.48 1 1
github.com/e2eterraformprovider/terraform-provider-e2e/goe2e/kubernetes.go:910.48,912.3 1 1
github.com/e2eterraformprovider/terraform-provider-e2e/goe2e/kubernetes.go:913.2,913.54 1 1
github.com/e2eterraformprovider/terraform-provider-e2e/goe2e/kubernetes.go:913.54,915.3 1 1
github.com/e2eterraformprovider/terraform-provider-e2e/goe2e/kubernetes.go:915.8,915.57 1 0
github.com/e2eterraformprovider/terraform-provider-e2e/goe2e/kubernetes.go:915.57,917.3 1 0
github.com/e2eterraformprovider/terraform-provider-e2e/goe2e/kubernetes.go:918.2,918.62 1 1
github.com/e2eterraformprovider/terraform-provider-e2e/goe2e/kubernetes.go:918.62,920.3 1 1
github.com/e2eterraformprovider/terraform-provider-e2e/goe2e/kubernetes.go:920.8,922.3 1 0
github.com/e2eterraformprovider/terraform-provider-e2e/goe2e/kubernetes.go:923.2,923.52 1 1
github.com/e2eterraformprovider/terraform-provider-e2e/goe2e/kubernetes.go:923.52,925.3 1 1
github.com/e2eterraformprovider/terraform-provider-e2e/goe2e/kubernetes.go:926.2,926.57 1 1
github.com/e2eterraformprovider/terraform-provider-e2e/goe2e/kubernetes.go:926.57,928.3 1 1
github.com/e2eterraformprovider/terraform-provider-e2e/goe2e/kubernetes.go:929.2,929.59 1 1
github.com/e2eterraformprovider/terraform-provider-e2e/goe2e/kubernetes.go:929.59,931.3 1 1
github.com/e2eterraformprovider/terraform-provider-e2e/goe2e/kubernetes.go:933.2,933.22 1 1
github.com/e2eterraformprovider/terraform-provider-e2e/goe2e/kubernetes.go:937.118,938.21 1 5
github.com/e2eterraformprovider/terraform-provider-e2e/goe2e/kubernetes.go:938.21,940.3 1 1
github.com/e2eterraformprovider/terraform-provider-e2e/goe2e/kubernetes.go:941.2,941.16 1 4
github.com/e2eterraformprovider/terraform-provider-e2e/goe2e/kubernetes.go:941.16,943.3 1 1
github.com/e2eterraformprovider/terraform-provider-e2e/goe2e/kubernetes.go:945.2,948.16 3 3
github.com/e2eterraformprovider/terraform-provider-e2e/goe2e/kubernetes.go:948.16,950.3 1 0
github.com/e2eterraformprovider/terraform-provider-e2e/goe2e/kubernetes.go:952.2,953.16 2 3
github.com/e2eterraformprovider/terraform-provider-e2e/goe2e/kubernetes.go:953.16,955.3 1 2
github.com/e2eterraformprovider/terraform-provider-e2e/goe2e/kubernetes.go:957.2,957.18 1 1
github.com/e2eterraformprovider/terraform-provider-e2e/goe2e/kubernetes.go:961.143,962.21 1 0
github.com/e2eterraformprovider/terraform-provider-e2e/goe2e/kubernetes.go:962.21,964.3 1 0
github.com/e2eterraformprovider/terraform-provider-e2e/goe2e/kubernetes.go:966.2,969.16 3 0
github.com/e2eterraformprovider/terraform-provider-e2e/goe2e/kubernetes.go:969.16,971.3 1 0
github.com/e2eterraformprovider/terraform-provider-e2e/goe2e/kubernetes.go:973.2,975.16 3 0
github.com/e2eterraformprovider/terraform-provider-e2e/goe2e/kubernetes.go:975.16,977.3 1 0
github.com/e2eterraformprovider/terraform-provider-e2e/goe2e/kubernetes.go:979.2,980.35 2 0
github.com/e2eterraformprovider/terraform-provider-e2e/goe2e/kubernetes.go:980.35,983.43 2 0
github.com/e2eterraformprovider/terraform-provider-e2e/goe2e/kubernetes.go:983.43,985.4 1 0
github.com/e2eterraformprovider/terraform-provider-e2e/goe2e/kubernetes.go:985.9,985.46 1 0
github.com/e2eterraformprovider/terraform-provider-e2e/goe2e/kubernetes.go:985.46,987.4 1 0
github.com/e2eterraformprovider/terraform-provider-e2e/goe2e/kubernetes.go:988.3,988.46 1 0
github.com/e2eterraformprovider/terraform-provider-e2e/goe2e/kubernetes.go:988.46,990.4 1 0
github.com/e2eterraformprovider/terraform-provider-e2e/goe2e/kubernetes.go:991.3,991.60 1 0
github.com/e2eterraformprovider/terraform-provider-e2e/goe2e/kubernetes.go:991.60,993.4 1 0
github.com/e2eterraformprovider/terraform-provider-e2e/goe2e/kubernetes.go:995.3,995.48 1 0
github.com/e2eterraformprovider/terraform-provider-e2e/goe2e/kubernetes.go:998.2,998.31 1 0
github.com/e2eterraformprovider/terraform-provider-e2e/goe2e/kubernetes.go:1002.149,1003.21 1 0
github.com/e2eterraformprovider/terraform-provider-e2e/goe2e/kubernetes.go:1003.21,1005.3 1 0
github.com/e2eterraformprovider/terraform-provider-e2e/goe2e/kubernetes.go:1006.2,1006.22 1 0
github.com/e2eterraformprovider/terraform-provider-e2e/goe2e/kubernetes.go:1006.22,1008.3 1 0
github.com/e2eterraformprovider/terraform-provider-e2e/goe2e/kubernetes.go:1009.2,1009.42 1 0
github.com/e2eterraformprovider/terraform-provider-e2e/goe2e/kubernetes.go:1009.42,1011.3 1 0
github.com/e2eterraformprovider/terraform-provider-e2e/goe2e/kubernetes.go:1013.2,1016.16 3 0
github.com/e2eterraformprovider/terraform-provider-e2e/goe2e/kubernetes.go:1016.16,1018.3 1 0
github.com/e2eterraformprovider/terraform-provider-e2e/goe2e/kubernetes.go:1020.2,1021.16 2 0
github.com/e2eterraformprovider/terraform-provider-e2e/goe2e/kubernetes.go:1021.16,1023.3 1 0
github.com/e2eterraformprovider/terraform-provider-e2e/goe2e/kubernetes.go:1025.2,1025.18 1 0
github.com/e2eterraformprovider/terraform-provider-e2e/goe2e/kubernetes.go:1029.149,1030.21 1 0
github.com/e2eterraformprovider/terraform-provider-e2e/goe2e/kubernetes.go:1030.21,1032.3 1 0
github.com/e2eterraformprovider/terraform-provider-e2e/goe2e/kubernetes.go:1033.2,1033.22 1 0
github.com/e2eterraformprovider/terraform-provider-e2e/goe2e/kubernetes.go:1033.22,1035.3 1 0
github.com/e2eterraformprovider/terraform-provider-e2e/goe2e/kubernetes.go:1036.2,1036.42 1 0
github.com/e2eterraformprovider/terraform-provider-e2e/goe2e/kubernetes.go:1036.42,1038.3 1 0
github.com/e2eterraformprovider/terraform-provider-e2e/goe2e/kubernetes.go:1040.2,1043.16 3 0
github.com/e2eterraformprovider/terraform-provider-e2e/goe2e/kubernetes.go:1043.16,1045.3 1 0
github.com/e2eterraformprovider/terraform-provider-e2e/goe2e/kubernetes.go:1047.2,1048.16 2 0
github.com/e2eterraformprovider/terraform-provider-e2e/goe2e/kubernetes.go:1048.16,1050.3 1 0
github.com/e2eterraformprovider/terraform-provider-e2e/goe2e/kubernetes.go:1052.2,1052.18 1 0
github.com/e2eterraformprovider/terraform-provider-e2e/goe2e/loadbalancer.go:193.145,194.22 1 10
github.com/e2eterraformprovider/terraform-provider-e2e/goe2e/loadbalancer.go:194.22,196.3 1 1
github.com/e2eterraformprovider/terraform-provider-e2e/goe2e/loadbalancer.go:197.2,197.28 1 9
github.com/e2eterraformprovider/terraform-provider-e2e/goe2e/loadbalancer.go:197.28,199.3 1 2
github.com/e2eterraformprovider/terraform-provider-e2e/goe2e/loadbalancer.go:200.2,200.30 1 7
github.com/e2eterraformprovider/terraform-provider-e2e/goe2e/loadbalancer.go:200.30,202.3 1 1
github.com/e2eterraformprovider/terraform-provider-e2e/goe2e/loadbalancer.go:203.2,203.28 1 6
github.com/e2eterraformprovider/terraform-provider-e2e/goe2e/loadbalancer.go:203.28,205.3 1 1
github.com/e2eterraformprovider/terraform-provider-e2e/goe2e/loadbalancer.go:207.2,208.16 2 5
github.com/e2eterraformprovider/terraform-provider-e2e/goe2e/loadbalancer.go:208.16,210.3 1 0
github.com/e2eterraformprovider/terraform-provider-e2e/goe2e/loadbalancer.go:212.2,214.16 3 5
github.com/e2eterraformprovider/terraform-provider-e2e/goe2e/loadbalancer.go:214.16,216.3 1 4
github.com/e2eterraformprovider/terraform-provider-e2e/goe2e/loadbalancer.go:218.2,218.30 1 1
github.com/e2eterraformprovider/terraform-provider-e2e/goe2e/loadbalancer.go:222.117,223.16 1 8
github.com/e2eterraformprovider/terraform-provider-e2e/goe2e/loadbalancer.go:223.16,225.3 1 2
github.com/e2eterraformprovider/terraform-provider-e2e/goe2e/loadbalancer.go:227.2,230.16 3 6
github.com/e2eterraformprovider/terraform-provider-e2e/goe2e/loadbalancer.go:230.16,232.3 1 0
github.com/e2eterraformprovider/terraform-provider-e2e/goe2e/loadbalancer.go:234.2,236.16 3 6
github.com/e2eterraformprovider/terraform-provider-e2e/goe2e/loadbalancer.go:236.16,238.60 1 3
github.com/e2eterraformprovider/terraform-provider-e2e/goe2e/loadbalancer.go:238.60,240.4 1 1
github.com/e2eterraformprovider/terraform-provider-e2e/goe2e/loadbalancer.go:241.3,241.91 1 2
github.com/e2eterraformprovider/terraform-provider-e2e/goe2e/loadbalancer.go:244.2,244.30 1 3
github.com/e2eterraformprovider/terraform-provider-e2e/goe2e/loadbalancer.go:248.158,249.16 1 5
github.com/e2eterraformprovider/terraform-provider-e2e/goe2e/loadbalancer.go:249.16,251.3 1 0
github.com/e2eterraformprovider/terraform-provider-e2e/goe2e/loadbalancer.go:252.2,252.22 1 5
github.com/e2eterraformprovider/terraform-provider-e2e/goe2e/loadbalancer.go:252.22,254.3 1 1
github.com/e2eterraformprovider/terraform-provider-e2e/goe2e/loadbalancer.go:256.2,259.16 3 4
github.com/e2eterraformprovider/terraform-provider-e2e/goe2e/loadbalancer.go:259.16,261.3 1 0
github.com/e2eterraformprovider/terraform-provider-e2e/goe2e/loadbalancer.go:263.2,265.16 3 4
github.com/e2eterraformprovider/terraform-provider-e2e/goe2e/loadbalancer.go:265.16,267.3 1 2
github.com/e2eterraformprovider/terraform-provider-e2e/goe2e/loadbalancer.go:269.2,269.30 1 2
github.com/e2eterraformprovider/terraform-provider-e2e/goe2e/loadbalancer.go:273.105,274.16 1 4
github.com/e2eterraformprovider/terraform-provider-e2e/goe2e/loadbalancer.go:274.16,276.3 1 1
github.com/e2eterraformprovider/terraform-provider-e2e/goe2e/loadbalancer.go:278.2,281.16 3 3
github.com/e2eterraformprovider/terraform-provider-e2e/goe2e/loadbalancer.go:281.16,283.3 1 0
github.com/e2eterraformprovider/terraform-provider-e2e/goe2e/loadbalancer.go:285.2,286.16 2 3
github.com/e2eterraformprovider/terraform-provider-e2e/goe2e/loadbalancer.go:286.16,288.3 1 2
github.com/e2eterraformprovider/terraform-provider-e2e/goe2e/loadbalancer.go:289.2,289.18 1 1
github.com/e2eterraformprovider/terraform-provider-e2e/goe2e/loadbalancer.go:293.149,294.16 1 7
github.com/e2eterraformprovider/terraform-provider-e2e/goe2e/loadbalancer.go:294.16,296.3 1 0
github.com/e2eterraformprovider/terraform-provider-e2e/goe2e/loadbalancer.go:297.2,297.22 1 7
github.com/e2eterraformprovider/terraform-provider-e2e/goe2e/loadbalancer.go:297.22,299.3 1 2
github.com/e2eterraformprovider/terraform-provider-e2e/goe2e/loadbalancer.go:300.2,300.26 1 5
github.com/e2eterraformprovider/terraform-provider-e2e/goe2e/loadbalancer.go:300.26,302.3 1 1
github.com/e2eterraformprovider/terraform-provider-e2e/goe2e/loadbalancer.go:304.2,307.16 3 4
github.com/e2eterraformprovider/terraform-provider-e2e/goe2e/loadbalancer.go:307.16,309.3 1 0
github.com/e2eterraformprovider/terraform-provider-e2e/goe2e/loadbalancer.go:311.2,312.16 2 4
github.com/e2eterraformprovider/terraform-provider-e2e/goe2e/loadbalancer.go:312.16,314.3 1 1
github.com/e2eterraformprovider/terraform-provider-e2e/goe2e/loadbalancer.go:315.2,315.18 1 3
github.com/e2eterraformprovider/terraform-provider-e2e/goe2e/loadbalancer.go:319.125,320.16 1 6
github.com/e2eterraformprovider/terraform-provider-e2e/goe2e/loadbalancer.go:320.16,322.3 1 0
github.com/e2eterraformprovider/terraform-provider-e2e/goe2e/loadbalancer.go:323.2,323.20 1 6
github.com/e2eterraformprovider/terraform-provider-e2e/goe2e/loadbalancer.go:323.20,325.3 1 2
github.com/e2eterraformprovider/terraform-provider-e2e/goe2e/loadbalancer.go:326.2,326.26 1 4
github.com/e2eterraformprovider/terraform-provider-e2e/goe2e/loadbalancer.go:326.26,328.3 1 1
github.com/e2eterraformprovider/terraform-provider-e2e/goe2e/loadbalancer.go:330.2,333.16 3 3
github.com/e2eterraformprovider/terraform-provider-e2e/goe2e/loadbalancer.go:333.16,335.3 1 0
github.com/e2eterraformprovider/terraform-provider-e2e/goe2e/loadbalancer.go:337.2,338.16 2 3
github.com/e2eterraformprovider/terraform-provider-e2e/goe2e/loadbalancer.go:338.16,340.3 1 1
github.com/e2eterraformprovider/terraform-provider-e2e/goe2e/loadbalancer.go:341.2,341.18 1 2
github.com/e2eterraformprovider/terraform-provider-e2e/goe2e/node.go:202.113,203.22 1 3
github.com/e2eterraformprovider/terraform-provider-e2e/goe2e/node.go:203.22,205.3 1 0
github.com/e2eterraformprovider/terraform-provider-e2e/goe2e/node.go:206.2,206.26 1 3
github.com/e2eterraformprovider/terraform-provider-e2e/goe2e/node.go:206.26,208.3 1 1
github.com/e2eterraformprovider/terraform-provider-e2e/goe2e/node.go:209.2,209.26 1 2
github.com/e2eterraformprovider/terraform-provider-e2e/goe2e/node.go:209.26,211.3 1 0
github.com/e2eterraformprovider/terraform-provider-e2e/goe2e/node.go:212.2,212.27 1 2
github.com/e2eterraformprovider/terraform-provider-e2e/goe2e/node.go:212.27,214.3 1 0
github.com/e2eterraformprovider/terraform-provider-e2e/goe2e/node.go:215.2,217.16 3 2
github.com/e2eterraformprovider/terraform-provider-e2e/goe2e/node.go:217.16,219.3 1 0
github.com/e2eterraformprovider/terraform-provider-e2e/goe2e/node.go:221.2,223.16 3 2
github.com/e2eterraformprovider/terraform-provider-e2e/goe2e/node.go:223.16,225.3 1 1
github.com/e2eterraformprovider/terraform-provider-e2e/goe2e/node.go:227.2,231.24 2 1
github.com/e2eterraformprovider/terraform-provider-e2e/goe2e/node.go:235.95,236.18 1 2
github.com/e2eterraformprovider/terraform-provider-e2e/goe2e/node.go:236.18,238.3 1 1
github.com/e2eterraformprovider/terraform-provider-e2e/goe2e/node.go:239.2,241.16 3 1
github.com/e2eterraformprovider/terraform-provider-e2e/goe2e/node.go:241.16,243.3 1 0
github.com/e2eterraformprovider/terraform-provider-e2e/goe2e/node.go:245.2,247.16 3 1
github.com/e2eterraformprovider/terraform-provider-e2e/goe2e/node.go:247.16,249.31 1 0
github.com/e2eterraformprovider/terraform-provider-e2e/goe2e/node.go:249.31,251.4 1 0
github.com/e2eterraformprovider/terraform-provider-e2e/goe2e/node.go:252.3,252.75 1 0
github.com/e2eterraformprovider/terraform-provider-e2e/goe2e/node.go:255.2,256.24 2 1
github.com/e2eterraformprovider/terraform-provider-e2e/goe2e/node.go:260.83,263.16 3 0
github.com/e2eterraformprovider/terraform-provider-e2e/goe2e/node.go:263.16,265.3 1 0
github.com/e2eterraformprovider/terraform-provider-e2e/goe2e/node.go:267.2,269.16 3 0
github.com/e2eterraformprovider/terraform-provider-e2e/goe2e/node.go:269.16,271.3 1 0
github.com/e2eterraformprovider/terraform-provider-e2e/goe2e/node.go:273.2,274.22 2 0
github.com/e2eterraformprovider/terraform-provider-e2e/goe2e/node.go:274.22,276.3 1 0
github.com/e2eterraformprovider/terraform-provider-e2e/goe2e/node.go:278.2,278.25 1 0
github.com/e2eterraformprovider/terraform-provider-e2e/goe2e/node.go:282.128,283.18 1 3
github.com/e2eterraformprovider/terraform-provider-e2e/goe2e/node.go:283.18,285.3 1 1
github.com/e2eterraformprovider/terraform-provider-e2e/goe2e/node.go:286.2,286.22 1 2
github.com/e2eterraformprovider/terraform-provider-e2e/goe2e/node.go:286.22,288.3 1 1
github.com/e2eterraformprovider/terraform-provider-e2e/goe2e/node.go:289.2,291.16 3 1
github.com/e2eterraformprovider/terraform-provider-e2e/goe2e/node.go:291.16,293.3 1 0
github.com/e2eterraformprovider/terraform-provider-e2e/goe2e/node.go:295.2,297.16 3 1
github.com/e2eterraformprovider/terraform-provider-e2e/goe2e/node.go:297.16,299.3 1 0
github.com/e2eterraformprovider/terraform-provider-e2e/goe2e/node.go:301.2,302.24 2 1
github.com/e2eterraformprovider/terraform-provider-e2e/goe2e/node.go:306.91,307.18 1 1
github.com/e2eterraformprovider/terraform-provider-e2e/goe2e/node.go:307.18,309.3 1 0
github.com/e2eterraformprovider/terraform-provider-e2e/goe2e/node.go:310.2,312.16 3 1
github.com/e2eterraformprovider/terraform-provider-e2e/goe2e/node.go:312.16,314.3 1 0
github.com/e2eterraformprovider/terraform-provider-e2e/goe2e/node.go:316.2,318.16 3 1
github.com/e2eterraformprovider/terraform-provider-e2e/goe2e/node.go:318.16,320.3 1 0
github.com/e2eterraformprovider/terraform-provider-e2e/goe2e/node.go:322.2,322.18 1 1
github.com/e2eterraformprovider/terraform-provider-e2e/goe2e/node.go:326.88,327.18 1 1
github.com/e2eterraformprovider/terraform-provider-e2e/goe2e/node.go:327.18,329.3 1 0
github.com/e2eterraformprovider/terraform-provider-e2e/goe2e/node.go:330.2,333.16 4 1
github.com/e2eterraformprovider/terraform-provider-e2e/goe2e/node.go:333.16,335.3 1 0
github.com/e2eterraformprovider/terraform-provider-e2e/goe2e/node.go:337.2,339.16 3 1
github.com/e2eterraformprovider/terraform-provider-e2e/goe2e/node.go:339.16,341.3 1 0
github.com/e2eterraformprovider/terraform-provider-e2e/goe2e/node.go:343.2,343.18 1 1
github.com/e2eterraformprovider/terraform-provider-e2e/goe2e/node.go:347.89,348.18 1 1
github.com/e2eterraformprovider/terraform-provider-e2e/goe2e/node.go:348.18,350.3 1 0
github.com/e2eterraformprovider/terraform-provider-e2e/goe2e/node.go:351.2,354.16 4 1
github.com/e2eterraformprovider/terraform-provider-e2e/goe2e/node.go:354.16,356.3 1 0
github.com/e2eterraformprovider/terraform-provider-e2e/goe2e/node.go:358.2,360.16 3 1
github.com/e2eterraformprovider/terraform-provider-e2e/goe2e/node.go:360.16,362.3 1 0
github.com/e2eterraformprovider/terraform-provider-e2e/goe2e/node.go:364.2,364.18 1 1
github.com/e2eterraformprovider/terraform-provider-e2e/goe2e/node.go:368.87,369.18 1 1
github.com/e2eterraformprovider/terraform-provider-e2e/goe2e/node.go:369.18,371.3 1 0
github.com/e2eterraformprovider/terraform-provider-e2e/goe2e/node.go:372.2,375.16 4 1
github.com/e2eterraformprovider/terraform-provider-e2e/goe2e/node.go:375.16,377.3 1 0
github.com/e2eterraformprovider/terraform-provider-e2e/goe2e/node.go:379.2,381.16 3 1
github.com/e2eterraformprovider/terraform-provider-e2e/goe2e/node.go:381.16,383.3 1 0
github.com/e2eterraformprovider/terraform-provider-e2e/goe2e/node.go:385.2,385.18 1 1
github.com/e2eterraformprovider/terraform-provider-e2e/goe2e/node.go:389.126,390.18 1 2
github.com/e2eterraformprovider/terraform-provider-e2e/goe2e/node.go:390.18,392.3 1 0
github.com/e2eterraformprovider/terraform-provider-e2e/goe2e/node.go:393.2,393.25 1 2
github.com/e2eterraformprovider/terraform-provider-e2e/goe2e/node.go:393.25,395.3 1 1
github.com/e2eterraformprovider/terraform-provider-e2e/goe2e/node.go:396.2,396.30 1 1
github.com/e2eterraformprovider/terraform-provider-e2e/goe2e/node.go:396.30,398.3 1 0
github.com/e2eterraformprovider/terraform-provider-e2e/goe2e/node.go:399.2,402.16 4 1
github.com/e2eterraformprovider/terraform-provider-e2e/goe2e/node.go:402.16,404.3 1 0
github.com/e2eterraformprovider/terraform-provider-e2e/goe2e/node.go:406.2,408.16 3 1
github.com/e2eterraformprovider/terraform-provider-e2e/goe2e/node.go:408.16,410.3 1 0
github.com/e2eterraformprovider/terraform-provider-e2e/goe2e/node.go:412.2,412.18 1 1
github.com/e2eterraformprovider/terraform-provider-e2e/goe2e/node.go:416.143,417.18 1 0
github.com/e2eterraformprovider/terraform-provider-e2e/goe2e/node.go:417.18,419.3 1 0
github.com/e2eterraformprovider/terraform-provider-e2e/goe2e/node.go:420.2,420.20 1 0
github.com/e2eterraformprovider/terraform-provider-e2e/goe2e/node.go:420.20,422.3 1 0
github.com/e2eterraformprovider/terraform-provider-e2e/goe2e/node.go:423.2,423.30 1 0
github.com/e2eterraformprovider/terraform-provider-e2e/goe2e/node.go:423.30,425.3 1 0
github.com/e2eterraformprovider/terraform-provider-e2e/goe2e/node.go:426.2,426.24 1 0
github.com/e2eterraformprovider/terraform-provider-e2e/goe2e/node.go:426.24,428.3 1 0
github.com/e2eterraformprovider/terraform-provider-e2e/goe2e/node.go:430.2,432.16 3 0
github.com/e2eterraformprovider/terraform-provider-e2e/goe2e/node.go:432.16,434.3 1 0
github.com/e2eterraformprovider/terraform-provider-e2e/goe2e/node.go:436.2,438.16 3 0
github.com/e2eterraformprovider/terraform-provider-e2e/goe2e/node.go:438.16,440.3 1 0
github.com/e2eterraformprovider/terraform-provider-e2e/goe2e/node.go:443.2,444.56 2 0
github.com/e2eterraformprovider/terraform-provider-e2e/goe2e/node.go:444.56,445.40 1 0
github.com/e2eterraformprovider/terraform-provider-e2e/goe2e/node.go:445.40,447.4 1 0
github.com/e2eterraformprovider/terraform-provider-e2e/goe2e/node.go:447.9,447.48 1 0
github.com/e2eterraformprovider/terraform-provider-e2e/goe2e/node.go:447.48,450.4 1 0
github.com/e2eterraformprovider/terraform-provider-e2e/goe2e/node.go:453.2,453.26 1 0
github.com/e2eterraformprovider/terraform-provider-e2e/goe2e/node.go:457.89,458.18 1 1
github.com/e2eterraformprovider/terraform-provider-e2e/goe2e/node.go:458.18,460.3 1 0
github.com/e2eterraformprovider/terraform-provider-e2e/goe2e/node.go:461.2,464.16 4 1
github.com/e2eterraformprovider/terraform-provider-e2e/goe2e/node.go:464.16,466.3 1 0
github.com/e2eterraformprovider/terraform-provider-e2e/goe2e/node.go:468.2,470.16 3 1
github.com/e2eterraformprovider/terraform-provider-e2e/goe2e/node.go:470.16,472.3 1 0
github.com/e2eterraformprovider/terraform-provider-e2e/goe2e/node.go:474.2,474.18 1 1
github.com/e2eterraformprovider/terraform-provider-e2e/goe2e/node.go:478.91,479.18 1 1
github.com/e2eterraformprovider/terraform-provider-e2e/goe2e/node.go:479.18,481.3 1 0
github.com/e2eterraformprovider/terraform-provider-e2e/goe2e/node.go:482.2,485.16 4 1
github.com/e2eterraformprovider/terraform-provider-e2e/goe2e/node.go:485.16,487.3 1 0
github.com/e2eterraformprovider/terraform-provider-e2e/goe2e/node.go:489.2,491.16 3 1
github.com/e2eterraformprovider/terraform-provider-e2e/goe2e/node.go:491.16,493.3 1 0
github.com/e2eterraformprovider/terraform-provider-e2e/goe2e/node.go:495.2,495.18 1 1
github.com/e2eterraformprovider/terraform-provider-e2e/goe2e/node.go:499.129,500.18 1 2
github.com/e2eterraformprovider/terraform-provider-e2e/goe2e/node.go:500.18,502.3 1 0
github.com/e2eterraformprovider/terraform-provider-e2e/goe2e/node.go:503.2,503.18 1 2
github.com/e2eterraformprovider/terraform-provider-e2e/goe2e/node.go:503.18,505.3 1 1
github.com/e2eterraformprovider/terraform-provider-e2e/goe2e/node.go:506.2,508.16 3 1
github.com/e2eterraformprovider/terraform-provider-e2e/goe2e/node.go:508.16,510.3 1 0
github.com/e2eterraformprovider/terraform-provider-e2e/goe2e/node.go:512.2,514.16 3 1
github.com/e2eterraformprovider/terraform-provider-e2e/goe2e/node.go:514.16,516.3 1 0
github.com/e2eterraformprovider/terraform-provider-e2e/goe2e/node.go:518.2,518.18 1 1
github.com/e2eterraformprovider/terraform-provider-e2e/goe2e/node.go:522.129,523.18 1 2
github.com/e2eterraformprovider/terraform-provider-e2e/goe2e/node.go:523.18,525.3 1 0
github.com/e2eterraformprovider/terraform-provider-e2e/goe2e/node.go:526.2,526.18 1 2
github.com/e2eterraformprovider/terraform-provider-e2e/goe2e/node.go:526.18,528.3 1 1
github.com/e2eterraformprovider/terraform-provider-e2e/goe2e/node.go:529.2,531.16 3 1
github.com/e2eterraformprovider/terraform-provider-e2e/goe2e/node.go:531.16,533.3 1 0
github.com/e2eterraformprovider/terraform-provider-e2e/goe2e/node.go:535.2,537.16 3 1
github.com/e2eterraformprovider/terraform-provider-e2e/goe2e/node.go:537.16,539.3 1 0
github.com/e2eterraformprovider/terraform-provider-e2e/goe2e/node.go:541.2,541.18 1 1
github.com/e2eterraformprovider/terraform-provider-e2e/goe2e/node.go:545.107,548.16 3 1
github.com/e2eterraformprovider/terraform-provider-e2e/goe2e/node.go:548.16,550.3 1 0
github.com/e2eterraformprovider/terraform-provider-e2e/goe2e/node.go:552.2,554.16 3 1
github.com/e2eterraformprovider/terraform-provider-e2e/goe2e/node.go:554.16,556.3 1 0
github.com/e2eterraformprovider/terraform-provider-e2e/goe2e/node.go:558.2,559.23 2 1
github.com/e2eterraformprovider/terraform-provider-e2e/goe2e/node.go:563.120,564.18 1 2
github.com/e2eterraformprovider/terraform-provider-e2e/goe2e/node.go:564.18,566.3 1 0
github.com/e2eterraformprovider/terraform-provider-e2e/goe2e/node.go:567.2,567.19 1 2
github.com/e2eterraformprovider/terraform-provider-e2e/goe2e/node.go:567.19,569.3 1 1
github.com/e2eterraformprovider/terraform-provider-e2e/goe2e/node.go:570.2,572.16 3 1
github.com/e2eterraformprovider/terraform-provider-e2e/goe2e/node.go:572.16,574.3 1 0
github.com/e2eterraformprovider/terraform-provider-e2e/goe2e/node.go:576.2,578.16 3 1
github.com/e2eterraformprovider/terraform-provider-e2e/goe2e/node.go:578.16,580.3 1 0
github.com/e2eterraformprovider/terraform-provider-e2e/goe2e/node.go:582.2,582.18 1 1
github.com/e2eterraformprovider/terraform-provider-e2e/goe2e/node.go:586.90,587.18 1 1
github.com/e2eterraformprovider/terraform-provider-e2e/goe2e/node.go:587.18,589.3 1 0
github.com/e2eterraformprovider/terraform-provider-e2e/goe2e/node.go:590.2,592.16 3 1
github.com/e2eterraformprovider/terraform-provider-e2e/goe2e/node.go:592.16,594.3 1 0
github.com/e2eterraformprovider/terraform-provider-e2e/goe2e/node.go:596.2,598.16 3 1
github.com/e2eterraformprovider/terraform-provider-e2e/goe2e/node.go:598.16,600.3 1 0
github.com/e2eterraformprovider/terraform-provider-e2e/goe2e/node.go:602.2,602.18 1 1
github.com/e2eterraformprovider/terraform-provider-e2e/goe2e/node.go:606.107,607.18 1 1
github.com/e2eterraformprovider/terraform-provider-e2e/goe2e/node.go:607.18,609.3 1 0
github.com/e2eterraformprovider/terraform-provider-e2e/goe2e/node.go:610.2,612.16 3 1
github.com/e2eterraformprovider/terraform-provider-e2e/goe2e/node.go:612.16,614.3 1 0
github.com/e2eterraformprovider/terraform-provider-e2e/goe2e/node.go:616.2,618.16 3 1
github.com/e2eterraformprovider/terraform-provider-e2e/goe2e/node.go:618.16,620.3 1 0
github.com/e2eterraformprovider/terraform-provider-e2e/goe2e/node.go:622.2,623.28 2 1
github.com/e2eterraformprovider/terraform-provider-e2e/goe2e/node.go:627.128,628.18 1 2
github.com/e2eterraformprovider/terraform-provider-e2e/goe2e/node.go:628.18,630.3 1 0
github.com/e2eterraformprovider/terraform-provider-e2e/goe2e/node.go:631.2,631.23 1 2
github.com/e2eterraformprovider/terraform-provider-e2e/goe2e/node.go:631.23,633.3 1 0
github.com/e2eterraformprovider/terraform-provider-e2e/goe2e/node.go:634.2,634.27 1 2
github.com/e2eterraformprovider/terraform-provider-e2e/goe2e/node.go:634.27,636.3 1 1
github.com/e2eterraformprovider/terraform-provider-e2e/goe2e/node.go:637.2,639.16 3 1
github.com/e2eterraformprovider/terraform-provider-e2e/goe2e/node.go:639.16,641.3 1 0
github.com/e2eterraformprovider/terraform-provider-e2e/goe2e/node.go:643.2,645.16 3 1
github.com/e2eterraformprovider/terraform-provider-e2e/goe2e/node.go:645.16,647.3 1 0
github.com/e2eterraformprovider/terraform-provider-e2e/goe2e/node.go:649.2,649.18 1 1
github.com/e2eterraformprovider/terraform-provider-e2e/goe2e/node.go:653.116,654.18 1 0
github.com/e2eterraformprovider/terraform-provider-e2e/goe2e/node.go:654.18,656.3 1 0
github.com/e2eterraformprovider/terraform-provider-e2e/goe2e/node.go:657.2,657.19 1 0
github.com/e2eterraformprovider/terraform-provider-e2e/goe2e/node.go:657.19,659.3 1 0
github.com/e2eterraformprovider/terraform-provider-e2e/goe2e/node.go:660.2,660.25 1 0
github.com/e2eterraformprovider/terraform-provider-e2e/goe2e/node.go:660.25,662.3 1 0
github.com/e2eterraformprovider/terraform-provider-e2e/goe2e/node.go:663.2,663.30 1 0
github.com/e2eterraformprovider/terraform-provider-e2e/goe2e/node.go:663.30,665.3 1 0
github.com/e2eterraformprovider/terraform-provider-e2e/goe2e/node.go:666.2,668.16 3 0
github.com/e2eterraformprovider/terraform-provider-e2e/goe2e/node.go:668.16,670.3 1 0
github.com/e2eterraformprovider/terraform-provider-e2e/goe2e/node.go:672.2,674.16 3 0
github.com/e2eterraformprovider/terraform-provider-e2e/goe2e/node.go:674.16,676.3 1 0
github.com/e2eterraformprovider/terraform-provider-e2e/goe2e/node.go:678.2,678.18 1 0
github.com/e2eterraformprovider/terraform-provider-e2e/goe2e/node.go:683.69,686.27 2 0
github.com/e2eterraformprovider/terraform-provider-e2e/goe2e/node.go:686.27,692.3 5 0
github.com/e2eterraformprovider/terraform-provider-e2e/goe2e/node.go:694.2,694.15 1 0
github.com/e2eterraformprovider/terraform-provider-e2e/goe2e/object_storage.go:85.128,86.22 1 11
github.com/e2eterraformprovider/terraform-provider-e2e/goe2e/object_storage.go:86.22,88.3 1 1
github.com/e2eterraformprovider/terraform-provider-e2e/goe2e/object_storage.go:89.2,89.32 1 10
github.com/e2eterraformprovider/terraform-provider-e2e/goe2e/object_storage.go:89.32,91.3 1 1
github.com/e2eterraformprovider/terraform-provider-e2e/goe2e/object_storage.go:93.2,96.16 3 9
github.com/e2eterraformprovider/terraform-provider-e2e/goe2e/object_storage.go:96.16,98.3 1 0
github.com/e2eterraformprovider/terraform-provider-e2e/goe2e/object_storage.go:100.2,102.16 3 9
github.com/e2eterraformprovider/terraform-provider-e2e/goe2e/object_storage.go:102.16,104.3 1 7
github.com/e2eterraformprovider/terraform-provider-e2e/goe2e/object_storage.go:106.2,106.30 1 2
github.com/e2eterraformprovider/terraform-provider-e2e/goe2e/object_storage.go:110.112,111.22 1 6
github.com/e2eterraformprovider/terraform-provider-e2e/goe2e/object_storage.go:111.22,113.3 1 1
github.com/e2eterraformprovider/terraform-provider-e2e/goe2e/object_storage.go:115.2,118.16 3 5
github.com/e2eterraformprovider/terraform-provider-e2e/goe2e/object_storage.go:118.16,120.3 1 0
github.com/e2eterraformprovider/terraform-provider-e2e/goe2e/object_storage.go:122.2,124.16 3 5
github.com/e2eterraformprovider/terraform-provider-e2e/goe2e/object_storage.go:124.16,126.60 1 4
github.com/e2eterraformprovider/terraform-provider-e2e/goe2e/object_storage.go:126.60,128.4 1 1
github.com/e2eterraformprovider/terraform-provider-e2e/goe2e/object_storage.go:129.3,129.86 1 3
github.com/e2eterraformprovider/terraform-provider-e2e/goe2e/object_storage.go:132.2,132.30 1 1
github.com/e2eterraformprovider/terraform-provider-e2e/goe2e/object_storage.go:136.96,140.16 3 5
github.com/e2eterraformprovider/terraform-provider-e2e/goe2e/object_storage.go:140.16,142.3 1 0
github.com/e2eterraformprovider/terraform-provider-e2e/goe2e/object_storage.go:144.2,146.16 3 5
github.com/e2eterraformprovider/terraform-provider-e2e/goe2e/object_storage.go:146.16,148.3 1 3
github.com/e2eterraformprovider/terraform-provider-e2e/goe2e/object_storage.go:150.2,150.29 1 2
github.com/e2eterraformprovider/terraform-provider-e2e/goe2e/object_storage.go:154.106,155.22 1 6
github.com/e2eterraformprovider/terraform-provider-e2e/goe2e/object_storage.go:155.22,157.3 1 1
github.com/e2eterraformprovider/terraform-provider-e2e/goe2e/object_storage.go:159.2,162.16 3 5
github.com/e2eterraformprovider/terraform-provider-e2e/goe2e/object_storage.go:162.16,164.3 1 0
github.com/e2eterraformprovider/terraform-provider-e2e/goe2e/object_storage.go:166.2,167.16 2 5
github.com/e2eterraformprovider/terraform-provider-e2e/goe2e/object_storage.go:167.16,169.3 1 4
github.com/e2eterraformprovider/terraform-provider-e2e/goe2e/object_storage.go:170.2,170.18 1 1
github.com/e2eterraformprovider/terraform-provider-e2e/goe2e/object_storage.go:174.172,175.22 1 12
github.com/e2eterraformprovider/terraform-provider-e2e/goe2e/object_storage.go:175.22,177.3 1 1
github.com/e2eterraformprovider/terraform-provider-e2e/goe2e/object_storage.go:178.2,178.26 1 11
github.com/e2eterraformprovider/terraform-provider-e2e/goe2e/object_storage.go:178.26,180.3 1 1
github.com/e2eterraformprovider/terraform-provider-e2e/goe2e/object_storage.go:181.2,181.44 1 10
github.com/e2eterraformprovider/terraform-provider-e2e/goe2e/object_storage.go:181.44,183.3 1 1
github.com/e2eterraformprovider/terraform-provider-e2e/goe2e/object_storage.go:186.2,190.52 2 9
github.com/e2eterraformprovider/terraform-provider-e2e/goe2e/object_storage.go:190.52,192.3 1 1
github.com/e2eterraformprovider/terraform-provider-e2e/goe2e/object_storage.go:194.2,197.36 2 8
github.com/e2eterraformprovider/terraform-provider-e2e/goe2e/object_storage.go:197.36,199.3 1 1
github.com/e2eterraformprovider/terraform-provider-e2e/goe2e/object_storage.go:201.2,202.16 2 8
github.com/e2eterraformprovider/terraform-provider-e2e/goe2e/object_storage.go:202.16,204.3 1 0
github.com/e2eterraformprovider/terraform-provider-e2e/goe2e/object_storage.go:206.2,208.16 3 8
github.com/e2eterraformprovider/terraform-provider-e2e/goe2e/object_storage.go:208.16,210.3 1 5
github.com/e2eterraformprovider/terraform-provider-e2e/goe2e/object_storage.go:212.2,212.30 1 3
github.com/e2eterraformprovider/terraform-provider-e2e/goe2e/reserve_ip.go:101.98,103.16 2 3
github.com/e2eterraformprovider/terraform-provider-e2e/goe2e/reserve_ip.go:103.16,105.3 1 0
github.com/e2eterraformprovider/terraform-provider-e2e/goe2e/reserve_ip.go:107.2,109.16 3 3
github.com/e2eterraformprovider/terraform-provider-e2e/goe2e/reserve_ip.go:109.16,111.3 1 1
github.com/e2eterraformprovider/terraform-provider-e2e/goe2e/reserve_ip.go:113.2,113.29 1 2
github.com/e2eterraformprovider/terraform-provider-e2e/goe2e/reserve_ip.go:117.113,118.21 1 10
github.com/e2eterraformprovider/terraform-provider-e2e/goe2e/reserve_ip.go:118.21,120.3 1 1
github.com/e2eterraformprovider/terraform-provider-e2e/goe2e/reserve_ip.go:122.2,125.16 3 9
github.com/e2eterraformprovider/terraform-provider-e2e/goe2e/reserve_ip.go:125.16,127.3 1 0
github.com/e2eterraformprovider/terraform-provider-e2e/goe2e/reserve_ip.go:129.2,131.16 3 9
github.com/e2eterraformprovider/terraform-provider-e2e/goe2e/reserve_ip.go:131.16,133.3 1 4
github.com/e2eterraformprovider/terraform-provider-e2e/goe2e/reserve_ip.go:135.2,135.30 1 5
github.com/e2eterraformprovider/terraform-provider-e2e/goe2e/reserve_ip.go:140.98,142.16 2 3
github.com/e2eterraformprovider/terraform-provider-e2e/goe2e/reserve_ip.go:142.16,144.3 1 0
github.com/e2eterraformprovider/terraform-provider-e2e/goe2e/reserve_ip.go:146.2,148.16 3 3
github.com/e2eterraformprovider/terraform-provider-e2e/goe2e/reserve_ip.go:148.16,150.46 1 2
github.com/e2eterraformprovider/terraform-provider-e2e/goe2e/reserve_ip.go:150.46,152.4 1 2
github.com/e2eterraformprovider/terraform-provider-e2e/goe2e/reserve_ip.go:153.3,153.71 1 0
github.com/e2eterraformprovider/terraform-provider-e2e/goe2e/reserve_ip.go:156.2,156.30 1 1
github.com/e2eterraformprovider/terraform-provider-e2e/goe2e/reserve_ip.go:160.104,161.21 1 6
github.com/e2eterraformprovider/terraform-provider-e2e/goe2e/reserve_ip.go:161.21,163.3 1 1
github.com/e2eterraformprovider/terraform-provider-e2e/goe2e/reserve_ip.go:165.2,168.16 3 5
github.com/e2eterraformprovider/terraform-provider-e2e/goe2e/reserve_ip.go:168.16,170.3 1 0
github.com/e2eterraformprovider/terraform-provider-e2e/goe2e/reserve_ip.go:172.2,173.16 2 5
github.com/e2eterraformprovider/terraform-provider-e2e/goe2e/reserve_ip.go:173.16,175.3 1 4
github.com/e2eterraformprovider/terraform-provider-e2e/goe2e/reserve_ip.go:176.2,176.18 1 1
github.com/e2eterraformprovider/terraform-provider-e2e/goe2e/reserve_ip.go:181.121,182.16 1 6
github.com/e2eterraformprovider/terraform-provider-e2e/goe2e/reserve_ip.go:182.16,184.3 1 1
github.com/e2eterraformprovider/terraform-provider-e2e/goe2e/reserve_ip.go:185.2,185.25 1 5
github.com/e2eterraformprovider/terraform-provider-e2e/goe2e/reserve_ip.go:185.25,187.3 1 1
github.com/e2eterraformprovider/terraform-provider-e2e/goe2e/reserve_ip.go:188.2,188.27 1 4
github.com/e2eterraformprovider/terraform-provider-e2e/goe2e/reserve_ip.go:188.27,190.3 1 1
github.com/e2eterraformprovider/terraform-provider-e2e/goe2e/reserve_ip.go:192.2,195.16 3 3
github.com/e2eterraformprovider/terraform-provider-e2e/goe2e/reserve_ip.go:195.16,197.3 1 0
github.com/e2eterraformprovider/terraform-provider-e2e/goe2e/reserve_ip.go:199.2,200.16 2 3
github.com/e2eterraformprovider/terraform-provider-e2e/goe2e/reserve_ip.go:200.16,202.3 1 2
github.com/e2eterraformprovider/terraform-provider-e2e/goe2e/reserve_ip.go:203.2,203.18 1 1
github.com/e2eterraformprovider/terraform-provider-e2e/goe2e/reserve_ip.go:208.121,209.16 1 6
github.com/e2eterraformprovider/terraform-provider-e2e/goe2e/reserve_ip.go:209.16,211.3 1 1
github.com/e2eterraformprovider/terraform-provider-e2e/goe2e/reserve_ip.go:212.2,212.25 1 5
github.com/e2eterraformprovider/terraform-provider-e2e/goe2e/reserve_ip.go:212.25,214.3 1 1
github.com/e2eterraformprovider/terraform-provider-e2e/goe2e/reserve_ip.go:215.2,215.27 1 4
github.com/e2eterraformprovider/terraform-provider-e2e/goe2e/reserve_ip.go:215.27,217.3 1 1
github.com/e2eterraformprovider/terraform-provider-e2e/goe2e/reserve_ip.go:219.2,222.16 3 3
github.com/e2eterraformprovider/terraform-provider-e2e/goe2e/reserve_ip.go:222.16,224.3 1 0
github.com/e2eterraformprovider/terraform-provider-e2e/goe2e/reserve_ip.go:226.2,227.16 2 3
github.com/e2eterraformprovider/terraform-provider-e2e/goe2e/reserve_ip.go:227.16,229.3 1 2
github.com/e2eterraformprovider/terraform-provider-e2e/goe2e/reserve_ip.go:230.2,230.18 1 1
github.com/e2eterraformprovider/terraform-provider-e2e/goe2e/security_group.go:99.149,100.22 1 8
github.com/e2eterraformprovider/terraform-provider-e2e/goe2e/security_group.go:100.22,102.3 1 1
github.com/e2eterraformprovider/terraform-provider-e2e/goe2e/security_group.go:103.2,103.26 1 7
github.com/e2eterraformprovider/terraform-provider-e2e/goe2e/security_group.go:103.26,105.3 1 1
github.com/e2eterraformprovider/terraform-provider-e2e/goe2e/security_group.go:107.2,110.16 3 6
github.com/e2eterraformprovider/terraform-provider-e2e/goe2e/security_group.go:110.16,112.3 1 0
github.com/e2eterraformprovider/terraform-provider-e2e/goe2e/security_group.go:114.2,116.16 3 6
github.com/e2eterraformprovider/terraform-provider-e2e/goe2e/security_group.go:116.16,118.3 1 2
github.com/e2eterraformprovider/terraform-provider-e2e/goe2e/security_group.go:120.2,120.30 1 4
github.com/e2eterraformprovider/terraform-provider-e2e/goe2e/security_group.go:124.120,125.16 1 4
github.com/e2eterraformprovider/terraform-provider-e2e/goe2e/security_group.go:125.16,127.3 1 1
github.com/e2eterraformprovider/terraform-provider-e2e/goe2e/security_group.go:129.2,132.16 3 3
github.com/e2eterraformprovider/terraform-provider-e2e/goe2e/security_group.go:132.16,134.3 1 0
github.com/e2eterraformprovider/terraform-provider-e2e/goe2e/security_group.go:136.2,138.16 3 3
github.com/e2eterraformprovider/terraform-provider-e2e/goe2e/security_group.go:138.16,140.3 1 2
github.com/e2eterraformprovider/terraform-provider-e2e/goe2e/security_group.go:142.2,142.30 1 1
github.com/e2eterraformprovider/terraform-provider-e2e/goe2e/security_group.go:146.162,147.16 1 5
github.com/e2eterraformprovider/terraform-provider-e2e/goe2e/security_group.go:147.16,149.3 1 1
github.com/e2eterraformprovider/terraform-provider-e2e/goe2e/security_group.go:150.2,150.22 1 4
github.com/e2eterraformprovider/terraform-provider-e2e/goe2e/security_group.go:150.22,152.3 1 1
github.com/e2eterraformprovider/terraform-provider-e2e/goe2e/security_group.go:154.2,157.16 3 3
github.com/e2eterraformprovider/terraform-provider-e2e/goe2e/security_group.go:157.16,159.3 1 0
github.com/e2eterraformprovider/terraform-provider-e2e/goe2e/security_group.go:161.2,163.16 3 3
github.com/e2eterraformprovider/terraform-provider-e2e/goe2e/security_group.go:163.16,165.3 1 1
github.com/e2eterraformprovider/terraform-provider-e2e/goe2e/security_group.go:167.2,167.30 1 2
github.com/e2eterraformprovider/terraform-provider-e2e/goe2e/security_group.go:171.107,172.16 1 4
github.com/e2eterraformprovider/terraform-provider-e2e/goe2e/security_group.go:172.16,174.3 1 1
github.com/e2eterraformprovider/terraform-provider-e2e/goe2e/security_group.go:176.2,179.16 3 3
github.com/e2eterraformprovider/terraform-provider-e2e/goe2e/security_group.go:179.16,181.3 1 0
github.com/e2eterraformprovider/terraform-provider-e2e/goe2e/security_group.go:183.2,184.16 2 3
github.com/e2eterraformprovider/terraform-provider-e2e/goe2e/security_group.go:184.16,186.3 1 2
github.com/e2eterraformprovider/terraform-provider-e2e/goe2e/security_group.go:187.2,187.18 1 1
github.com/e2eterraformprovider/terraform-provider-e2e/goe2e/security_group.go:191.113,195.16 3 4
github.com/e2eterraformprovider/terraform-provider-e2e/goe2e/security_group.go:195.16,197.3 1 0
github.com/e2eterraformprovider/terraform-provider-e2e/goe2e/security_group.go:199.2,201.16 3 4
github.com/e2eterraformprovider/terraform-provider-e2e/goe2e/security_group.go:201.16,203.3 1 1
github.com/e2eterraformprovider/terraform-provider-e2e/goe2e/security_group.go:206.2,207.27 2 3
github.com/e2eterraformprovider/terraform-provider-e2e/goe2e/security_group.go:207.27,209.3 1 7
github.com/e2eterraformprovider/terraform-provider-e2e/goe2e/security_group.go:211.2,211.26 1 3
github.com/e2eterraformprovider/terraform-provider-e2e/goe2e/security_group.go:215.112,216.16 1 4
github.com/e2eterraformprovider/terraform-provider-e2e/goe2e/security_group.go:216.16,218.3 1 1
github.com/e2eterraformprovider/terraform-provider-e2e/goe2e/security_group.go:220.2,223.16 3 3
github.com/e2eterraformprovider/terraform-provider-e2e/goe2e/security_group.go:223.16,225.3 1 0
github.com/e2eterraformprovider/terraform-provider-e2e/goe2e/security_group.go:227.2,228.16 2 3
github.com/e2eterraformprovider/terraform-provider-e2e/goe2e/security_group.go:228.16,230.3 1 1
github.com/e2eterraformprovider/terraform-provider-e2e/goe2e/security_group.go:231.2,231.18 1 2
github.com/e2eterraformprovider/terraform-provider-e2e/goe2e/security_group.go:235.143,236.15 1 7
github.com/e2eterraformprovider/terraform-provider-e2e/goe2e/security_group.go:236.15,238.3 1 2
github.com/e2eterraformprovider/terraform-provider-e2e/goe2e/security_group.go:239.2,239.22 1 5
github.com/e2eterraformprovider/terraform-provider-e2e/goe2e/security_group.go:239.22,241.3 1 1
github.com/e2eterraformprovider/terraform-provider-e2e/goe2e/security_group.go:243.2,246.16 3 4
github.com/e2eterraformprovider/terraform-provider-e2e/goe2e/security_group.go:246.16,248.3 1 0
github.com/e2eterraformprovider/terraform-provider-e2e/goe2e/security_group.go:250.2,251.16 2 4
github.com/e2eterraformprovider/terraform-provider-e2e/goe2e/security_group.go:251.16,253.3 1 2
github.com/e2eterraformprovider/terraform-provider-e2e/goe2e/security_group.go:254.2,254.18 1 2
github.com/e2eterraformprovider/terraform-provider-e2e/goe2e/security_group.go:258.143,259.15 1 7
github.com/e2eterraformprovider/terraform-provider-e2e/goe2e/security_group.go:259.15,261.3 1 2
github.com/e2eterraformprovider/terraform-provider-e2e/goe2e/security_group.go:262.2,262.22 1 5
github.com/e2eterraformprovider/terraform-provider-e2e/goe2e/security_group.go:262.22,264.3 1 1
github.com/e2eterraformprovider/terraform-provider-e2e/goe2e/security_group.go:266.2,269.16 3 4
github.com/e2eterraformprovider/terraform-provider-e2e/goe2e/security_group.go:269.16,271.3 1 0
github.com/e2eterraformprovider/terraform-provider-e2e/goe2e/security_group.go:273.2,274.16 2 4
github.com/e2eterraformprovider/terraform-provider-e2e/goe2e/security_group.go:274.16,276.3 1 2
github.com/e2eterraformprovider/terraform-provider-e2e/goe2e/security_group.go:277.2,277.18 1 2
github.com/e2eterraformprovider/terraform-provider-e2e/goe2e/sfs.go:98.109,99.22 1 10
github.com/e2eterraformprovider/terraform-provider-e2e/goe2e/sfs.go:99.22,101.3 1 1
github.com/e2eterraformprovider/terraform-provider-e2e/goe2e/sfs.go:102.2,102.26 1 9
github.com/e2eterraformprovider/terraform-provider-e2e/goe2e/sfs.go:102.26,104.3 1 1
github.com/e2eterraformprovider/terraform-provider-e2e/goe2e/sfs.go:105.2,105.26 1 8
github.com/e2eterraformprovider/terraform-provider-e2e/goe2e/sfs.go:105.26,107.3 1 1
github.com/e2eterraformprovider/terraform-provider-e2e/goe2e/sfs.go:108.2,108.27 1 7
github.com/e2eterraformprovider/terraform-provider-e2e/goe2e/sfs.go:108.27,110.3 1 1
github.com/e2eterraformprovider/terraform-provider-e2e/goe2e/sfs.go:111.2,111.29 1 6
github.com/e2eterraformprovider/terraform-provider-e2e/goe2e/sfs.go:111.29,113.3 1 1
github.com/e2eterraformprovider/terraform-provider-e2e/goe2e/sfs.go:114.2,114.29 1 5
github.com/e2eterraformprovider/terraform-provider-e2e/goe2e/sfs.go:114.29,116.3 1 1
github.com/e2eterraformprovider/terraform-provider-e2e/goe2e/sfs.go:118.2,119.16 2 4
github.com/e2eterraformprovider/terraform-provider-e2e/goe2e/sfs.go:119.16,121.3 1 0
github.com/e2eterraformprovider/terraform-provider-e2e/goe2e/sfs.go:123.2,125.16 3 4
github.com/e2eterraformprovider/terraform-provider-e2e/goe2e/sfs.go:125.16,127.3 1 1
github.com/e2eterraformprovider/terraform-provider-e2e/goe2e/sfs.go:130.2,131.39 2 3
github.com/e2eterraformprovider/terraform-provider-e2e/goe2e/sfs.go:131.39,132.25 1 3
github.com/e2eterraformprovider/terraform-provider-e2e/goe2e/sfs.go:133.16,134.34 1 2
github.com/e2eterraformprovider/terraform-provider-e2e/goe2e/sfs.go:135.12,136.32 1 0
github.com/e2eterraformprovider/terraform-provider-e2e/goe2e/sfs.go:137.15,138.13 1 1
github.com/e2eterraformprovider/terraform-provider-e2e/goe2e/sfs.go:143.2,148.23 2 3
github.com/e2eterraformprovider/terraform-provider-e2e/goe2e/sfs.go:152.91,153.17 1 4
github.com/e2eterraformprovider/terraform-provider-e2e/goe2e/sfs.go:153.17,155.3 1 1
github.com/e2eterraformprovider/terraform-provider-e2e/goe2e/sfs.go:157.2,160.16 3 3
github.com/e2eterraformprovider/terraform-provider-e2e/goe2e/sfs.go:160.16,162.3 1 0
github.com/e2eterraformprovider/terraform-provider-e2e/goe2e/sfs.go:164.2,166.16 3 3
github.com/e2eterraformprovider/terraform-provider-e2e/goe2e/sfs.go:166.16,168.3 1 1
github.com/e2eterraformprovider/terraform-provider-e2e/goe2e/sfs.go:171.2,174.23 3 2
github.com/e2eterraformprovider/terraform-provider-e2e/goe2e/sfs.go:178.88,179.17 1 2
github.com/e2eterraformprovider/terraform-provider-e2e/goe2e/sfs.go:179.17,181.3 1 1
github.com/e2eterraformprovider/terraform-provider-e2e/goe2e/sfs.go:183.2,186.16 3 1
github.com/e2eterraformprovider/terraform-provider-e2e/goe2e/sfs.go:186.16,188.3 1 0
github.com/e2eterraformprovider/terraform-provider-e2e/goe2e/sfs.go:190.2,191.16 2 1
github.com/e2eterraformprovider/terraform-provider-e2e/goe2e/sfs.go:191.16,193.3 1 0
github.com/e2eterraformprovider/terraform-provider-e2e/goe2e/sfs.go:195.2,195.18 1 1
github.com/e2eterraformprovider/terraform-provider-e2e/goe2e/sfs.go:199.80,203.16 3 2
github.com/e2eterraformprovider/terraform-provider-e2e/goe2e/sfs.go:203.16,205.3 1 0
github.com/e2eterraformprovider/terraform-provider-e2e/goe2e/sfs.go:207.2,209.16 3 2
github.com/e2eterraformprovider/terraform-provider-e2e/goe2e/sfs.go:209.16,211.3 1 0
github.com/e2eterraformprovider/terraform-provider-e2e/goe2e/sfs.go:213.2,213.29 1 2
github.com/e2eterraformprovider/terraform-provider-e2e/goe2e/sfs.go:218.74,221.43 2 2
github.com/e2eterraformprovider/terraform-provider-e2e/goe2e/sfs.go:221.43,223.3 1 2
github.com/e2eterraformprovider/terraform-provider-e2e/goe2e/sfs.go:224.2,224.47 1 2
github.com/e2eterraformprovider/terraform-provider-e2e/goe2e/sfs.go:224.47,226.3 1 2
github.com/e2eterraformprovider/terraform-provider-e2e/goe2e/sfs.go:227.2,227.46 1 2
github.com/e2eterraformprovider/terraform-provider-e2e/goe2e/sfs.go:227.46,229.3 1 2
github.com/e2eterraformprovider/terraform-provider-e2e/goe2e/sfs.go:230.2,230.56 1 2
github.com/e2eterraformprovider/terraform-provider-e2e/goe2e/sfs.go:230.56,232.3 1 2
github.com/e2eterraformprovider/terraform-provider-e2e/goe2e/sfs.go:233.2,233.52 1 2
github.com/e2eterraformprovider/terraform-provider-e2e/goe2e/sfs.go:233.52,235.3 1 2
github.com/e2eterraformprovider/terraform-provider-e2e/goe2e/sfs.go:236.2,236.60 1 2
github.com/e2eterraformprovider/terraform-provider-e2e/goe2e/sfs.go:236.60,238.3 1 1
github.com/e2eterraformprovider/terraform-provider-e2e/goe2e/sfs.go:239.2,239.58 1 2
github.com/e2eterraformprovider/terraform-provider-e2e/goe2e/sfs.go:239.58,241.3 1 1
github.com/e2eterraformprovider/terraform-provider-e2e/goe2e/sfs.go:242.2,242.64 1 2
github.com/e2eterraformprovider/terraform-provider-e2e/goe2e/sfs.go:242.64,244.3 1 1
github.com/e2eterraformprovider/terraform-provider-e2e/goe2e/sfs.go:247.2,247.43 1 2
github.com/e2eterraformprovider/terraform-provider-e2e/goe2e/sfs.go:247.43,248.31 1 2
github.com/e2eterraformprovider/terraform-provider-e2e/goe2e/sfs.go:249.12,250.20 1 0
github.com/e2eterraformprovider/terraform-provider-e2e/goe2e/sfs.go:251.16,252.25 1 2
github.com/e2eterraformprovider/terraform-provider-e2e/goe2e/sfs.go:256.2,256.12 1 2
github.com/e2eterraformprovider/terraform-provider-e2e/goe2e/sfs.go:260.135,261.17 1 0
github.com/e2eterraformprovider/terraform-provider-e2e/goe2e/sfs.go:261.17,263.3 1 0
github.com/e2eterraformprovider/terraform-provider-e2e/goe2e/sfs.go:264.2,264.24 1 0
github.com/e2eterraformprovider/terraform-provider-e2e/goe2e/sfs.go:264.24,266.3 1 0
github.com/e2eterraformprovider/terraform-provider-e2e/goe2e/sfs.go:267.2,267.40 1 0
github.com/e2eterraformprovider/terraform-provider-e2e/goe2e/sfs.go:267.40,269.3 1 0
github.com/e2eterraformprovider/terraform-provider-e2e/goe2e/sfs.go:271.2,274.16 3 0
github.com/e2eterraformprovider/terraform-provider-e2e/goe2e/sfs.go:274.16,276.3 1 0
github.com/e2eterraformprovider/terraform-provider-e2e/goe2e/sfs.go:278.2,279.16 2 0
github.com/e2eterraformprovider/terraform-provider-e2e/goe2e/sfs.go:279.16,281.3 1 0
github.com/e2eterraformprovider/terraform-provider-e2e/goe2e/sfs.go:283.2,283.18 1 0
github.com/e2eterraformprovider/terraform-provider-e2e/goe2e/sfs.go:287.98,288.17 1 0
github.com/e2eterraformprovider/terraform-provider-e2e/goe2e/sfs.go:288.17,290.3 1 0
github.com/e2eterraformprovider/terraform-provider-e2e/goe2e/sfs.go:292.2,295.16 3 0
github.com/e2eterraformprovider/terraform-provider-e2e/goe2e/sfs.go:295.16,297.3 1 0
github.com/e2eterraformprovider/terraform-provider-e2e/goe2e/sfs.go:299.2,300.16 2 0
github.com/e2eterraformprovider/terraform-provider-e2e/goe2e/sfs.go:300.16,302.3 1 0
github.com/e2eterraformprovider/terraform-provider-e2e/goe2e/sfs.go:304.2,304.18 1 0
github.com/e2eterraformprovider/terraform-provider-e2e/goe2e/ssh_key.go:71.121,72.22 1 13
github.com/e2eterraformprovider/terraform-provider-e2e/goe2e/ssh_key.go:72.22,74.3 1 1
github.com/e2eterraformprovider/terraform-provider-e2e/goe2e/ssh_key.go:75.2,75.27 1 12
github.com/e2eterraformprovider/terraform-provider-e2e/goe2e/ssh_key.go:75.27,77.3 1 1
github.com/e2eterraformprovider/terraform-provider-e2e/goe2e/ssh_key.go:78.2,78.28 1 11
github.com/e2eterraformprovider/terraform-provider-e2e/goe2e/ssh_key.go:78.28,80.3 1 1
github.com/e2eterraformprovider/terraform-provider-e2e/goe2e/ssh_key.go:82.2,84.16 3 10
github.com/e2eterraformprovider/terraform-provider-e2e/goe2e/ssh_key.go:84.16,86.3 1 0
github.com/e2eterraformprovider/terraform-provider-e2e/goe2e/ssh_key.go:88.2,90.16 3 10
github.com/e2eterraformprovider/terraform-provider-e2e/goe2e/ssh_key.go:90.16,92.3 1 8
github.com/e2eterraformprovider/terraform-provider-e2e/goe2e/ssh_key.go:94.2,99.26 2 2
github.com/e2eterraformprovider/terraform-provider-e2e/goe2e/ssh_key.go:103.97,104.14 1 6
github.com/e2eterraformprovider/terraform-provider-e2e/goe2e/ssh_key.go:104.14,106.3 1 1
github.com/e2eterraformprovider/terraform-provider-e2e/goe2e/ssh_key.go:108.2,110.16 3 5
github.com/e2eterraformprovider/terraform-provider-e2e/goe2e/ssh_key.go:110.16,112.3 1 0
github.com/e2eterraformprovider/terraform-provider-e2e/goe2e/ssh_key.go:115.2,121.16 6 5
github.com/e2eterraformprovider/terraform-provider-e2e/goe2e/ssh_key.go:121.16,123.3 1 3
github.com/e2eterraformprovider/terraform-provider-e2e/goe2e/ssh_key.go:126.2,126.24 1 2
github.com/e2eterraformprovider/terraform-provider-e2e/goe2e/ssh_key.go:126.24,127.33 1 1
github.com/e2eterraformprovider/terraform-provider-e2e/goe2e/ssh_key.go:127.33,128.54 1 1
github.com/e2eterraformprovider/terraform-provider-e2e/goe2e/ssh_key.go:128.54,130.5 1 1
github.com/e2eterraformprovider/terraform-provider-e2e/goe2e/ssh_key.go:134.2,134.66 1 1
github.com/e2eterraformprovider/terraform-provider-e2e/goe2e/ssh_key.go:138.107,139.17 1 6
github.com/e2eterraformprovider/terraform-provider-e2e/goe2e/ssh_key.go:139.17,141.3 1 1
github.com/e2eterraformprovider/terraform-provider-e2e/goe2e/ssh_key.go:143.2,145.16 3 5
github.com/e2eterraformprovider/terraform-provider-e2e/goe2e/ssh_key.go:145.16,147.3 1 0
github.com/e2eterraformprovider/terraform-provider-e2e/goe2e/ssh_key.go:150.2,156.16 6 5
github.com/e2eterraformprovider/terraform-provider-e2e/goe2e/ssh_key.go:156.16,158.3 1 3
github.com/e2eterraformprovider/terraform-provider-e2e/goe2e/ssh_key.go:161.2,161.24 1 2
github.com/e2eterraformprovider/terraform-provider-e2e/goe2e/ssh_key.go:161.24,162.33 1 1
github.com/e2eterraformprovider/terraform-provider-e2e/goe2e/ssh_key.go:162.33,163.26 1 1
github.com/e2eterraformprovider/terraform-provider-e2e/goe2e/ssh_key.go:163.26,165.5 1 1
github.com/e2eterraformprovider/terraform-provider-e2e/goe2e/ssh_key.go:169.2,169.72 1 1
github.com/e2eterraformprovider/terraform-provider-e2e/goe2e/ssh_key.go:173.89,176.16 3 6
github.com/e2eterraformprovider/terraform-provider-e2e/goe2e/ssh_key.go:176.16,178.3 1 0
github.com/e2eterraformprovider/terraform-provider-e2e/goe2e/ssh_key.go:180.2,182.16 3 6
github.com/e2eterraformprovider/terraform-provider-e2e/goe2e/ssh_key.go:182.16,184.3 1 4
github.com/e2eterraformprovider/terraform-provider-e2e/goe2e/ssh_key.go:186.2,186.29 1 2
github.com/e2eterraformprovider/terraform-provider-e2e/goe2e/ssh_key.go:190.91,191.14 1 7
github.com/e2eterraformprovider/terraform-provider-e2e/goe2e/ssh_key.go:191.14,193.3 1 1
github.com/e2eterraformprovider/terraform-provider-e2e/goe2e/ssh_key.go:195.2,197.16 3 6
github.com/e2eterraformprovider/terraform-provider-e2e/goe2e/ssh_key.go:197.16,199.3 1 0
github.com/e2eterraformprovider/terraform-provider-e2e/goe2e/ssh_key.go:202.2,207.16 5 6
github.com/e2eterraformprovider/terraform-provider-e2e/goe2e/ssh_key.go:207.16,209.3 1 5
github.com/e2eterraformprovider/terraform-provider-e2e/goe2e/ssh_key.go:211.2,211.18 1 1
github.com/e2eterraformprovider/terraform-provider-e2e/goe2e/tag.go:106.109,107.22 1 12
github.com/e2eterraformprovider/terraform-provider-e2e/goe2e/tag.go:107.22,109.3 1 2
github.com/e2eterraformprovider/terraform-provider-e2e/goe2e/tag.go:110.2,110.31 1 10
github.com/e2eterraformprovider/terraform-provider-e2e/goe2e/tag.go:110.31,112.3 1 2
github.com/e2eterraformprovider/terraform-provider-e2e/goe2e/tag.go:113.2,115.16 3 8
github.com/e2eterraformprovider/terraform-provider-e2e/goe2e/tag.go:115.16,117.3 1 0
github.com/e2eterraformprovider/terraform-provider-e2e/goe2e/tag.go:119.2,121.16 3 8
github.com/e2eterraformprovider/terraform-provider-e2e/goe2e/tag.go:121.16,123.3 1 4
github.com/e2eterraformprovider/terraform-provider-e2e/goe2e/tag.go:125.2,131.23 2 4
github.com/e2eterraformprovider/terraform-provider-e2e/goe2e/tag.go:135.80,138.16 3 13
github.com/e2eterraformprovider/terraform-provider-e2e/goe2e/tag.go:138.16,140.3 1 0
github.com/e2eterraformprovider/terraform-provider-e2e/goe2e/tag.go:142.2,144.16 3 13
github.com/e2eterraformprovider/terraform-provider-e2e/goe2e/tag.go:144.16,146.3 1 3
github.com/e2eterraformprovider/terraform-provider-e2e/goe2e/tag.go:148.2,148.29 1 10
github.com/e2eterraformprovider/terraform-provider-e2e/goe2e/tag.go:152.91,153.17 1 8
github.com/e2eterraformprovider/terraform-provider-e2e/goe2e/tag.go:153.17,155.3 1 2
github.com/e2eterraformprovider/terraform-provider-e2e/goe2e/tag.go:157.2,158.16 2 6
github.com/e2eterraformprovider/terraform-provider-e2e/goe2e/tag.go:158.16,160.3 1 0
github.com/e2eterraformprovider/terraform-provider-e2e/goe2e/tag.go:162.2,163.16 2 6
github.com/e2eterraformprovider/terraform-provider-e2e/goe2e/tag.go:163.16,165.3 1 2
github.com/e2eterraformprovider/terraform-provider-e2e/goe2e/tag.go:167.2,167.27 1 4
github.com/e2eterraformprovider/terraform-provider-e2e/goe2e/tag.go:167.27,168.30 1 2
github.com/e2eterraformprovider/terraform-provider-e2e/goe2e/tag.go:168.30,170.4 1 2
github.com/e2eterraformprovider/terraform-provider-e2e/goe2e/tag.go:173.2,173.65 1 2
github.com/e2eterraformprovider/terraform-provider-e2e/goe2e/tag.go:178.123,179.17 1 6
github.com/e2eterraformprovider/terraform-provider-e2e/goe2e/tag.go:179.17,181.3 1 2
github.com/e2eterraformprovider/terraform-provider-e2e/goe2e/tag.go:182.2,182.22 1 4
github.com/e2eterraformprovider/terraform-provider-e2e/goe2e/tag.go:182.22,184.3 1 2
github.com/e2eterraformprovider/terraform-provider-e2e/goe2e/tag.go:187.2,187.77 1 2
github.com/e2eterraformprovider/terraform-provider-e2e/goe2e/tag.go:191.88,192.17 1 7
github.com/e2eterraformprovider/terraform-provider-e2e/goe2e/tag.go:192.17,194.3 1 1
github.com/e2eterraformprovider/terraform-provider-e2e/goe2e/tag.go:195.2,197.16 3 6
github.com/e2eterraformprovider/terraform-provider-e2e/goe2e/tag.go:197.16,199.3 1 0
github.com/e2eterraformprovider/terraform-provider-e2e/goe2e/tag.go:201.2,203.16 3 6
github.com/e2eterraformprovider/terraform-provider-e2e/goe2e/tag.go:203.16,205.3 1 3
github.com/e2eterraformprovider/terraform-provider-e2e/goe2e/tag.go:207.2,207.18 1 3
github.com/e2eterraformprovider/terraform-provider-e2e/goe2e/tag.go:211.122,212.24 1 11
github.com/e2eterraformprovider/terraform-provider-e2e/goe2e/tag.go:212.24,214.3 1 2
github.com/e2eterraformprovider/terraform-provider-e2e/goe2e/tag.go:215.2,215.22 1 9
github.com/e2eterraformprovider/terraform-provider-e2e/goe2e/tag.go:215.22,217.3 1 2
github.com/e2eterraformprovider/terraform-provider-e2e/goe2e/tag.go:218.2,218.22 1 7
github.com/e2eterraformprovider/terraform-provider-e2e/goe2e/tag.go:218.22,220.3 1 2
github.com/e2eterraformprovider/terraform-provider-e2e/goe2e/tag.go:221.2,227.16 4 5
github.com/e2eterraformprovider/terraform-provider-e2e/goe2e/tag.go:227.16,229.3 1 0
github.com/e2eterraformprovider/terraform-provider-e2e/goe2e/tag.go:231.2,232.16 2 5
github.com/e2eterraformprovider/terraform-provider-e2e/goe2e/tag.go:232.16,234.3 1 2
github.com/e2eterraformprovider/terraform-provider-e2e/goe2e/tag.go:236.2,236.18 1 3
github.com/e2eterraformprovider/terraform-provider-e2e/goe2e/tag.go:240.122,241.24 1 7
github.com/e2eterraformprovider/terraform-provider-e2e/goe2e/tag.go:241.24,243.3 1 2
github.com/e2eterraformprovider/terraform-provider-e2e/goe2e/tag.go:244.2,244.22 1 5
github.com/e2eterraformprovider/terraform-provider-e2e/goe2e/tag.go:244.22,246.3 1 1
github.com/e2eterraformprovider/terraform-provider-e2e/goe2e/tag.go:247.2,247.22 1 4
github.com/e2eterraformprovider/terraform-provider-e2e/goe2e/tag.go:247.22,249.3 1 1
github.com/e2eterraformprovider/terraform-provider-e2e/goe2e/tag.go:250.2,256.16 4 3
github.com/e2eterraformprovider/terraform-provider-e2e/goe2e/tag.go:256.16,258.3 1 0
github.com/e2eterraformprovider/terraform-provider-e2e/goe2e/tag.go:260.2,261.16 2 3
github.com/e2eterraformprovider/terraform-provider-e2e/goe2e/tag.go:261.16,263.3 1 1
github.com/e2eterraformprovider/terraform-provider-e2e/goe2e/tag.go:265.2,265.18 1 2
github.com/e2eterraformprovider/terraform-provider-e2e/goe2e/tag.go:269.127,270.24 1 8
github.com/e2eterraformprovider/terraform-provider-e2e/goe2e/tag.go:270.24,272.3 1 2
github.com/e2eterraformprovider/terraform-provider-e2e/goe2e/tag.go:273.2,275.16 3 6
github.com/e2eterraformprovider/terraform-provider-e2e/goe2e/tag.go:275.16,277.3 1 0
github.com/e2eterraformprovider/terraform-provider-e2e/goe2e/tag.go:279.2,281.16 3 6
github.com/e2eterraformprovider/terraform-provider-e2e/goe2e/tag.go:281.16,283.3 1 1
github.com/e2eterraformprovider/terraform-provider-e2e/goe2e/tag.go:286.2,286.22 1 5
github.com/e2eterraformprovider/terraform-provider-e2e/goe2e/tag.go:286.22,289.37 3 2
github.com/e2eterraformprovider/terraform-provider-e2e/goe2e/tag.go:289.37,290.43 1 3
github.com/e2eterraformprovider/terraform-provider-e2e/goe2e/tag.go:290.43,292.5 1 2
github.com/e2eterraformprovider/terraform-provider-e2e/goe2e/tag.go:294.3,294.29 1 2
github.com/e2eterraformprovider/terraform-provider-e2e/goe2e/tag.go:297.2,297.29 1 3
github.com/e2eterraformprovider/terraform-provider-e2e/goe2e/util.go:11.27,13.2 1 1698
github.com/e2eterraformprovider/terraform-provider-e2e/goe2e/util.go:16.31,18.2 1 11
github.com/e2eterraformprovider/terraform-provider-e2e/goe2e/util.go:21.22,23.2 1 11
github.com/e2eterraformprovider/terraform-provider-e2e/goe2e/util.go:26.25,28.2 1 7
github.com/e2eterraformprovider/terraform-provider-e2e/goe2e/util.go:31.35,33.2 1 2
github.com/e2eterraformprovider/terraform-provider-e2e/goe2e/util.go:37.45,39.2 1 0
github.com/e2eterraformprovider/terraform-provider-e2e/goe2e/util.go:44.70,45.17 1 0
github.com/e2eterraformprovider/terraform-provider-e2e/goe2e/util.go:45.17,47.3 1 0
github.com/e2eterraformprovider/terraform-provider-e2e/goe2e/util.go:49.2,50.13 2 0
github.com/e2eterraformprovider/terraform-provider-e2e/goe2e/util.go:50.13,52.3 1 0
github.com/e2eterraformprovider/terraform-provider-e2e/goe2e/util.go:54.2,54.25 1 0
github.com/e2eterraformprovider/terraform-provider-e2e/goe2e/util.go:55.14,56.17 1 0
github.com/e2eterraformprovider/terraform-provider-e2e/goe2e/util.go:57.15,58.38 1 0
github.com/e2eterraformprovider/terraform-provider-e2e/goe2e/util.go:59.11,60.36 1 0
github.com/e2eterraformprovider/terraform-provider-e2e/goe2e/util.go:61.13,62.36 1 0
github.com/e2eterraformprovider/terraform-provider-e2e/goe2e/util.go:63.10,64.19 1 0
github.com/e2eterraformprovider/terraform-provider-e2e/goe2e/util.go:71.46,73.2 1 5
github.com/e2eterraformprovider/terraform-provider-e2e/goe2e/volume_attachment.go:62.145,63.22 1 1
github.com/e2eterraformprovider/terraform-provider-e2e/goe2e/volume_attachment.go:63.22,65.3 1 0
github.com/e2eterraformprovider/terraform-provider-e2e/goe2e/volume_attachment.go:66.2,66.28 1 1
github.com/e2eterraformprovider/terraform-provider-e2e/goe2e/volume_attachment.go:66.28,68.3 1 0
github.com/e2eterraformprovider/terraform-provider-e2e/goe2e/volume_attachment.go:69.2,69.30 1 1
github.com/e2eterraformprovider/terraform-provider-e2e/goe2e/volume_attachment.go:69.30,71.3 1 0
github.com/e2eterraformprovider/terraform-provider-e2e/goe2e/volume_attachment.go:72.2,74.16 3 1
github.com/e2eterraformprovider/terraform-provider-e2e/goe2e/volume_attachment.go:74.16,76.3 1 0
github.com/e2eterraformprovider/terraform-provider-e2e/goe2e/volume_attachment.go:78.2,80.16 3 1
github.com/e2eterraformprovider/terraform-provider-e2e/goe2e/volume_attachment.go:80.16,82.3 1 0
github.com/e2eterraformprovider/terraform-provider-e2e/goe2e/volume_attachment.go:84.2,90.30 2 1
github.com/e2eterraformprovider/terraform-provider-e2e/goe2e/volume_attachment.go:94.126,95.22 1 1
github.com/e2eterraformprovider/terraform-provider-e2e/goe2e/volume_attachment.go:95.22,97.3 1 0
github.com/e2eterraformprovider/terraform-provider-e2e/goe2e/volume_attachment.go:98.2,98.28 1 1
github.com/e2eterraformprovider/terraform-provider-e2e/goe2e/volume_attachment.go:98.28,100.3 1 0
github.com/e2eterraformprovider/terraform-provider-e2e/goe2e/volume_attachment.go:101.2,101.30 1 1
github.com/e2eterraformprovider/terraform-provider-e2e/goe2e/volume_attachment.go:101.30,103.3 1 0
github.com/e2eterraformprovider/terraform-provider-e2e/goe2e/volume_attachment.go:104.2,106.16 3 1
github.com/e2eterraformprovider/terraform-provider-e2e/goe2e/volume_attachment.go:106.16,108.3 1 0
github.com/e2eterraformprovider/terraform-provider-e2e/goe2e/volume_attachment.go:110.2,112.16 3 1
github.com/e2eterraformprovider/terraform-provider-e2e/goe2e/volume_attachment.go:112.16,114.3 1 0
github.com/e2eterraformprovider/terraform-provider-e2e/goe2e/volume_attachment.go:116.2,116.18 1 1
github.com/e2eterraformprovider/terraform-provider-e2e/goe2e/volume_attachment.go:121.127,122.18 1 0
github.com/e2eterraformprovider/terraform-provider-e2e/goe2e/volume_attachment.go:122.18,124.3 1 0
github.com/e2eterraformprovider/terraform-provider-e2e/goe2e/volume_attachment.go:128.2,128.105 1 0
github.com/e2eterraformprovider/terraform-provider-e2e/goe2e/vpc.go:89.109,90.22 1 7
github.com/e2eterraformprovider/terraform-provider-e2e/goe2e/vpc.go:90.22,92.3 1 1
github.com/e2eterraformprovider/terraform-provider-e2e/goe2e/vpc.go:93.2,93.29 1 6
github.com/e2eterraformprovider/terraform-provider-e2e/goe2e/vpc.go:93.29,95.3 1 1
github.com/e2eterraformprovider/terraform-provider-e2e/goe2e/vpc.go:97.2,99.16 3 5
github.com/e2eterraformprovider/terraform-provider-e2e/goe2e/vpc.go:99.16,101.3 1 0
github.com/e2eterraformprovider/terraform-provider-e2e/goe2e/vpc.go:103.2,105.16 3 5
github.com/e2eterraformprovider/terraform-provider-e2e/goe2e/vpc.go:105.16,107.3 1 3
github.com/e2eterraformprovider/terraform-provider-e2e/goe2e/vpc.go:109.2,114.23 2 2
github.com/e2eterraformprovider/terraform-provider-e2e/goe2e/vpc.go:118.91,119.17 1 20
github.com/e2eterraformprovider/terraform-provider-e2e/goe2e/vpc.go:119.17,121.3 1 1
github.com/e2eterraformprovider/terraform-provider-e2e/goe2e/vpc.go:123.2,125.16 3 19
github.com/e2eterraformprovider/terraform-provider-e2e/goe2e/vpc.go:125.16,127.3 1 0
github.com/e2eterraformprovider/terraform-provider-e2e/goe2e/vpc.go:129.2,131.16 3 19
github.com/e2eterraformprovider/terraform-provider-e2e/goe2e/vpc.go:131.16,133.3 1 6
github.com/e2eterraformprovider/terraform-provider-e2e/goe2e/vpc.go:135.2,136.22 2 13
github.com/e2eterraformprovider/terraform-provider-e2e/goe2e/vpc.go:136.22,139.3 2 13
github.com/e2eterraformprovider/terraform-provider-e2e/goe2e/vpc.go:140.2,140.23 1 13
github.com/e2eterraformprovider/terraform-provider-e2e/goe2e/vpc.go:144.80,147.16 3 3
github.com/e2eterraformprovider/terraform-provider-e2e/goe2e/vpc.go:147.16,149.3 1 0
github.com/e2eterraformprovider/terraform-provider-e2e/goe2e/vpc.go:151.2,153.16 3 3
github.com/e2eterraformprovider/terraform-provider-e2e/goe2e/vpc.go:153.16,155.3 1 0
github.com/e2eterraformprovider/terraform-provider-e2e/goe2e/vpc.go:157.2,158.22 2 3
github.com/e2eterraformprovider/terraform-provider-e2e/goe2e/vpc.go:158.22,160.3 1 3
github.com/e2eterraformprovider/terraform-provider-e2e/goe2e/vpc.go:162.2,162.24 1 3
github.com/e2eterraformprovider/terraform-provider-e2e/goe2e/vpc.go:166.88,167.17 1 2
github.com/e2eterraformprovider/terraform-provider-e2e/goe2e/vpc.go:167.17,169.3 1 1
github.com/e2eterraformprovider/terraform-provider-e2e/goe2e/vpc.go:171.2,173.16 3 1
github.com/e2eterraformprovider/terraform-provider-e2e/goe2e/vpc.go:173.16,175.3 1 0
github.com/e2eterraformprovider/terraform-provider-e2e/goe2e/vpc.go:177.2,179.16 3 1
github.com/e2eterraformprovider/terraform-provider-e2e/goe2e/vpc.go:179.16,181.3 1 0
github.com/e2eterraformprovider/terraform-provider-e2e/goe2e/vpc.go:183.2,183.18 1 1
github.com/e2eterraformprovider/terraform-provider-e2e/goe2e/vpc.go:193.107,194.16 1 0
github.com/e2eterraformprovider/terraform-provider-e2e/goe2e/vpc.go:194.16,196.3 1 0
github.com/e2eterraformprovider/terraform-provider-e2e/goe2e/vpc.go:198.2,200.16 3 0
github.com/e2eterraformprovider/terraform-provider-e2e/goe2e/vpc.go:200.16,202.3 1 0
github.com/e2eterraformprovider/terraform-provider-e2e/goe2e/vpc.go:204.2,206.16 3 0
github.com/e2eterraformprovider/terraform-provider-e2e/goe2e/vpc.go:206.16,208.3 1 0
github.com/e2eterraformprovider/terraform-provider-e2e/goe2e/vpc.go:210.2,210.32 1 0
github.com/e2eterraformprovider/terraform-provider-e2e/goe2e/vpc.go:210.32,211.23 1 0
github.com/e2eterraformprovider/terraform-provider-e2e/goe2e/vpc.go:211.23,213.4 1 0
github.com/e2eterraformprovider/terraform-provider-e2e/goe2e/vpc.go:216.2,216.65 1 0
github.com/e2eterraformprovider/terraform-provider-e2e/goe2e/vpc_tunnel.go:78.119,79.24 1 3
github.com/e2eterraformprovider/terraform-provider-e2e/goe2e/vpc_tunnel.go:79.24,81.3 1 1
github.com/e2eterraformprovider/terraform-provider-e2e/goe2e/vpc_tunnel.go:83.2,86.16 3 2
github.com/e2eterraformprovider/terraform-provider-e2e/goe2e/vpc_tunnel.go:86.16,88.3 1 0
github.com/e2eterraformprovider/terraform-provider-e2e/goe2e/vpc_tunnel.go:90.2,92.16 3 2
github.com/e2eterraformprovider/terraform-provider-e2e/goe2e/vpc_tunnel.go:92.16,94.3 1 0
github.com/e2eterraformprovider/terraform-provider-e2e/goe2e/vpc_tunnel.go:96.2,96.29 1 2
github.com/e2eterraformprovider/terraform-provider-e2e/goe2e/vpc_tunnel.go:100.133,101.22 1 4
github.com/e2eterraformprovider/terraform-provider-e2e/goe2e/vpc_tunnel.go:101.22,103.3 1 1
github.com/e2eterraformprovider/terraform-provider-e2e/goe2e/vpc_tunnel.go:104.2,104.26 1 3
github.com/e2eterraformprovider/terraform-provider-e2e/goe2e/vpc_tunnel.go:104.26,106.3 1 1
github.com/e2eterraformprovider/terraform-provider-e2e/goe2e/vpc_tunnel.go:107.2,107.39 1 2
github.com/e2eterraformprovider/terraform-provider-e2e/goe2e/vpc_tunnel.go:107.39,109.3 1 0
github.com/e2eterraformprovider/terraform-provider-e2e/goe2e/vpc_tunnel.go:110.2,110.38 1 2
github.com/e2eterraformprovider/terraform-provider-e2e/goe2e/vpc_tunnel.go:110.38,112.3 1 0
github.com/e2eterraformprovider/terraform-provider-e2e/goe2e/vpc_tunnel.go:114.2,117.16 3 2
github.com/e2eterraformprovider/terraform-provider-e2e/goe2e/vpc_tunnel.go:117.16,119.3 1 0
github.com/e2eterraformprovider/terraform-provider-e2e/goe2e/vpc_tunnel.go:121.2,123.16 3 2
github.com/e2eterraformprovider/terraform-provider-e2e/goe2e/vpc_tunnel.go:123.16,125.3 1 0
github.com/e2eterraformprovider/terraform-provider-e2e/goe2e/vpc_tunnel.go:127.2,127.30 1 2
github.com/e2eterraformprovider/terraform-provider-e2e/goe2e/vpc_tunnel.go:131.112,132.20 1 2
github.com/e2eterraformprovider/terraform-provider-e2e/goe2e/vpc_tunnel.go:132.20,134.3 1 0
github.com/e2eterraformprovider/terraform-provider-e2e/goe2e/vpc_tunnel.go:136.2,139.16 3 2
github.com/e2eterraformprovider/terraform-provider-e2e/goe2e/vpc_tunnel.go:139.16,141.3 1 0
github.com/e2eterraformprovider/terraform-provider-e2e/goe2e/vpc_tunnel.go:143.2,145.16 3 2
github.com/e2eterraformprovider/terraform-provider-e2e/goe2e/vpc_tunnel.go:145.16,147.3 1 1
github.com/e2eterraformprovider/terraform-provider-e2e/goe2e/vpc_tunnel.go:149.2,149.30 1 1
github.com/e2eterraformprovider/terraform-provider-e2e/goe2e/vpc_tunnel.go:153.102,154.20 1 1
github.com/e2eterraformprovider/terraform-provider-e2e/goe2e/vpc_tunnel.go:154.20,156.3 1 0
github.com/e2eterraformprovider/terraform-provider-e2e/goe2e/vpc_tunnel.go:158.2,161.16 3 1
github.com/e2eterraformprovider/terraform-provider-e2e/goe2e/vpc_tunnel.go:161.16,163.3 1 0
github.com/e2eterraformprovider/terraform-provider-e2e/goe2e/vpc_tunnel.go:165.2,166.16 2 1
github.com/e2eterraformprovider/terraform-provider-e2e/goe2e/vpc_tunnel.go:166.16,168.3 1 0
github.com/e2eterraformprovider/terraform-provider-e2e/goe2e/vpc_tunnel.go:170.2,170.18 1 1
github.com/e2eterraformprovider/terraform-provider-e2e/goe2e/vpc_tunnel.go:174.104,175.20 1 1
github.com/e2eterraformprovider/terraform-provider-e2e/goe2e/vpc_tunnel.go:175.20,177.3 1 0
github.com/e2eterraformprovider/terraform-provider-e2e/goe2e/vpc_tunnel.go:179.2,182.16 3 1
github.com/e2eterraformprovider/terraform-provider-e2e/goe2e/vpc_tunnel.go:182.16,184.3 1 0
github.com/e2eterraformprovider/terraform-provider-e2e/goe2e/vpc_tunnel.go:186.2,187.16 2 1
github.com/e2eterraformprovider/terraform-provider-e2e/goe2e/vpc_tunnel.go:187.16,189.3 1 0
github.com/e2eterraformprovider/terraform-provider-e2e/goe2e/vpc_tunnel.go:191.2,191.18 1 1
github.com/e2eterraformprovider/terraform-provider-e2e/goe2e/vpc_tunnel.go:195.103,196.20 1 1
github.com/e2eterraformprovider/terraform-provider-e2e/goe2e/vpc_tunnel.go:196.20,198.3 1 0
github.com/e2eterraformprovider/terraform-provider-e2e/goe2e/vpc_tunnel.go:200.2,203.16 3 1
github.com/e2eterraformprovider/terraform-provider-e2e/goe2e/vpc_tunnel.go:203.16,205.3 1 0
github.com/e2eterraformprovider/terraform-provider-e2e/goe2e/vpc_tunnel.go:207.2,208.16 2 1
github.com/e2eterraformprovider/terraform-provider-e2e/goe2e/vpc_tunnel.go:208.16,210.3 1 0
github.com/e2eterraformprovider/terraform-provider-e2e/goe2e/vpc_tunnel.go:212.2,212.18 1 1
github.com/e2eterraformprovider/terraform-provider-e2e/e2e/dbaas_postgress/datasource_postgress.go:15.49,104.2 1 11
github.com/e2eterraformprovider/terraform-provider-e2e/e2e/dbaas_postgress/datasource_postgress.go:106.106,116.16 6 5
github.com/e2eterraformprovider/terraform-provider-e2e/e2e/dbaas_postgress/datasource_postgress.go:116.16,118.3 1 0
github.com/e2eterraformprovider/terraform-provider-e2e/e2e/dbaas_postgress/datasource_postgress.go:121.2,122.16 2 5
github.com/e2eterraformprovider/terraform-provider-e2e/e2e/dbaas_postgress/datasource_postgress.go:122.16,124.3 1 0
github.com/e2eterraformprovider/terraform-provider-e2e/e2e/dbaas_postgress/datasource_postgress.go:127.2,128.16 2 5
github.com/e2eterraformprovider/terraform-provider-e2e/e2e/dbaas_postgress/datasource_postgress.go:128.16,130.3 1 0
github.com/e2eterraformprovider/terraform-provider-e2e/e2e/dbaas_postgress/datasource_postgress.go:133.2,134.16 2 5
github.com/e2eterraformprovider/terraform-provider-e2e/e2e/dbaas_postgress/datasource_postgress.go:134.16,136.3 1 1
github.com/e2eterraformprovider/terraform-provider-e2e/e2e/dbaas_postgress/datasource_postgress.go:139.2,139.20 1 4
github.com/e2eterraformprovider/terraform-provider-e2e/e2e/dbaas_postgress/datasource_postgress.go:139.20,141.3 1 1
github.com/e2eterraformprovider/terraform-provider-e2e/e2e/dbaas_postgress/datasource_postgress.go:144.2,153.65 6 3
github.com/e2eterraformprovider/terraform-provider-e2e/e2e/dbaas_postgress/datasource_postgress.go:153.65,155.3 1 0
github.com/e2eterraformprovider/terraform-provider-e2e/e2e/dbaas_postgress/datasource_postgress.go:156.2,156.73 1 3
github.com/e2eterraformprovider/terraform-provider-e2e/e2e/dbaas_postgress/datasource_postgress.go:156.73,158.3 1 0
github.com/e2eterraformprovider/terraform-provider-e2e/e2e/dbaas_postgress/datasource_postgress.go:159.2,159.73 1 3
github.com/e2eterraformprovider/terraform-provider-e2e/e2e/dbaas_postgress/datasource_postgress.go:159.73,161.3 1 0
github.com/e2eterraformprovider/terraform-provider-e2e/e2e/dbaas_postgress/datasource_postgress.go:164.2,165.51 2 3
github.com/e2eterraformprovider/terraform-provider-e2e/e2e/dbaas_postgress/datasource_postgress.go:165.51,167.3 1 0
github.com/e2eterraformprovider/terraform-provider-e2e/e2e/dbaas_postgress/datasource_postgress.go:168.2,168.62 1 3
github.com/e2eterraformprovider/terraform-provider-e2e/e2e/dbaas_postgress/datasource_postgress.go:168.62,170.3 1 0
github.com/e2eterraformprovider/terraform-provider-e2e/e2e/dbaas_postgress/datasource_postgress.go:172.2,172.84 1 3
github.com/e2eterraformprovider/terraform-provider-e2e/e2e/dbaas_postgress/datasource_postgress.go:172.84,174.3 1 0
github.com/e2eterraformprovider/terraform-provider-e2e/e2e/dbaas_postgress/datasource_postgress.go:177.2,177.87 1 3
github.com/e2eterraformprovider/terraform-provider-e2e/e2e/dbaas_postgress/datasource_postgress.go:177.87,179.3 1 0
github.com/e2eterraformprovider/terraform-provider-e2e/e2e/dbaas_postgress/datasource_postgress.go:180.2,180.89 1 3
github.com/e2eterraformprovider/terraform-provider-e2e/e2e/dbaas_postgress/datasource_postgress.go:180.89,182.3 1 0
github.com/e2eterraformprovider/terraform-provider-e2e/e2e/dbaas_postgress/datasource_postgress.go:183.2,183.96 1 3
github.com/e2eterraformprovider/terraform-provider-e2e/e2e/dbaas_postgress/datasource_postgress.go:183.96,185.3 1 0
github.com/e2eterraformprovider/terraform-provider-e2e/e2e/dbaas_postgress/datasource_postgress.go:188.2,188.69 1 3
github.com/e2eterraformprovider/terraform-provider-e2e/e2e/dbaas_postgress/datasource_postgress.go:188.69,190.3 1 0
github.com/e2eterraformprovider/terraform-provider-e2e/e2e/dbaas_postgress/datasource_postgress.go:193.2,193.63 1 3
github.com/e2eterraformprovider/terraform-provider-e2e/e2e/dbaas_postgress/datasource_postgress.go:193.63,195.3 1 0
github.com/e2eterraformprovider/terraform-provider-e2e/e2e/dbaas_postgress/datasource_postgress.go:198.2,198.81 1 3
github.com/e2eterraformprovider/terraform-provider-e2e/e2e/dbaas_postgress/datasource_postgress.go:198.81,200.3 1 0
github.com/e2eterraformprovider/terraform-provider-e2e/e2e/dbaas_postgress/datasource_postgress.go:203.2,203.74 1 3
github.com/e2eterraformprovider/terraform-provider-e2e/e2e/dbaas_postgress/datasource_postgress.go:203.74,205.3 1 0
github.com/e2eterraformprovider/terraform-provider-e2e/e2e/dbaas_postgress/datasource_postgress.go:208.2,208.25 1 3
github.com/e2eterraformprovider/terraform-provider-e2e/e2e/dbaas_postgress/datasource_postgress.go:208.25,209.81 1 1
github.com/e2eterraformprovider/terraform-provider-e2e/e2e/dbaas_postgress/datasource_postgress.go:209.81,211.4 1 0
github.com/e2eterraformprovider/terraform-provider-e2e/e2e/dbaas_postgress/datasource_postgress.go:214.2,216.14 2 3
github.com/e2eterraformprovider/terraform-provider-e2e/e2e/dbaas_postgress/mocks.go:16.127,18.24 2 0
github.com/e2eterraformprovider/terraform-provider-e2e/e2e/dbaas_postgress/mocks.go:18.24,20.3 1 0
github.com/e2eterraformprovider/terraform-provider-e2e/e2e/dbaas_postgress/mocks.go:21.2,21.57 1 0
github.com/e2eterraformprovider/terraform-provider-e2e/e2e/dbaas_postgress/mocks.go:25.115,28.2 2 2
github.com/e2eterraformprovider/terraform-provider-e2e/e2e/dbaas_postgress/mocks.go:31.167,33.24 2 2
github.com/e2eterraformprovider/terraform-provider-e2e/e2e/dbaas_postgress/mocks.go:33.24,35.3 1 1
github.com/e2eterraformprovider/terraform-provider-e2e/e2e/dbaas_postgress/mocks.go:36.2,36.93 1 1
github.com/e2eterraformprovider/terraform-provider-e2e/e2e/dbaas_postgress/mocks.go:40.132,42.24 2 8
github.com/e2eterraformprovider/terraform-provider-e2e/e2e/dbaas_postgress/mocks.go:42.24,44.3 1 4
github.com/e2eterraformprovider/terraform-provider-e2e/e2e/dbaas_postgress/mocks.go:45.2,45.93 1 4
github.com/e2eterraformprovider/terraform-provider-e2e/e2e/dbaas_postgress/mocks.go:49.109,51.24 2 3
github.com/e2eterraformprovider/terraform-provider-e2e/e2e/dbaas_postgress/mocks.go:51.24,53.3 1 2
github.com/e2eterraformprovider/terraform-provider-e2e/e2e/dbaas_postgress/mocks.go:54.2,54.53 1 1
github.com/e2eterraformprovider/terraform-provider-e2e/e2e/dbaas_postgress/mocks.go:58.108,60.24 2 0
github.com/e2eterraformprovider/terraform-provider-e2e/e2e/dbaas_postgress/mocks.go:60.24,62.3 1 0
github.com/e2eterraformprovider/terraform-provider-e2e/e2e/dbaas_postgress/mocks.go:63.2,63.53 1 0
github.com/e2eterraformprovider/terraform-provider-e2e/e2e/dbaas_postgress/mocks.go:67.107,69.24 2 0
github.com/e2eterraformprovider/terraform-provider-e2e/e2e/dbaas_postgress/mocks.go:69.24,71.3 1 0
github.com/e2eterraformprovider/terraform-provider-e2e/e2e/dbaas_postgress/mocks.go:72.2,72.53 1 0
github.com/e2eterraformprovider/terraform-provider-e2e/e2e/dbaas_postgress/mocks.go:76.110,78.24 2 0
github.com/e2eterraformprovider/terraform-provider-e2e/e2e/dbaas_postgress/mocks.go:78.24,80.3 1 0
github.com/e2eterraformprovider/terraform-provider-e2e/e2e/dbaas_postgress/mocks.go:81.2,81.53 1 0
github.com/e2eterraformprovider/terraform-provider-e2e/e2e/dbaas_postgress/mocks.go:85.144,87.24 2 0
github.com/e2eterraformprovider/terraform-provider-e2e/e2e/dbaas_postgress/mocks.go:87.24,89.3 1 0
github.com/e2eterraformprovider/terraform-provider-e2e/e2e/dbaas_postgress/mocks.go:90.2,90.53 1 0
github.com/e2eterraformprovider/terraform-provider-e2e/e2e/dbaas_postgress/mocks.go:94.144,96.24 2 0
github.com/e2eterraformprovider/terraform-provider-e2e/e2e/dbaas_postgress/mocks.go:96.24,98.3 1 0
github.com/e2eterraformprovider/terraform-provider-e2e/e2e/dbaas_postgress/mocks.go:99.2,99.53 1 0
github.com/e2eterraformprovider/terraform-provider-e2e/e2e/dbaas_postgress/mocks.go:103.122,105.24 2 0
github.com/e2eterraformprovider/terraform-provider-e2e/e2e/dbaas_postgress/mocks.go:105.24,107.3 1 0
github.com/e2eterraformprovider/terraform-provider-e2e/e2e/dbaas_postgress/mocks.go:108.2,108.53 1 0
github.com/e2eterraformprovider/terraform-provider-e2e/e2e/dbaas_postgress/mocks.go:112.122,114.24 2 0
github.com/e2eterraformprovider/terraform-provider-e2e/e2e/dbaas_postgress/mocks.go:114.24,116.3 1 0
github.com/e2eterraformprovider/terraform-provider-e2e/e2e/dbaas_postgress/mocks.go:117.2,117.53 1 0
github.com/e2eterraformprovider/terraform-provider-e2e/e2e/dbaas_postgress/mocks.go:121.110,123.24 2 0
github.com/e2eterraformprovider/terraform-provider-e2e/e2e/dbaas_postgress/mocks.go:123.24,125.3 1 0
github.com/e2eterraformprovider/terraform-provider-e2e/e2e/dbaas_postgress/mocks.go:126.2,126.53 1 0
github.com/e2eterraformprovider/terraform-provider-e2e/e2e/dbaas_postgress/mocks.go:130.110,132.24 2 0
github.com/e2eterraformprovider/terraform-provider-e2e/e2e/dbaas_postgress/mocks.go:132.24,134.3 1 0
github.com/e2eterraformprovider/terraform-provider-e2e/e2e/dbaas_postgress/mocks.go:135.2,135.53 1 0
github.com/e2eterraformprovider/terraform-provider-e2e/e2e/dbaas_postgress/mocks.go:139.148,141.24 2 0
github.com/e2eterraformprovider/terraform-provider-e2e/e2e/dbaas_postgress/mocks.go:141.24,143.3 1 0
github.com/e2eterraformprovider/terraform-provider-e2e/e2e/dbaas_postgress/mocks.go:144.2,144.53 1 0
github.com/e2eterraformprovider/terraform-provider-e2e/e2e/dbaas_postgress/mocks.go:148.139,150.24 2 0
github.com/e2eterraformprovider/terraform-provider-e2e/e2e/dbaas_postgress/mocks.go:150.24,152.3 1 0
github.com/e2eterraformprovider/terraform-provider-e2e/e2e/dbaas_postgress/mocks.go:153.2,153.53 1 0
github.com/e2eterraformprovider/terraform-provider-e2e/e2e/dbaas_postgress/mocks.go:157.116,160.2 2 4
github.com/e2eterraformprovider/terraform-provider-e2e/e2e/dbaas_postgress/mocks.go:163.120,166.2 2 3
github.com/e2eterraformprovider/terraform-provider-e2e/e2e/dbaas_postgress/resource_postgress.go:19.47,257.2 1 26
github.com/e2eterraformprovider/terraform-provider-e2e/e2e/dbaas_postgress/resource_postgress.go:261.107,269.16 5 4
github.com/e2eterraformprovider/terraform-provider-e2e/e2e/dbaas_postgress/resource_postgress.go:269.16,271.3 1 0
github.com/e2eterraformprovider/terraform-provider-e2e/e2e/dbaas_postgress/resource_postgress.go:273.2,274.16 2 4
github.com/e2eterraformprovider/terraform-provider-e2e/e2e/dbaas_postgress/resource_postgress.go:274.16,276.3 1 0
github.com/e2eterraformprovider/terraform-provider-e2e/e2e/dbaas_postgress/resource_postgress.go:279.2,280.16 2 4
github.com/e2eterraformprovider/terraform-provider-e2e/e2e/dbaas_postgress/resource_postgress.go:280.16,282.3 1 0
github.com/e2eterraformprovider/terraform-provider-e2e/e2e/dbaas_postgress/resource_postgress.go:285.2,286.28 2 4
github.com/e2eterraformprovider/terraform-provider-e2e/e2e/dbaas_postgress/resource_postgress.go:286.28,288.3 1 0
github.com/e2eterraformprovider/terraform-provider-e2e/e2e/dbaas_postgress/resource_postgress.go:289.2,297.16 5 4
github.com/e2eterraformprovider/terraform-provider-e2e/e2e/dbaas_postgress/resource_postgress.go:297.16,299.3 1 1
github.com/e2eterraformprovider/terraform-provider-e2e/e2e/dbaas_postgress/resource_postgress.go:302.2,303.16 2 3
github.com/e2eterraformprovider/terraform-provider-e2e/e2e/dbaas_postgress/resource_postgress.go:303.16,305.3 1 1
github.com/e2eterraformprovider/terraform-provider-e2e/e2e/dbaas_postgress/resource_postgress.go:307.2,308.60 2 2
github.com/e2eterraformprovider/terraform-provider-e2e/e2e/dbaas_postgress/resource_postgress.go:308.60,311.3 2 0
github.com/e2eterraformprovider/terraform-provider-e2e/e2e/dbaas_postgress/resource_postgress.go:313.2,314.53 2 2
github.com/e2eterraformprovider/terraform-provider-e2e/e2e/dbaas_postgress/resource_postgress.go:314.53,315.49 1 0
github.com/e2eterraformprovider/terraform-provider-e2e/e2e/dbaas_postgress/resource_postgress.go:315.49,317.4 1 0
github.com/e2eterraformprovider/terraform-provider-e2e/e2e/dbaas_postgress/resource_postgress.go:321.2,323.21 3 2
github.com/e2eterraformprovider/terraform-provider-e2e/e2e/dbaas_postgress/resource_postgress.go:323.21,325.17 2 0
github.com/e2eterraformprovider/terraform-provider-e2e/e2e/dbaas_postgress/resource_postgress.go:325.17,327.4 1 0
github.com/e2eterraformprovider/terraform-provider-e2e/e2e/dbaas_postgress/resource_postgress.go:331.2,350.16 3 2
github.com/e2eterraformprovider/terraform-provider-e2e/e2e/dbaas_postgress/resource_postgress.go:350.16,352.3 1 1
github.com/e2eterraformprovider/terraform-provider-e2e/e2e/dbaas_postgress/resource_postgress.go:355.2,356.66 2 1
github.com/e2eterraformprovider/terraform-provider-e2e/e2e/dbaas_postgress/resource_postgress.go:356.66,358.3 1 0
github.com/e2eterraformprovider/terraform-provider-e2e/e2e/dbaas_postgress/resource_postgress.go:361.2,362.51 2 1
github.com/e2eterraformprovider/terraform-provider-e2e/e2e/dbaas_postgress/resource_postgress.go:362.51,364.3 1 0
github.com/e2eterraformprovider/terraform-provider-e2e/e2e/dbaas_postgress/resource_postgress.go:365.2,365.62 1 1
github.com/e2eterraformprovider/terraform-provider-e2e/e2e/dbaas_postgress/resource_postgress.go:365.62,367.3 1 0
github.com/e2eterraformprovider/terraform-provider-e2e/e2e/dbaas_postgress/resource_postgress.go:370.2,370.99 1 1
github.com/e2eterraformprovider/terraform-provider-e2e/e2e/dbaas_postgress/resource_postgress.go:370.99,372.3 1 0
github.com/e2eterraformprovider/terraform-provider-e2e/e2e/dbaas_postgress/resource_postgress.go:373.2,373.101 1 1
github.com/e2eterraformprovider/terraform-provider-e2e/e2e/dbaas_postgress/resource_postgress.go:373.101,375.3 1 0
github.com/e2eterraformprovider/terraform-provider-e2e/e2e/dbaas_postgress/resource_postgress.go:376.2,376.77 1 1
github.com/e2eterraformprovider/terraform-provider-e2e/e2e/dbaas_postgress/resource_postgress.go:376.77,378.3 1 0
github.com/e2eterraformprovider/terraform-provider-e2e/e2e/dbaas_postgress/resource_postgress.go:379.2,379.77 1 1
github.com/e2eterraformprovider/terraform-provider-e2e/e2e/dbaas_postgress/resource_postgress.go:379.77,381.3 1 0
github.com/e2eterraformprovider/terraform-provider-e2e/e2e/dbaas_postgress/resource_postgress.go:383.2,383.96 1 1
github.com/e2eterraformprovider/terraform-provider-e2e/e2e/dbaas_postgress/resource_postgress.go:383.96,385.3 1 0
github.com/e2eterraformprovider/terraform-provider-e2e/e2e/dbaas_postgress/resource_postgress.go:387.2,389.14 2 1
github.com/e2eterraformprovider/terraform-provider-e2e/e2e/dbaas_postgress/resource_postgress.go:394.105,401.21 5 3
github.com/e2eterraformprovider/terraform-provider-e2e/e2e/dbaas_postgress/resource_postgress.go:401.21,403.3 1 0
github.com/e2eterraformprovider/terraform-provider-e2e/e2e/dbaas_postgress/resource_postgress.go:405.2,406.16 2 3
github.com/e2eterraformprovider/terraform-provider-e2e/e2e/dbaas_postgress/resource_postgress.go:406.16,408.3 1 0
github.com/e2eterraformprovider/terraform-provider-e2e/e2e/dbaas_postgress/resource_postgress.go:410.2,411.16 2 3
github.com/e2eterraformprovider/terraform-provider-e2e/e2e/dbaas_postgress/resource_postgress.go:411.16,413.3 1 0
github.com/e2eterraformprovider/terraform-provider-e2e/e2e/dbaas_postgress/resource_postgress.go:416.2,417.16 2 3
github.com/e2eterraformprovider/terraform-provider-e2e/e2e/dbaas_postgress/resource_postgress.go:417.16,419.3 1 0
github.com/e2eterraformprovider/terraform-provider-e2e/e2e/dbaas_postgress/resource_postgress.go:422.2,423.16 2 3
github.com/e2eterraformprovider/terraform-provider-e2e/e2e/dbaas_postgress/resource_postgress.go:423.16,425.3 1 1
github.com/e2eterraformprovider/terraform-provider-e2e/e2e/dbaas_postgress/resource_postgress.go:428.2,428.20 1 2
github.com/e2eterraformprovider/terraform-provider-e2e/e2e/dbaas_postgress/resource_postgress.go:428.20,431.3 2 1
github.com/e2eterraformprovider/terraform-provider-e2e/e2e/dbaas_postgress/resource_postgress.go:434.2,435.62 2 1
github.com/e2eterraformprovider/terraform-provider-e2e/e2e/dbaas_postgress/resource_postgress.go:435.62,437.3 1 1
github.com/e2eterraformprovider/terraform-provider-e2e/e2e/dbaas_postgress/resource_postgress.go:440.2,440.66 1 0
github.com/e2eterraformprovider/terraform-provider-e2e/e2e/dbaas_postgress/resource_postgress.go:440.66,442.3 1 0
github.com/e2eterraformprovider/terraform-provider-e2e/e2e/dbaas_postgress/resource_postgress.go:445.2,446.51 2 0
github.com/e2eterraformprovider/terraform-provider-e2e/e2e/dbaas_postgress/resource_postgress.go:446.51,448.3 1 0
github.com/e2eterraformprovider/terraform-provider-e2e/e2e/dbaas_postgress/resource_postgress.go:449.2,449.62 1 0
github.com/e2eterraformprovider/terraform-provider-e2e/e2e/dbaas_postgress/resource_postgress.go:449.62,451.3 1 0
github.com/e2eterraformprovider/terraform-provider-e2e/e2e/dbaas_postgress/resource_postgress.go:453.2,453.80 1 0
github.com/e2eterraformprovider/terraform-provider-e2e/e2e/dbaas_postgress/resource_postgress.go:453.80,455.3 1 0
github.com/e2eterraformprovider/terraform-provider-e2e/e2e/dbaas_postgress/resource_postgress.go:456.2,456.84 1 0
github.com/e2eterraformprovider/terraform-provider-e2e/e2e/dbaas_postgress/resource_postgress.go:456.84,458.3 1 0
github.com/e2eterraformprovider/terraform-provider-e2e/e2e/dbaas_postgress/resource_postgress.go:459.2,459.82 1 0
github.com/e2eterraformprovider/terraform-provider-e2e/e2e/dbaas_postgress/resource_postgress.go:459.82,461.3 1 0
github.com/e2eterraformprovider/terraform-provider-e2e/e2e/dbaas_postgress/resource_postgress.go:462.2,462.80 1 0
github.com/e2eterraformprovider/terraform-provider-e2e/e2e/dbaas_postgress/resource_postgress.go:462.80,464.3 1 0
github.com/e2eterraformprovider/terraform-provider-e2e/e2e/dbaas_postgress/resource_postgress.go:465.2,465.84 1 0
github.com/e2eterraformprovider/terraform-provider-e2e/e2e/dbaas_postgress/resource_postgress.go:465.84,467.3 1 0
github.com/e2eterraformprovider/terraform-provider-e2e/e2e/dbaas_postgress/resource_postgress.go:468.2,468.94 1 0
github.com/e2eterraformprovider/terraform-provider-e2e/e2e/dbaas_postgress/resource_postgress.go:468.94,470.3 1 0
github.com/e2eterraformprovider/terraform-provider-e2e/e2e/dbaas_postgress/resource_postgress.go:471.2,471.92 1 0
github.com/e2eterraformprovider/terraform-provider-e2e/e2e/dbaas_postgress/resource_postgress.go:471.92,473.3 1 0
github.com/e2eterraformprovider/terraform-provider-e2e/e2e/dbaas_postgress/resource_postgress.go:474.2,474.96 1 0
github.com/e2eterraformprovider/terraform-provider-e2e/e2e/dbaas_postgress/resource_postgress.go:474.96,476.3 1 0
github.com/e2eterraformprovider/terraform-provider-e2e/e2e/dbaas_postgress/resource_postgress.go:479.2,479.99 1 0
github.com/e2eterraformprovider/terraform-provider-e2e/e2e/dbaas_postgress/resource_postgress.go:479.99,481.3 1 0
github.com/e2eterraformprovider/terraform-provider-e2e/e2e/dbaas_postgress/resource_postgress.go:482.2,482.101 1 0
github.com/e2eterraformprovider/terraform-provider-e2e/e2e/dbaas_postgress/resource_postgress.go:482.101,484.3 1 0
github.com/e2eterraformprovider/terraform-provider-e2e/e2e/dbaas_postgress/resource_postgress.go:485.2,485.77 1 0
github.com/e2eterraformprovider/terraform-provider-e2e/e2e/dbaas_postgress/resource_postgress.go:485.77,487.3 1 0
github.com/e2eterraformprovider/terraform-provider-e2e/e2e/dbaas_postgress/resource_postgress.go:488.2,488.77 1 0
github.com/e2eterraformprovider/terraform-provider-e2e/e2e/dbaas_postgress/resource_postgress.go:488.77,490.3 1 0
github.com/e2eterraformprovider/terraform-provider-e2e/e2e/dbaas_postgress/resource_postgress.go:493.2,493.82 1 0
github.com/e2eterraformprovider/terraform-provider-e2e/e2e/dbaas_postgress/resource_postgress.go:493.82,495.3 1 0
github.com/e2eterraformprovider/terraform-provider-e2e/e2e/dbaas_postgress/resource_postgress.go:496.2,496.97 1 0
github.com/e2eterraformprovider/terraform-provider-e2e/e2e/dbaas_postgress/resource_postgress.go:496.97,498.3 1 0
github.com/e2eterraformprovider/terraform-provider-e2e/e2e/dbaas_postgress/resource_postgress.go:501.2,501.50 1 0
github.com/e2eterraformprovider/terraform-provider-e2e/e2e/dbaas_postgress/resource_postgress.go:501.50,502.106 1 0
github.com/e2eterraformprovider/terraform-provider-e2e/e2e/dbaas_postgress/resource_postgress.go:502.106,504.4 1 0
github.com/e2eterraformprovider/terraform-provider-e2e/e2e/dbaas_postgress/resource_postgress.go:507.2,509.14 2 0
github.com/e2eterraformprovider/terraform-provider-e2e/e2e/dbaas_postgress/resource_postgress.go:515.107,519.21 3 0
github.com/e2eterraformprovider/terraform-provider-e2e/e2e/dbaas_postgress/resource_postgress.go:519.21,521.3 1 0
github.com/e2eterraformprovider/terraform-provider-e2e/e2e/dbaas_postgress/resource_postgress.go:522.2,522.21 1 0
github.com/e2eterraformprovider/terraform-provider-e2e/e2e/dbaas_postgress/resource_postgress.go:522.21,524.3 1 0
github.com/e2eterraformprovider/terraform-provider-e2e/e2e/dbaas_postgress/resource_postgress.go:526.2,527.16 2 0
github.com/e2eterraformprovider/terraform-provider-e2e/e2e/dbaas_postgress/resource_postgress.go:527.16,529.3 1 0
github.com/e2eterraformprovider/terraform-provider-e2e/e2e/dbaas_postgress/resource_postgress.go:531.2,532.16 2 0
github.com/e2eterraformprovider/terraform-provider-e2e/e2e/dbaas_postgress/resource_postgress.go:532.16,534.3 1 0
github.com/e2eterraformprovider/terraform-provider-e2e/e2e/dbaas_postgress/resource_postgress.go:537.2,538.16 2 0
github.com/e2eterraformprovider/terraform-provider-e2e/e2e/dbaas_postgress/resource_postgress.go:538.16,540.3 1 0
github.com/e2eterraformprovider/terraform-provider-e2e/e2e/dbaas_postgress/resource_postgress.go:543.2,543.41 1 0
github.com/e2eterraformprovider/terraform-provider-e2e/e2e/dbaas_postgress/resource_postgress.go:543.41,549.58 4 0
github.com/e2eterraformprovider/terraform-provider-e2e/e2e/dbaas_postgress/resource_postgress.go:549.58,551.4 1 0
github.com/e2eterraformprovider/terraform-provider-e2e/e2e/dbaas_postgress/resource_postgress.go:553.3,555.37 2 0
github.com/e2eterraformprovider/terraform-provider-e2e/e2e/dbaas_postgress/resource_postgress.go:556.79,558.18 2 0
github.com/e2eterraformprovider/terraform-provider-e2e/e2e/dbaas_postgress/resource_postgress.go:558.18,560.5 1 0
github.com/e2eterraformprovider/terraform-provider-e2e/e2e/dbaas_postgress/resource_postgress.go:561.4,561.76 1 0
github.com/e2eterraformprovider/terraform-provider-e2e/e2e/dbaas_postgress/resource_postgress.go:562.42,564.18 2 0
github.com/e2eterraformprovider/terraform-provider-e2e/e2e/dbaas_postgress/resource_postgress.go:564.18,566.5 1 0
github.com/e2eterraformprovider/terraform-provider-e2e/e2e/dbaas_postgress/resource_postgress.go:567.4,567.76 1 0
github.com/e2eterraformprovider/terraform-provider-e2e/e2e/dbaas_postgress/resource_postgress.go:568.45,570.18 2 0
github.com/e2eterraformprovider/terraform-provider-e2e/e2e/dbaas_postgress/resource_postgress.go:570.18,572.5 1 0
github.com/e2eterraformprovider/terraform-provider-e2e/e2e/dbaas_postgress/resource_postgress.go:573.4,573.78 1 0
github.com/e2eterraformprovider/terraform-provider-e2e/e2e/dbaas_postgress/resource_postgress.go:574.11,575.76 1 0
github.com/e2eterraformprovider/terraform-provider-e2e/e2e/dbaas_postgress/resource_postgress.go:580.2,580.51 1 0
github.com/e2eterraformprovider/terraform-provider-e2e/e2e/dbaas_postgress/resource_postgress.go:580.51,585.58 3 0
github.com/e2eterraformprovider/terraform-provider-e2e/e2e/dbaas_postgress/resource_postgress.go:585.58,589.4 3 0
github.com/e2eterraformprovider/terraform-provider-e2e/e2e/dbaas_postgress/resource_postgress.go:591.3,593.13 2 0
github.com/e2eterraformprovider/terraform-provider-e2e/e2e/dbaas_postgress/resource_postgress.go:593.13,595.18 2 0
github.com/e2eterraformprovider/terraform-provider-e2e/e2e/dbaas_postgress/resource_postgress.go:595.18,599.5 3 0
github.com/e2eterraformprovider/terraform-provider-e2e/e2e/dbaas_postgress/resource_postgress.go:600.4,600.90 1 0
github.com/e2eterraformprovider/terraform-provider-e2e/e2e/dbaas_postgress/resource_postgress.go:601.9,603.18 2 0
github.com/e2eterraformprovider/terraform-provider-e2e/e2e/dbaas_postgress/resource_postgress.go:603.18,607.5 3 0
github.com/e2eterraformprovider/terraform-provider-e2e/e2e/dbaas_postgress/resource_postgress.go:608.4,608.92 1 0
github.com/e2eterraformprovider/terraform-provider-e2e/e2e/dbaas_postgress/resource_postgress.go:612.2,612.44 1 0
github.com/e2eterraformprovider/terraform-provider-e2e/e2e/dbaas_postgress/resource_postgress.go:612.44,616.3 3 0
github.com/e2eterraformprovider/terraform-provider-e2e/e2e/dbaas_postgress/resource_postgress.go:619.2,619.39 1 0
github.com/e2eterraformprovider/terraform-provider-e2e/e2e/dbaas_postgress/resource_postgress.go:619.39,623.58 2 0
github.com/e2eterraformprovider/terraform-provider-e2e/e2e/dbaas_postgress/resource_postgress.go:623.58,627.4 3 0
github.com/e2eterraformprovider/terraform-provider-e2e/e2e/dbaas_postgress/resource_postgress.go:629.3,635.36 5 0
github.com/e2eterraformprovider/terraform-provider-e2e/e2e/dbaas_postgress/resource_postgress.go:635.36,637.4 1 0
github.com/e2eterraformprovider/terraform-provider-e2e/e2e/dbaas_postgress/resource_postgress.go:639.3,640.36 2 0
github.com/e2eterraformprovider/terraform-provider-e2e/e2e/dbaas_postgress/resource_postgress.go:640.36,642.4 1 0
github.com/e2eterraformprovider/terraform-provider-e2e/e2e/dbaas_postgress/resource_postgress.go:645.3,646.33 2 0
github.com/e2eterraformprovider/terraform-provider-e2e/e2e/dbaas_postgress/resource_postgress.go:646.33,648.4 1 0
github.com/e2eterraformprovider/terraform-provider-e2e/e2e/dbaas_postgress/resource_postgress.go:650.3,651.33 2 0
github.com/e2eterraformprovider/terraform-provider-e2e/e2e/dbaas_postgress/resource_postgress.go:651.33,653.37 2 0
github.com/e2eterraformprovider/terraform-provider-e2e/e2e/dbaas_postgress/resource_postgress.go:653.37,654.22 1 0
github.com/e2eterraformprovider/terraform-provider-e2e/e2e/dbaas_postgress/resource_postgress.go:654.22,656.11 2 0
github.com/e2eterraformprovider/terraform-provider-e2e/e2e/dbaas_postgress/resource_postgress.go:659.4,659.14 1 0
github.com/e2eterraformprovider/terraform-provider-e2e/e2e/dbaas_postgress/resource_postgress.go:659.14,661.5 1 0
github.com/e2eterraformprovider/terraform-provider-e2e/e2e/dbaas_postgress/resource_postgress.go:665.3,666.33 2 0
github.com/e2eterraformprovider/terraform-provider-e2e/e2e/dbaas_postgress/resource_postgress.go:666.33,667.20 1 0
github.com/e2eterraformprovider/terraform-provider-e2e/e2e/dbaas_postgress/resource_postgress.go:667.20,669.5 1 0
github.com/e2eterraformprovider/terraform-provider-e2e/e2e/dbaas_postgress/resource_postgress.go:673.3,673.24 1 0
github.com/e2eterraformprovider/terraform-provider-e2e/e2e/dbaas_postgress/resource_postgress.go:673.24,676.18 3 0
github.com/e2eterraformprovider/terraform-provider-e2e/e2e/dbaas_postgress/resource_postgress.go:676.18,680.5 3 0
github.com/e2eterraformprovider/terraform-provider-e2e/e2e/dbaas_postgress/resource_postgress.go:682.4,688.18 3 0
github.com/e2eterraformprovider/terraform-provider-e2e/e2e/dbaas_postgress/resource_postgress.go:688.18,692.5 3 0
github.com/e2eterraformprovider/terraform-provider-e2e/e2e/dbaas_postgress/resource_postgress.go:696.3,696.24 1 0
github.com/e2eterraformprovider/terraform-provider-e2e/e2e/dbaas_postgress/resource_postgress.go:696.24,699.18 3 0
github.com/e2eterraformprovider/terraform-provider-e2e/e2e/dbaas_postgress/resource_postgress.go:699.18,703.5 3 0
github.com/e2eterraformprovider/terraform-provider-e2e/e2e/dbaas_postgress/resource_postgress.go:705.4,711.18 3 0
github.com/e2eterraformprovider/terraform-provider-e2e/e2e/dbaas_postgress/resource_postgress.go:711.18,715.5 3 0
github.com/e2eterraformprovider/terraform-provider-e2e/e2e/dbaas_postgress/resource_postgress.go:720.2,720.51 1 0
github.com/e2eterraformprovider/terraform-provider-e2e/e2e/dbaas_postgress/resource_postgress.go:720.51,726.20 5 0
github.com/e2eterraformprovider/terraform-provider-e2e/e2e/dbaas_postgress/resource_postgress.go:726.20,728.4 1 0
github.com/e2eterraformprovider/terraform-provider-e2e/e2e/dbaas_postgress/resource_postgress.go:729.3,729.20 1 0
github.com/e2eterraformprovider/terraform-provider-e2e/e2e/dbaas_postgress/resource_postgress.go:729.20,731.4 1 0
github.com/e2eterraformprovider/terraform-provider-e2e/e2e/dbaas_postgress/resource_postgress.go:734.3,734.58 1 0
github.com/e2eterraformprovider/terraform-provider-e2e/e2e/dbaas_postgress/resource_postgress.go:734.58,737.4 2 0
github.com/e2eterraformprovider/terraform-provider-e2e/e2e/dbaas_postgress/resource_postgress.go:739.3,741.10 2 0
github.com/e2eterraformprovider/terraform-provider-e2e/e2e/dbaas_postgress/resource_postgress.go:742.37,745.18 2 0
github.com/e2eterraformprovider/terraform-provider-e2e/e2e/dbaas_postgress/resource_postgress.go:745.18,748.5 2 0
github.com/e2eterraformprovider/terraform-provider-e2e/e2e/dbaas_postgress/resource_postgress.go:749.4,749.110 1 0
github.com/e2eterraformprovider/terraform-provider-e2e/e2e/dbaas_postgress/resource_postgress.go:750.43,753.18 2 0
github.com/e2eterraformprovider/terraform-provider-e2e/e2e/dbaas_postgress/resource_postgress.go:753.18,756.5 2 0
github.com/e2eterraformprovider/terraform-provider-e2e/e2e/dbaas_postgress/resource_postgress.go:757.4,757.108 1 0
github.com/e2eterraformprovider/terraform-provider-e2e/e2e/dbaas_postgress/resource_postgress.go:762.2,762.39 1 0
github.com/e2eterraformprovider/terraform-provider-e2e/e2e/dbaas_postgress/resource_postgress.go:762.39,769.57 5 0
github.com/e2eterraformprovider/terraform-provider-e2e/e2e/dbaas_postgress/resource_postgress.go:769.57,771.4 1 0
github.com/e2eterraformprovider/terraform-provider-e2e/e2e/dbaas_postgress/resource_postgress.go:773.3,773.59 1 0
github.com/e2eterraformprovider/terraform-provider-e2e/e2e/dbaas_postgress/resource_postgress.go:773.59,776.4 2 0
github.com/e2eterraformprovider/terraform-provider-e2e/e2e/dbaas_postgress/resource_postgress.go:779.3,780.17 2 0
github.com/e2eterraformprovider/terraform-provider-e2e/e2e/dbaas_postgress/resource_postgress.go:780.17,783.4 2 0
github.com/e2eterraformprovider/terraform-provider-e2e/e2e/dbaas_postgress/resource_postgress.go:786.3,787.17 2 0
github.com/e2eterraformprovider/terraform-provider-e2e/e2e/dbaas_postgress/resource_postgress.go:787.17,790.4 2 0
github.com/e2eterraformprovider/terraform-provider-e2e/e2e/dbaas_postgress/resource_postgress.go:792.3,799.17 4 0
github.com/e2eterraformprovider/terraform-provider-e2e/e2e/dbaas_postgress/resource_postgress.go:799.17,802.4 2 0
github.com/e2eterraformprovider/terraform-provider-e2e/e2e/dbaas_postgress/resource_postgress.go:804.3,804.85 1 0
github.com/e2eterraformprovider/terraform-provider-e2e/e2e/dbaas_postgress/resource_postgress.go:808.2,808.39 1 0
github.com/e2eterraformprovider/terraform-provider-e2e/e2e/dbaas_postgress/resource_postgress.go:808.39,812.57 3 0
github.com/e2eterraformprovider/terraform-provider-e2e/e2e/dbaas_postgress/resource_postgress.go:812.57,814.4 1 0
github.com/e2eterraformprovider/terraform-provider-e2e/e2e/dbaas_postgress/resource_postgress.go:816.3,816.59 1 0
github.com/e2eterraformprovider/terraform-provider-e2e/e2e/dbaas_postgress/resource_postgress.go:816.59,819.4 2 0
github.com/e2eterraformprovider/terraform-provider-e2e/e2e/dbaas_postgress/resource_postgress.go:821.3,822.10 2 0
github.com/e2eterraformprovider/terraform-provider-e2e/e2e/dbaas_postgress/resource_postgress.go:822.10,825.4 2 0
github.com/e2eterraformprovider/terraform-provider-e2e/e2e/dbaas_postgress/resource_postgress.go:827.3,831.22 3 0
github.com/e2eterraformprovider/terraform-provider-e2e/e2e/dbaas_postgress/resource_postgress.go:831.22,833.4 1 0
github.com/e2eterraformprovider/terraform-provider-e2e/e2e/dbaas_postgress/resource_postgress.go:834.3,836.26 2 0
github.com/e2eterraformprovider/terraform-provider-e2e/e2e/dbaas_postgress/resource_postgress.go:836.26,839.4 2 0
github.com/e2eterraformprovider/terraform-provider-e2e/e2e/dbaas_postgress/resource_postgress.go:841.3,846.17 3 0
github.com/e2eterraformprovider/terraform-provider-e2e/e2e/dbaas_postgress/resource_postgress.go:846.17,849.4 2 0
github.com/e2eterraformprovider/terraform-provider-e2e/e2e/dbaas_postgress/resource_postgress.go:851.3,851.110 1 0
github.com/e2eterraformprovider/terraform-provider-e2e/e2e/dbaas_postgress/resource_postgress.go:857.2,857.41 1 0
github.com/e2eterraformprovider/terraform-provider-e2e/e2e/dbaas_postgress/resource_postgress.go:862.107,867.21 4 3
github.com/e2eterraformprovider/terraform-provider-e2e/e2e/dbaas_postgress/resource_postgress.go:867.21,869.3 1 0
github.com/e2eterraformprovider/terraform-provider-e2e/e2e/dbaas_postgress/resource_postgress.go:870.2,870.21 1 3
github.com/e2eterraformprovider/terraform-provider-e2e/e2e/dbaas_postgress/resource_postgress.go:870.21,872.3 1 0
github.com/e2eterraformprovider/terraform-provider-e2e/e2e/dbaas_postgress/resource_postgress.go:874.2,875.16 2 3
github.com/e2eterraformprovider/terraform-provider-e2e/e2e/dbaas_postgress/resource_postgress.go:875.16,877.3 1 0
github.com/e2eterraformprovider/terraform-provider-e2e/e2e/dbaas_postgress/resource_postgress.go:879.2,880.16 2 3
github.com/e2eterraformprovider/terraform-provider-e2e/e2e/dbaas_postgress/resource_postgress.go:880.16,882.3 1 0
github.com/e2eterraformprovider/terraform-provider-e2e/e2e/dbaas_postgress/resource_postgress.go:885.2,886.16 2 3
github.com/e2eterraformprovider/terraform-provider-e2e/e2e/dbaas_postgress/resource_postgress.go:886.16,888.3 1 0
github.com/e2eterraformprovider/terraform-provider-e2e/e2e/dbaas_postgress/resource_postgress.go:891.2,892.50 2 3
github.com/e2eterraformprovider/terraform-provider-e2e/e2e/dbaas_postgress/resource_postgress.go:892.50,894.3 1 0
github.com/e2eterraformprovider/terraform-provider-e2e/e2e/dbaas_postgress/resource_postgress.go:897.2,898.16 2 3
github.com/e2eterraformprovider/terraform-provider-e2e/e2e/dbaas_postgress/resource_postgress.go:898.16,901.33 2 2
github.com/e2eterraformprovider/terraform-provider-e2e/e2e/dbaas_postgress/resource_postgress.go:901.33,905.4 3 1
github.com/e2eterraformprovider/terraform-provider-e2e/e2e/dbaas_postgress/resource_postgress.go:906.3,906.149 1 1
github.com/e2eterraformprovider/terraform-provider-e2e/e2e/dbaas_postgress/resource_postgress.go:909.2,912.14 3 1
github.com/e2eterraformprovider/terraform-provider-e2e/e2e/dbaas_postgress/resource_postgress.go:917.120,919.21 2 8
github.com/e2eterraformprovider/terraform-provider-e2e/e2e/dbaas_postgress/resource_postgress.go:919.21,921.3 1 2
github.com/e2eterraformprovider/terraform-provider-e2e/e2e/dbaas_postgress/resource_postgress.go:923.2,926.68 3 6
github.com/e2eterraformprovider/terraform-provider-e2e/e2e/dbaas_postgress/resource_postgress.go:926.68,928.3 1 4
github.com/e2eterraformprovider/terraform-provider-e2e/e2e/dbaas_postgress/resource_postgress.go:929.2,931.39 2 2
github.com/e2eterraformprovider/terraform-provider-e2e/e2e/dbaas_postgress/resource_postgress.go:935.54,1091.2 1 26
github.com/e2eterraformprovider/terraform-provider-e2e/e2e/dbaas_postgress/resource_postgress.go:1099.35,1101.44 1 21
github.com/e2eterraformprovider/terraform-provider-e2e/e2e/dbaas_postgress/resource_postgress.go:1101.44,1103.3 1 20
github.com/e2eterraformprovider/terraform-provider-e2e/e2e/dbaas_postgress/resource_postgress.go:1106.2,1106.97 1 21
github.com/e2eterraformprovider/terraform-provider-e2e/e2e/dbaas_postgress/resource_postgress.go:1106.97,1109.3 1 3
github.com/e2eterraformprovider/terraform-provider-e2e/e2e/dbaas_postgress/resource_postgress.go:1112.2,1112.93 1 21
github.com/e2eterraformprovider/terraform-provider-e2e/e2e/dbaas_postgress/resource_postgress.go:1112.93,1114.46 1 4
github.com/e2eterraformprovider/terraform-provider-e2e/e2e/dbaas_postgress/resource_postgress.go:1114.46,1116.4 1 3
github.com/e2eterraformprovider/terraform-provider-e2e/e2e/dbaas_postgress/resource_postgress.go:1120.2,1120.87 1 21
github.com/e2eterraformprovider/terraform-provider-e2e/e2e/dbaas_postgress/resource_postgress.go:1120.87,1123.77 2 7
github.com/e2eterraformprovider/terraform-provider-e2e/e2e/dbaas_postgress/resource_postgress.go:1123.77,1124.26 1 5
github.com/e2eterraformprovider/terraform-provider-e2e/e2e/dbaas_postgress/resource_postgress.go:1125.43,1126.47 1 2
github.com/e2eterraformprovider/terraform-provider-e2e/e2e/dbaas_postgress/resource_postgress.go:1127.42,1128.49 1 1
github.com/e2eterraformprovider/terraform-provider-e2e/e2e/dbaas_postgress/resource_postgress.go:1129.45,1130.50 1 1
github.com/e2eterraformprovider/terraform-provider-e2e/e2e/dbaas_postgress/resource_postgress.go:1131.12,1132.28 1 1
github.com/e2eterraformprovider/terraform-provider-e2e/e2e/dbaas_postgress/resource_postgress.go:1134.4,1134.20 1 5
github.com/e2eterraformprovider/terraform-provider-e2e/e2e/dbaas_postgress/resource_postgress.go:1134.20,1136.5 1 5
github.com/e2eterraformprovider/terraform-provider-e2e/e2e/dbaas_postgress/resource_postgress.go:1141.2,1143.22 2 21
github.com/e2eterraformprovider/terraform-provider-e2e/e2e/dbaas_postgress/sweep.go:12.13,21.2 1 1
github.com/e2eterraformprovider/terraform-provider-e2e/e2e/dbaas_postgress/sweep.go:23.48,68.2 3 0
github.com/e2eterraformprovider/terraform-provider-e2e/e2e/util/errors.go:9.38,10.16 1 21
github.com/e2eterraformprovider/terraform-provider-e2e/e2e/util/errors.go:10.16,12.3 1 1
github.com/e2eterraformprovider/terraform-provider-e2e/e2e/util/errors.go:15.2,18.62 2 20
github.com/e2eterraformprovider/terraform-provider-e2e/e2e/util/schema.go:10.85,11.28 1 11
github.com/e2eterraformprovider/terraform-provider-e2e/e2e/util/schema.go:11.28,12.43 1 15
github.com/e2eterraformprovider/terraform-provider-e2e/e2e/util/schema.go:12.43,14.4 1 3
github.com/e2eterraformprovider/terraform-provider-e2e/e2e/util/schema.go:16.2,16.12 1 8
github.com/e2eterraformprovider/terraform-provider-e2e/e2e/util/set.go:12.92,14.31 2 7
github.com/e2eterraformprovider/terraform-provider-e2e/e2e/util/set.go:14.31,15.23 1 15
github.com/e2eterraformprovider/terraform-provider-e2e/e2e/util/set.go:15.23,17.4 1 7
github.com/e2eterraformprovider/terraform-provider-e2e/e2e/util/set.go:20.2,21.31 2 7
github.com/e2eterraformprovider/terraform-provider-e2e/e2e/util/set.go:21.31,22.23 1 14
github.com/e2eterraformprovider/terraform-provider-e2e/e2e/util/set.go:22.23,24.4 1 6
github.com/e2eterraformprovider/terraform-provider-e2e/e2e/util/set.go:27.2,27.20 1 7
github.com/e2eterraformprovider/terraform-provider-e2e/e2e/util/wait.go:42.9,43.16 1 34
github.com/e2eterraformprovider/terraform-provider-e2e/e2e/util/wait.go:43.16,45.3 1 1
github.com/e2eterraformprovider/terraform-provider-e2e/e2e/util/wait.go:46.2,46.21 1 34
github.com/e2eterraformprovider/terraform-provider-e2e/e2e/util/wait.go:46.21,48.3 1 1
github.com/e2eterraformprovider/terraform-provider-e2e/e2e/util/wait.go:49.2,49.25 1 34
github.com/e2eterraformprovider/terraform-provider-e2e/e2e/util/wait.go:49.25,51.3 1 31
github.com/e2eterraformprovider/terraform-provider-e2e/e2e/util/wait.go:53.2,64.12 3 34
github.com/e2eterraformprovider/terraform-provider-e2e/e2e/util/wait.go:73.118,76.53 2 0
github.com/e2eterraformprovider/terraform-provider-e2e/e2e/util/wait.go:76.53,80.17 3 0
github.com/e2eterraformprovider/terraform-provider-e2e/e2e/util/wait.go:80.17,82.4 1 0
github.com/e2eterraformprovider/terraform-provider-e2e/e2e/util/wait.go:84.3,84.16 1 0
github.com/e2eterraformprovider/terraform-provider-e2e/e2e/util/wait.go:84.16,86.4 1 0
github.com/e2eterraformprovider/terraform-provider-e2e/e2e/util/wait.go:88.3,91.98 2 0
github.com/e2eterraformprovider/terraform-provider-e2e/e2e/util/wait.go:91.98,93.4 1 0
github.com/e2eterraformprovider/terraform-provider-e2e/e2e/util/wait.go:95.3,95.28 1 0
github.com/e2eterraformprovider/terraform-provider-e2e/e2e/util/wait.go:98.2,109.16 2 0
github.com/e2eterraformprovider/terraform-provider-e2e/e2e/util/wait.go:109.16,111.3 1 0
github.com/e2eterraformprovider/terraform-provider-e2e/e2e/util/wait.go:113.2,114.12 2 0
github.com/e2eterraformprovider/terraform-provider-e2e/e2e/util/wait.go:124.97,127.16 3 0
github.com/e2eterraformprovider/terraform-provider-e2e/e2e/util/wait.go:127.16,129.3 1 0
github.com/e2eterraformprovider/terraform-provider-e2e/e2e/util/wait.go:131.2,134.53 3 0
github.com/e2eterraformprovider/terraform-provider-e2e/e2e/util/wait.go:134.53,138.17 3 0
github.com/e2eterraformprovider/terraform-provider-e2e/e2e/util/wait.go:138.17,139.28 1 0
github.com/e2eterraformprovider/terraform-provider-e2e/e2e/util/wait.go:139.28,142.5 2 0
github.com/e2eterraformprovider/terraform-provider-e2e/e2e/util/wait.go:143.4,143.64 1 0
github.com/e2eterraformprovider/terraform-provider-e2e/e2e/util/wait.go:146.3,146.18 1 0
github.com/e2eterraformprovider/terraform-provider-e2e/e2e/util/wait.go:146.18,148.4 1 0
github.com/e2eterraformprovider/terraform-provider-e2e/e2e/util/wait.go:150.3,151.19 2 0
github.com/e2eterraformprovider/terraform-provider-e2e/e2e/util/wait.go:151.19,153.4 1 0
github.com/e2eterraformprovider/terraform-provider-e2e/e2e/util/wait.go:155.3,158.48 2 0
github.com/e2eterraformprovider/terraform-provider-e2e/e2e/util/wait.go:158.48,160.4 1 0
github.com/e2eterraformprovider/terraform-provider-e2e/e2e/util/wait.go:162.3,162.27 1 0
github.com/e2eterraformprovider/terraform-provider-e2e/e2e/util/wait.go:165.2,176.16 2 0
github.com/e2eterraformprovider/terraform-provider-e2e/e2e/util/wait.go:176.16,178.3 1 0
github.com/e2eterraformprovider/terraform-provider-e2e/e2e/util/wait.go:180.2,181.12 2 0
github.com/e2eterraformprovider/terraform-provider-e2e/e2e/util/wait.go:191.95,194.16 3 0
github.com/e2eterraformprovider/terraform-provider-e2e/e2e/util/wait.go:194.16,196.3 1 0
github.com/e2eterraformprovider/terraform-provider-e2e/e2e/util/wait.go:198.2,207.53 4 0
github.com/e2eterraformprovider/terraform-provider-e2e/e2e/util/wait.go:207.53,211.17 3 0
github.com/e2eterraformprovider/terraform-provider-e2e/e2e/util/wait.go:211.17,213.4 1 0
github.com/e2eterraformprovider/terraform-provider-e2e/e2e/util/wait.go:215.3,215.22 1 0
github.com/e2eterraformprovider/terraform-provider-e2e/e2e/util/wait.go:215.22,217.4 1 0
github.com/e2eterraformprovider/terraform-provider-e2e/e2e/util/wait.go:219.3,223.46 3 0
github.com/e2eterraformprovider/terraform-provider-e2e/e2e/util/wait.go:223.46,224.29 1 0
github.com/e2eterraformprovider/terraform-provider-e2e/e2e/util/wait.go:224.29,226.5 1 0
github.com/e2eterraformprovider/terraform-provider-e2e/e2e/util/wait.go:230.3,230.54 1 0
github.com/e2eterraformprovider/terraform-provider-e2e/e2e/util/wait.go:233.2,244.16 2 0
github.com/e2eterraformprovider/terraform-provider-e2e/e2e/util/wait.go:244.16,246.3 1 0
github.com/e2eterraformprovider/terraform-provider-e2e/e2e/util/wait.go:248.2,249.12 2 0
github.com/e2eterraformprovider/terraform-provider-e2e/e2e/util/wait.go:258.99,261.16 3 0
github.com/e2eterraformprovider/terraform-provider-e2e/e2e/util/wait.go:261.16,263.3 1 0
github.com/e2eterraformprovider/terraform-provider-e2e/e2e/util/wait.go:265.2,268.53 3 0
github.com/e2eterraformprovider/terraform-provider-e2e/e2e/util/wait.go:268.53,270.17 2 0
github.com/e2eterraformprovider/terraform-provider-e2e/e2e/util/wait.go:270.17,273.4 2 0
github.com/e2eterraformprovider/terraform-provider-e2e/e2e/util/wait.go:275.3,275.21 1 0
github.com/e2eterraformprovider/terraform-provider-e2e/e2e/util/wait.go:275.21,277.4 1 0
github.com/e2eterraformprovider/terraform-provider-e2e/e2e/util/wait.go:279.3,280.38 2 0
github.com/e2eterraformprovider/terraform-provider-e2e/e2e/util/wait.go:283.2,294.16 2 0
github.com/e2eterraformprovider/terraform-provider-e2e/e2e/util/wait.go:294.16,296.3 1 0
github.com/e2eterraformprovider/terraform-provider-e2e/e2e/util/wait.go:298.2,299.12 2 0
github.com/e2eterraformprovider/terraform-provider-e2e/e2e/sweep/sweep.go:19.13,23.2 2 0
github.com/e2eterraformprovider/terraform-provider-e2e/e2e/sweep/sweep.go:25.67,30.18 4 0
github.com/e2eterraformprovider/terraform-provider-e2e/e2e/sweep/sweep.go:30.18,32.3 1 0
github.com/e2eterraformprovider/terraform-provider-e2e/e2e/sweep/sweep.go:34.2,34.21 1 0
github.com/e2eterraformprovider/terraform-provider-e2e/e2e/sweep/sweep.go:34.21,36.3 1 0
github.com/e2eterraformprovider/terraform-provider-e2e/e2e/sweep/sweep.go:38.2,38.23 1 0
github.com/e2eterraformprovider/terraform-provider-e2e/e2e/sweep/sweep.go:38.23,40.3 1 0
github.com/e2eterraformprovider/terraform-provider-e2e/e2e/sweep/sweep.go:42.2,43.16 2 0
github.com/e2eterraformprovider/terraform-provider-e2e/e2e/sweep/sweep.go:43.16,45.3 1 0
github.com/e2eterraformprovider/terraform-provider-e2e/e2e/sweep/sweep.go:47.2,47.17 1 0
github.com/e2eterraformprovider/terraform-provider-e2e/e2e/sweep/sweep.go:66.57,68.25 1 0
github.com/e2eterraformprovider/terraform-provider-e2e/e2e/sweep/sweep.go:68.25,70.3 1 0
github.com/e2eterraformprovider/terraform-provider-e2e/e2e/sweep/sweep.go:71.2,71.22 1 0
github.com/e2eterraformprovider/terraform-provider-e2e/e2e/sweep/sweep.go:71.22,73.3 1 0
github.com/e2eterraformprovider/terraform-provider-e2e/e2e/sweep/sweep.go:76.2,77.16 2 0
github.com/e2eterraformprovider/terraform-provider-e2e/e2e/sweep/sweep.go:77.16,79.3 1 0
github.com/e2eterraformprovider/terraform-provider-e2e/e2e/sweep/sweep.go:82.2,83.16 2 0
github.com/e2eterraformprovider/terraform-provider-e2e/e2e/sweep/sweep.go:83.16,85.3 1 0
github.com/e2eterraformprovider/terraform-provider-e2e/e2e/sweep/sweep.go:87.2,87.20 1 0
